version 2
JvmtiExport can_access_local_variables 0
JvmtiExport can_hotswap_or_post_breakpoint 1
JvmtiExport can_post_on_exceptions 0
# 205 ciObject found
instanceKlass org/hl7/fhir/r5/terminologies/utilities/TerminologyCache
ciInstanceKlass java/lang/Cloneable 1 0 7 100 1 100 1 1 1
instanceKlass org/commonmark/internal/renderer/text/ListHolder
instanceKlass org/commonmark/renderer/text/TextContentWriter
instanceKlass org/commonmark/renderer/text/TextContentRenderer$RendererContext
instanceKlass org/commonmark/renderer/text/TextContentNodeRendererContext
instanceKlass org/commonmark/renderer/text/TextContentRenderer$1
instanceKlass org/commonmark/ext/gfm/tables/TablesExtension$2
instanceKlass org/commonmark/renderer/text/TextContentRenderer$Builder
instanceKlass org/commonmark/renderer/text/TextContentRenderer
instanceKlass org/hl7/fhir/r5/fhirpath/TypeDetails$1
instanceKlass org/hl7/fhir/r5/fhirpath/FHIRPathEngine$ElementDefinitionMatch
instanceKlass org/hl7/fhir/r5/fhirpath/FHIRPathEngine$ExecutionTypeContext
instanceKlass org/hl7/fhir/r5/fhirpath/TypeDetails$ProfiledType
instanceKlass org/hl7/fhir/r5/fhirpath/TypeDetails
instanceKlass org/hl7/fhir/validation/instance/type/StructureDefinitionValidator$SourcedInvariant
instanceKlass org/hl7/fhir/r5/model/StructureDefinition$1
instanceKlass org/hl7/fhir/r5/utils/DefinitionNavigator
instanceKlass org/hl7/fhir/convertors/loaders/loaderR5/NullLoaderKnowledgeProviderR5
instanceKlass org/hl7/fhir/validation/ValidatorUtils
instanceKlass org/hl7/fhir/r5/elementmodel/Manager$1
instanceKlass org/hl7/fhir/r5/elementmodel/Manager
instanceKlass  @bci org/hl7/fhir/utilities/regex/RegexTimeout replaceAll (Ljava/lang/CharSequence;Ljava/lang/String;Ljava/lang/String;J)Ljava/lang/String; 3 <appendix> member <vmtarget> ; # org/hl7/fhir/utilities/regex/RegexTimeout$$Lambda+0x000000003798e5f8
instanceKlass com/ibm/icu/text/PluralRules$2
instanceKlass com/ibm/icu/text/PluralRules$BinaryConstraint
instanceKlass com/ibm/icu/text/PluralRules$RangeConstraint
instanceKlass com/ibm/icu/text/PluralRules$SimpleTokenizer
instanceKlass com/ibm/icu/text/PluralRules$DecimalQuantitySamplesRange
instanceKlass com/ibm/icu/impl/number/DecimalQuantity_AbstractBCD$1
instanceKlass com/ibm/icu/text/PluralRules$DecimalQuantitySamples
instanceKlass com/ibm/icu/impl/locale/BaseLocale$Key
instanceKlass com/ibm/icu/impl/locale/LocaleObjectCache
instanceKlass com/ibm/icu/impl/locale/BaseLocale
instanceKlass com/ibm/icu/impl/UResource
instanceKlass com/ibm/icu/impl/UResource$Key
instanceKlass  @bci com/ibm/icu/impl/ICUResourceBundle instantiateBundle (Ljava/lang/String;Ljava/lang/String;Ljava/lang/String;Ljava/lang/String;Ljava/lang/ClassLoader;Lcom/ibm/icu/impl/ICUResourceBundle$OpenType;)Lcom/ibm/icu/impl/ICUResourceBundle; 93 <appendix> form vmentry <vmtarget> ; # java/lang/invoke/LambdaForm$MH+0x0000000037988400
instanceKlass  @bci com/ibm/icu/impl/ICUResourceBundle instantiateBundle (Ljava/lang/String;Ljava/lang/String;Ljava/lang/String;Ljava/lang/String;Ljava/lang/ClassLoader;Lcom/ibm/icu/impl/ICUResourceBundle$OpenType;)Lcom/ibm/icu/impl/ICUResourceBundle; 93 <appendix> form names 6 function resolvedHandle form vmentry <vmtarget> ; # java/lang/invoke/LambdaForm$DMH+0x0000000037988000
instanceKlass com/ibm/icu/util/UResourceBundle$1
instanceKlass com/ibm/icu/impl/ICUResourceBundleReader$ResourceCache$Level
instanceKlass com/ibm/icu/impl/LocaleIDs
instanceKlass com/ibm/icu/impl/ICUResourceBundle$WholeBundle
instanceKlass com/ibm/icu/impl/ICUResourceBundleReader$ResourceCache
instanceKlass com/ibm/icu/impl/ICUConfig
instanceKlass com/ibm/icu/impl/ICUBinary
instanceKlass com/ibm/icu/impl/ICUResourceBundleReader$ReaderCacheKey
instanceKlass com/ibm/icu/impl/ICUResourceBundle$Loader
instanceKlass com/ibm/icu/impl/ICUResourceBundleReader$IsAcceptable
instanceKlass com/ibm/icu/impl/ICUBinary$Authenticate
instanceKlass com/ibm/icu/impl/ICUResourceBundleReader
instanceKlass com/ibm/icu/impl/ICUResourceBundle$4
instanceKlass com/ibm/icu/impl/ICUDebug
instanceKlass com/ibm/icu/impl/ClassLoaderUtil
instanceKlass com/ibm/icu/impl/ICUData
instanceKlass com/ibm/icu/impl/UResource$Value
instanceKlass com/ibm/icu/impl/UResource$Array
instanceKlass com/ibm/icu/impl/UResource$Table
instanceKlass com/ibm/icu/impl/ICUResourceBundleReader$Container
instanceKlass com/ibm/icu/text/PluralRules$Factory
instanceKlass com/ibm/icu/util/ULocale$Type
# instanceKlass java/lang/invoke/LambdaForm$MH+0x0000000037980400
# instanceKlass java/lang/invoke/LambdaForm$MH+0x0000000037980000
instanceKlass com/ibm/icu/util/ULocale$3
instanceKlass java/io/ObjectOutput
instanceKlass java/io/ObjectStreamConstants
instanceKlass java/io/ObjectInput
instanceKlass java/util/Locale$LanguageRange
instanceKlass java/util/Locale$LocaleNameGetter
instanceKlass java/util/Locale$LocaleKey
instanceKlass com/ibm/icu/util/ULocale$JDKLocaleHelper
instanceKlass com/ibm/icu/impl/CacheValue
instanceKlass com/ibm/icu/impl/locale/AsciiUtil
instanceKlass com/ibm/icu/impl/LocaleIDParser
instanceKlass com/ibm/icu/impl/CacheBase
instanceKlass com/ibm/icu/util/ULocale
instanceKlass com/ibm/icu/impl/UResource$Sink
instanceKlass com/ibm/icu/impl/number/range/StandardPluralRanges
instanceKlass com/ibm/icu/text/PluralRules$RuleList
instanceKlass com/ibm/icu/text/PluralRules$Rule
instanceKlass com/ibm/icu/text/PluralRules$1
instanceKlass com/ibm/icu/impl/number/DecimalQuantity_AbstractBCD
instanceKlass com/ibm/icu/impl/Utility
instanceKlass com/ibm/icu/impl/PatternProps
instanceKlass com/ibm/icu/text/UTF16
instanceKlass com/ibm/icu/impl/RuleCharacterIterator$Position
instanceKlass com/ibm/icu/impl/RuleCharacterIterator
instanceKlass com/ibm/icu/util/VersionInfo
instanceKlass com/ibm/icu/impl/BMPSet
instanceKlass com/ibm/icu/text/UnicodeSet$Filter
instanceKlass com/ibm/icu/text/UnicodeFilter
instanceKlass com/ibm/icu/text/UnicodeMatcher
instanceKlass com/ibm/icu/util/Freezable
instanceKlass com/ibm/icu/text/PluralRules$Constraint
instanceKlass com/ibm/icu/impl/number/DecimalQuantity
instanceKlass com/ibm/icu/text/PluralRules$IFixedDecimal
instanceKlass com/ibm/icu/text/PluralRules
instanceKlass org/hl7/fhir/r5/terminologies/validation/ValueSetValidator$StringWithCodes
instanceKlass jdk/internal/reflect/FieldAccessorImpl
instanceKlass jdk/internal/reflect/FieldAccessor
instanceKlass org/hl7/fhir/r5/extensions/ExtensionDefinitions
instanceKlass  @bci java/util/regex/CharPredicates ASCII_WORD ()Ljava/util/regex/Pattern$BmpCharPredicate; 0 <appendix> argL0 ; # java/util/regex/CharPredicates$$Lambda+0x0000000037978cc8
instanceKlass org/hl7/fhir/validation/instance/utils/MimeTypeUtil
instanceKlass org/hl7/fhir/validation/instance/utils/Base64Util
instanceKlass org/hl7/fhir/utilities/UnicodeUtilities$StateStack
instanceKlass org/hl7/fhir/validation/instance/type/ValueSetValidator$1
instanceKlass org/hl7/fhir/r5/utils/validation/IValidatorResourceFetcher$ResourceVersionInformation
instanceKlass  @bci org/hl7/fhir/utilities/regex/RegexTimeout find (Ljava/lang/CharSequence;Ljava/lang/String;J)Z 2 <appendix> member <vmtarget> ; # org/hl7/fhir/utilities/regex/RegexTimeout$$Lambda+0x0000000037950450
instanceKlass org/hl7/fhir/validation/instance/SpecialExtensions
instanceKlass org/hl7/fhir/r5/model/OperationOutcome$1
instanceKlass  @bci org/hl7/fhir/r5/model/CodeableConcept removeCoding (Ljava/lang/String;Ljava/lang/String;Ljava/lang/String;)V 7 <appendix> member <vmtarget> ; # org/hl7/fhir/r5/model/CodeableConcept$$Lambda+0x000000003794daa8
instanceKlass org/hl7/fhir/validation/codesystem/CodingsObserver$CodingUsage
instanceKlass org/hl7/fhir/r5/context/IWorkerContext$SystemSupportInformation
instanceKlass org/hl7/fhir/r5/elementmodel/ObjectConverter
instanceKlass org/hl7/fhir/validation/instance/type/XhtmlValidator$1
instanceKlass org/hl7/fhir/validation/instance/utils/UrlUtil
instanceKlass org/hl7/fhir/r5/terminologies/validation/ValueSetValidator$1
instanceKlass org/hl7/fhir/r5/terminologies/providers/CodeSystemProvider
instanceKlass org/hl7/fhir/r5/fhirpath/FHIRPathEngine$ExecutionContext
instanceKlass org/hl7/fhir/validation/instance/InstanceValidator$ExecutedConstraintCacheKey
instanceKlass org/hl7/fhir/utilities/regex/RegexTimeout$InterruptibleCharSequence
instanceKlass java/util/concurrent/FutureTask$WaitNode
instanceKlass java/util/concurrent/FutureTask
instanceKlass java/util/concurrent/RunnableFuture
instanceKlass  @bci java/util/concurrent/Executors$AutoShutdownDelegatedExecutorService <init> (Ljava/util/concurrent/ExecutorService;)V 6 <appendix> member <vmtarget> ; # java/util/concurrent/Executors$AutoShutdownDelegatedExecutorService$$Lambda+0x00000000379780d0
instanceKlass java/util/concurrent/Executors$DelegatedExecutorService
instanceKlass java/util/concurrent/Executors$DefaultThreadFactory
instanceKlass  @bci org/hl7/fhir/utilities/regex/RegexTimeout matches (Ljava/lang/CharSequence;Ljava/lang/String;J)Z 2 <appendix> member <vmtarget> ; # org/hl7/fhir/utilities/regex/RegexTimeout$$Lambda+0x000000003794b498
instanceKlass org/hl7/fhir/utilities/regex/RegexTimeout
instanceKlass org/hl7/fhir/validation/instance/utils/FHIRPathExpressionFixer
instanceKlass org/hl7/fhir/utilities/HTMLUtilities
instanceKlass org/hl7/fhir/utilities/UnicodeUtilities$CharSet
instanceKlass org/hl7/fhir/utilities/UnicodeUtilities
instanceKlass org/hl7/fhir/utilities/ElementDecoration
instanceKlass  @bci org/hl7/fhir/validation/instance/InstanceValidator checkChild (Lorg/hl7/fhir/validation/instance/utils/ValidationContext;Ljava/util/List;Lorg/hl7/fhir/r5/model/StructureDefinition;Lorg/hl7/fhir/r5/model/ElementDefinition;Lorg/hl7/fhir/r5/elementmodel/Element;Lorg/hl7/fhir/r5/elementmodel/Element;Ljava/lang/String;Lorg/hl7/fhir/validation/instance/utils/NodeStack;ZZLorg/hl7/fhir/validation/instance/utils/ElementInfo;Ljava/lang/String;Lorg/hl7/fhir/validation/instance/ResourcePercentageLogger;Lorg/hl7/fhir/r5/model/Base$ValidationMode;)Z 111 <appendix> form vmentry <vmtarget> ; # java/lang/invoke/LambdaForm$MH+0x000000003794c400
instanceKlass org/hl7/fhir/r5/elementmodel/Element$SliceDefinition
instanceKlass org/hl7/fhir/validation/BaseValidator$BooleanHolder
instanceKlass org/hl7/fhir/validation/instance/utils/ElementInfo
instanceKlass org/hl7/fhir/validation/instance/utils/ChildIterator
instanceKlass org/hl7/fhir/r5/model/Base$ValidationInfo
instanceKlass org/hl7/fhir/validation/instance/utils/ResourceValidationTracker
instanceKlass org/hl7/fhir/validation/instance/ResourcePercentageLogger
instanceKlass org/hl7/fhir/validation/BaseValidator$1
instanceKlass org/hl7/fhir/r5/model/Base$ValidationMode
instanceKlass org/hl7/fhir/validation/instance/utils/ValidationContext
instanceKlass org/hl7/fhir/validation/instance/utils/NodeStack
instanceKlass org/hl7/fhir/r5/model/ConceptMap$ConceptMapGroupUnmappedModeEnumFactory
instanceKlass org/hl7/fhir/r4/model/ConceptMap$ConceptMapGroupUnmappedModeEnumFactory
instanceKlass com/google/common/collect/Multimap
instanceKlass org/hl7/fhir/r5/renderers/AdditionalBindingsRenderer
instanceKlass org/hl7/fhir/r5/conformance/profile/BindingResolution
instanceKlass org/hl7/fhir/r5/conformance/profile/ProfileUtilities$ExtensionContext
instanceKlass org/hl7/fhir/r5/model/ElementDefinition$1
instanceKlass  @bci org/hl7/fhir/utilities/xhtml/HierarchicalTableGenerator renderCell (Lorg/hl7/fhir/utilities/xhtml/XhtmlNode;Lorg/hl7/fhir/utilities/xhtml/HierarchicalTableGenerator$Cell;Ljava/lang/String;Ljava/lang/String;Ljava/lang/String;Ljava/util/List;ZLjava/lang/String;Ljava/lang/String;ILjava/lang/String;ILjava/util/Set;Lorg/hl7/fhir/utilities/xhtml/HierarchicalTableGenerator$TableModel;Lorg/hl7/fhir/utilities/xhtml/HierarchicalTableGenerator$Row;ZZLjava/lang/String;Ljava/util/Map;)Lorg/hl7/fhir/utilities/xhtml/XhtmlNode; 261 <adapter> ; # java/lang/invoke/LambdaForm$MH+0x0000000037947800
instanceKlass  @bci org/hl7/fhir/utilities/xhtml/HierarchicalTableGenerator renderCell (Lorg/hl7/fhir/utilities/xhtml/XhtmlNode;Lorg/hl7/fhir/utilities/xhtml/HierarchicalTableGenerator$Cell;Ljava/lang/String;Ljava/lang/String;Ljava/lang/String;Ljava/util/List;ZLjava/lang/String;Ljava/lang/String;ILjava/lang/String;ILjava/util/Set;Lorg/hl7/fhir/utilities/xhtml/HierarchicalTableGenerator$TableModel;Lorg/hl7/fhir/utilities/xhtml/HierarchicalTableGenerator$Row;ZZLjava/lang/String;Ljava/util/Map;)Lorg/hl7/fhir/utilities/xhtml/XhtmlNode; 261 <appendix> form vmentry <vmtarget> ; # java/lang/invoke/LambdaForm$MH+0x0000000037947400
# instanceKlass java/lang/invoke/LambdaForm$BMH+0x0000000037947000
instanceKlass  @bci org/hl7/fhir/utilities/xhtml/HierarchicalTableGenerator renderCell (Lorg/hl7/fhir/utilities/xhtml/XhtmlNode;Lorg/hl7/fhir/utilities/xhtml/HierarchicalTableGenerator$Cell;Ljava/lang/String;Ljava/lang/String;Ljava/lang/String;Ljava/util/List;ZLjava/lang/String;Ljava/lang/String;ILjava/lang/String;ILjava/util/Set;Lorg/hl7/fhir/utilities/xhtml/HierarchicalTableGenerator$TableModel;Lorg/hl7/fhir/utilities/xhtml/HierarchicalTableGenerator$Row;ZZLjava/lang/String;Ljava/util/Map;)Lorg/hl7/fhir/utilities/xhtml/XhtmlNode; 261 <appendix> form names 8 function resolvedHandle form vmentry <vmtarget> ; # java/lang/invoke/LambdaForm$DMH+0x0000000037946c00
instanceKlass com/sun/imageio/plugins/png/CRC
instanceKlass javax/imageio/metadata/IIOMetadata
instanceKlass javax/imageio/IIOImage
instanceKlass com/sun/imageio/plugins/png/RowFilter
instanceKlass javax/imageio/ImageIO$ImageWriterIterator
instanceKlass javax/imageio/spi/FilterIterator
instanceKlass javax/imageio/ImageIO$CanEncodeImageAndFormatFilter
instanceKlass javax/imageio/spi/ServiceRegistry$Filter
instanceKlass sun/awt/util/ThreadGroupUtils
instanceKlass com/sun/imageio/stream/StreamCloser$1
instanceKlass com/sun/imageio/stream/StreamCloser$CloseAction
instanceKlass com/sun/imageio/stream/StreamCloser
instanceKlass sun/nio/fs/WindowsPath$1
instanceKlass java/nio/file/TempFileHelper
instanceKlass javax/imageio/stream/ImageInputStreamImpl
instanceKlass javax/imageio/ImageIO$CacheInfo
instanceKlass javax/imageio/spi/PartialOrderIterator
instanceKlass javax/imageio/ImageTypeSpecifier
instanceKlass javax/imageio/ImageWriter
instanceKlass javax/imageio/ImageTranscoder
instanceKlass javax/imageio/metadata/IIOMetadataFormat
instanceKlass javax/imageio/ImageReader
instanceKlass com/sun/imageio/plugins/jpeg/JPEG
instanceKlass javax/imageio/stream/ImageOutputStream
instanceKlass javax/imageio/spi/DigraphNode
instanceKlass javax/imageio/stream/ImageInputStream
instanceKlass javax/imageio/spi/SubRegistry
instanceKlass sun/awt/PostEventQueue
instanceKlass sun/awt/MostRecentKeyValue
instanceKlass java/awt/Queue
instanceKlass java/awt/EventQueue$2
instanceKlass sun/awt/AWTAccessor$EventQueueAccessor
instanceKlass java/awt/EventQueue$1
instanceKlass java/awt/EventQueue
instanceKlass sun/awt/WeakIdentityHashMap
instanceKlass sun/awt/PlatformGraphicsInfo
instanceKlass java/awt/GraphicsEnvironment
instanceKlass java/awt/Insets
instanceKlass java/awt/Toolkit$1
instanceKlass sun/awt/AWTAccessor$ToolkitAccessor
instanceKlass java/awt/Toolkit
instanceKlass sun/awt/KeyboardFocusManagerPeerProvider
instanceKlass sun/awt/InputMethodSupport
instanceKlass sun/awt/ComponentFactory
instanceKlass sun/awt/AppContext$3
instanceKlass jdk/internal/access/JavaAWTAccess
instanceKlass sun/awt/AppContext$GetAppContextLock
instanceKlass sun/awt/AppContext
instanceKlass javax/imageio/spi/IIOServiceProvider
instanceKlass javax/imageio/spi/RegisterableService
instanceKlass javax/imageio/spi/ServiceRegistry
instanceKlass javax/imageio/ImageIO
instanceKlass java/awt/Color
instanceKlass java/awt/Paint
instanceKlass java/awt/geom/RectangularShape
instanceKlass java/awt/Shape
instanceKlass sun/awt/image/NativeLibLoader
instanceKlass java/awt/image/SampleModel
instanceKlass java/awt/geom/Point2D
instanceKlass sun/java2d/StateTrackableDelegate$2
instanceKlass sun/java2d/StateTrackableDelegate
instanceKlass sun/java2d/StateTrackable
instanceKlass java/awt/image/DataBuffer$1
instanceKlass sun/awt/image/SunWritableRaster$DataStealer
instanceKlass java/awt/image/DataBuffer
instanceKlass java/awt/image/Raster
instanceKlass sun/java2d/cmm/ProfileDeferralInfo
instanceKlass java/awt/color/ICC_Profile$BuiltInProfile
instanceKlass sun/awt/AWTAccessor
instanceKlass  @bci java/awt/color/ICC_Profile <clinit> ()V 0 <appendix> argL0 ; # java/awt/color/ICC_Profile$$Lambda+0x0000000037961928
instanceKlass sun/java2d/cmm/Profile
instanceKlass sun/awt/AWTAccessor$ICC_ProfileAccessor
instanceKlass java/awt/color/ICC_Profile
instanceKlass java/awt/color/ColorSpace$BuiltInSpace
instanceKlass java/awt/color/ColorSpace
instanceKlass java/awt/image/ColorModel$1RGBdefault
instanceKlass java/awt/image/ColorModel
instanceKlass sun/awt/image/SurfaceManager
instanceKlass sun/awt/image/SurfaceManager$ImageAccessor
instanceKlass java/awt/ImageCapabilities
instanceKlass java/awt/Image
instanceKlass java/awt/Transparency
instanceKlass java/awt/image/WritableRenderedImage
instanceKlass  @bci org/hl7/fhir/utilities/xhtml/HierarchicalTableGenerator renderRow (Lorg/hl7/fhir/utilities/xhtml/XhtmlNode;Lorg/hl7/fhir/utilities/xhtml/HierarchicalTableGenerator$Row;ILjava/util/List;Ljava/lang/String;ILjava/util/Set;Lorg/hl7/fhir/utilities/xhtml/HierarchicalTableGenerator$Counter;Lorg/hl7/fhir/utilities/xhtml/HierarchicalTableGenerator$TableModel;)V 147 <adapter> ; # java/lang/invoke/LambdaForm$MH+0x0000000037946400
instanceKlass  @bci org/hl7/fhir/utilities/xhtml/HierarchicalTableGenerator renderRow (Lorg/hl7/fhir/utilities/xhtml/XhtmlNode;Lorg/hl7/fhir/utilities/xhtml/HierarchicalTableGenerator$Row;ILjava/util/List;Ljava/lang/String;ILjava/util/Set;Lorg/hl7/fhir/utilities/xhtml/HierarchicalTableGenerator$Counter;Lorg/hl7/fhir/utilities/xhtml/HierarchicalTableGenerator$TableModel;)V 147 <appendix> form vmentry <vmtarget> ; # java/lang/invoke/LambdaForm$MH+0x0000000037946000
# instanceKlass java/lang/invoke/LambdaForm$BMH+0x0000000037945c00
instanceKlass  @bci org/hl7/fhir/utilities/xhtml/HierarchicalTableGenerator renderCell (Lorg/hl7/fhir/utilities/xhtml/XhtmlNode;Lorg/hl7/fhir/utilities/xhtml/HierarchicalTableGenerator$Cell;Ljava/lang/String;Ljava/lang/String;Ljava/lang/String;Ljava/util/List;ZLjava/lang/String;Ljava/lang/String;ILjava/lang/String;ILjava/util/Set;Lorg/hl7/fhir/utilities/xhtml/HierarchicalTableGenerator$TableModel;Lorg/hl7/fhir/utilities/xhtml/HierarchicalTableGenerator$Row;ZZLjava/lang/String;Ljava/util/Map;)Lorg/hl7/fhir/utilities/xhtml/XhtmlNode; 261 <appendix> argL0 form vmentry <vmtarget> ; # java/lang/invoke/LambdaForm$DMH+0x0000000037945800
instanceKlass  @bci org/hl7/fhir/utilities/xhtml/HierarchicalTableGenerator renderRow (Lorg/hl7/fhir/utilities/xhtml/XhtmlNode;Lorg/hl7/fhir/utilities/xhtml/HierarchicalTableGenerator$Row;ILjava/util/List;Ljava/lang/String;ILjava/util/Set;Lorg/hl7/fhir/utilities/xhtml/HierarchicalTableGenerator$Counter;Lorg/hl7/fhir/utilities/xhtml/HierarchicalTableGenerator$TableModel;)V 147 <appendix> argL0 form vmentry <vmtarget> ; # java/lang/invoke/LambdaForm$DMH+0x0000000037945400
instanceKlass org/hl7/fhir/utilities/xhtml/HierarchicalTableGenerator$Counter
instanceKlass  @bci org/hl7/fhir/utilities/xhtml/HierarchicalTableGenerator renderCell (Lorg/hl7/fhir/utilities/xhtml/XhtmlNode;Lorg/hl7/fhir/utilities/xhtml/HierarchicalTableGenerator$Cell;Ljava/lang/String;Ljava/lang/String;Ljava/lang/String;Ljava/util/List;ZLjava/lang/String;Ljava/lang/String;ILjava/lang/String;ILjava/util/Set;Lorg/hl7/fhir/utilities/xhtml/HierarchicalTableGenerator$TableModel;Lorg/hl7/fhir/utilities/xhtml/HierarchicalTableGenerator$Row;ZZLjava/lang/String;Ljava/util/Map;)Lorg/hl7/fhir/utilities/xhtml/XhtmlNode; 1093 <appendix> form vmentry <vmtarget> ; # java/lang/invoke/LambdaForm$MH+0x0000000037944c00
# instanceKlass java/lang/invoke/LambdaForm$BMH+0x0000000037944800
instanceKlass  @bci org/hl7/fhir/utilities/xhtml/HierarchicalTableGenerator renderCell (Lorg/hl7/fhir/utilities/xhtml/XhtmlNode;Lorg/hl7/fhir/utilities/xhtml/HierarchicalTableGenerator$Cell;Ljava/lang/String;Ljava/lang/String;Ljava/lang/String;Ljava/util/List;ZLjava/lang/String;Ljava/lang/String;ILjava/lang/String;ILjava/util/Set;Lorg/hl7/fhir/utilities/xhtml/HierarchicalTableGenerator$TableModel;Lorg/hl7/fhir/utilities/xhtml/HierarchicalTableGenerator$Row;ZZLjava/lang/String;Ljava/util/Map;)Lorg/hl7/fhir/utilities/xhtml/XhtmlNode; 1093 <appendix> form names 7 function resolvedHandle form vmentry <vmtarget> ; # java/lang/invoke/LambdaForm$DMH+0x0000000037944400
instanceKlass org/hl7/fhir/r5/renderers/StructureDefinitionRenderer$UnusedTracker
instanceKlass org/hl7/fhir/utilities/xhtml/HierarchicalTableGenerator$Row
instanceKlass org/hl7/fhir/utilities/xhtml/HierarchicalTableGenerator$Piece
instanceKlass org/hl7/fhir/utilities/xhtml/HierarchicalTableGenerator$TableModel
instanceKlass org/hl7/fhir/r5/renderers/StructureDefinitionRenderer$1
instanceKlass org/hl7/fhir/r5/renderers/StructureDefinitionRenderer$InternalMarkdownProcessor
instanceKlass org/hl7/fhir/r5/renderers/utils/ElementTable$ElementTableGroupingEngine
instanceKlass org/hl7/fhir/r5/renderers/StructureDefinitionRenderer$ItemWithStatus
instanceKlass org/hl7/fhir/r5/renderers/IMarkdownProcessor
instanceKlass org/hl7/fhir/r5/renderers/CodeSystemRenderer$Translateable
instanceKlass org/hl7/fhir/r5/terminologies/CodeSystemUtilities$CodeSystemNavigator
instanceKlass org/hl7/fhir/r5/renderers/CodeSystemRenderer$1
instanceKlass org/hl7/fhir/r5/comparison/VersionComparisonAnnotation
instanceKlass org/hl7/fhir/r5/renderers/utils/ResourceWrapper$NamedResourceWrapperList
instanceKlass org/hl7/fhir/r5/model/OperationOutcome$IssueTypeEnumFactory
instanceKlass org/hl7/fhir/r5/model/OperationOutcome$IssueSeverityEnumFactory
instanceKlass org/hl7/fhir/r5/terminologies/utilities/ValueSetProcessBase$1
instanceKlass org/hl7/fhir/r5/terminologies/JurisdictionUtilities
instanceKlass org/hl7/fhir/r5/utils/ResourceSorters$CanonicalResourceSortByTypeId
instanceKlass sun/security/rsa/MGF1
instanceKlass sun/security/rsa/RSAPadding
instanceKlass sun/security/rsa/RSACore
instanceKlass sun/security/ssl/ECDHKeyExchange$ECDHECredentials
instanceKlass org/hl7/fhir/r5/model/NamingSystem$NamingSystemIdentifierTypeEnumFactory
instanceKlass org/hl7/fhir/convertors/conv40_50/resources40_50/NamingSystem40_50$1
instanceKlass org/hl7/fhir/r5/model/NamingSystem$NamingSystemTypeEnumFactory
instanceKlass org/hl7/fhir/convertors/conv40_50/resources40_50/NamingSystem40_50
instanceKlass org/hl7/fhir/r4/model/NamingSystem$NamingSystemIdentifierTypeEnumFactory
instanceKlass org/hl7/fhir/r4/model/NamingSystem$NamingSystemTypeEnumFactory
instanceKlass org/hl7/fhir/r5/terminologies/NamingSystemUtilities
instanceKlass java/time/format/DateTimeFormatterBuilder$2
instanceKlass java/time/format/DateTimePrintContext
instanceKlass org/hl7/fhir/r5/renderers/DataRenderer$1
instanceKlass org/hl7/fhir/utilities/xhtml/XhtmlComposer
instanceKlass org/hl7/fhir/r5/model/Narrative$1
instanceKlass org/commonmark/internal/util/Escaping$2
instanceKlass org/commonmark/internal/util/Escaping$1
instanceKlass  @bci java/util/regex/Pattern union (Ljava/util/regex/Pattern$CharPredicate;Ljava/util/regex/Pattern$CharPredicate;Z)Ljava/util/regex/Pattern$CharPredicate; 14 <appendix> member <vmtarget> ; # java/util/regex/Pattern$$Lambda+0x000000003787d060
instanceKlass org/commonmark/internal/util/Escaping$Replacer
instanceKlass org/commonmark/internal/util/Escaping
instanceKlass org/commonmark/ext/gfm/tables/internal/TableNodeRenderer
instanceKlass org/commonmark/node/AbstractVisitor
instanceKlass org/commonmark/node/Visitor
instanceKlass org/commonmark/internal/renderer/NodeRendererMap
instanceKlass org/commonmark/renderer/html/HtmlWriter
instanceKlass org/commonmark/renderer/html/HtmlRenderer$RendererContext
instanceKlass org/commonmark/renderer/html/AttributeProviderContext
instanceKlass org/commonmark/renderer/html/HtmlNodeRendererContext
instanceKlass org/commonmark/renderer/html/HtmlRenderer$1
instanceKlass org/commonmark/renderer/NodeRenderer
instanceKlass org/commonmark/ext/gfm/tables/TablesExtension$1
instanceKlass org/commonmark/renderer/html/DefaultUrlSanitizer
instanceKlass org/commonmark/renderer/html/UrlSanitizer
instanceKlass org/commonmark/renderer/html/HtmlRenderer$Builder
instanceKlass org/commonmark/renderer/html/HtmlRenderer
instanceKlass org/commonmark/renderer/Renderer
instanceKlass org/commonmark/internal/inline/Position
instanceKlass org/commonmark/internal/LinkReferenceDefinitionParser$1
instanceKlass org/commonmark/internal/inline/Scanner
instanceKlass org/commonmark/parser/SourceLines
instanceKlass org/commonmark/internal/LinkReferenceDefinitionParser
instanceKlass org/commonmark/parser/SourceLine
instanceKlass org/commonmark/internal/util/Parsing
instanceKlass org/commonmark/internal/DocumentParser$OpenBlockParser
instanceKlass org/commonmark/parser/block/AbstractBlockParser
instanceKlass org/commonmark/internal/inline/HtmlInlineParser
instanceKlass org/commonmark/internal/inline/AutolinkInlineParser
instanceKlass org/commonmark/internal/util/AsciiMatcher$Builder
instanceKlass org/commonmark/internal/util/AsciiMatcher
instanceKlass org/commonmark/internal/util/CharMatcher
instanceKlass org/commonmark/internal/inline/EntityInlineParser
instanceKlass org/commonmark/internal/inline/BackticksInlineParser
instanceKlass org/commonmark/internal/inline/BackslashInlineParser
instanceKlass org/commonmark/internal/inline/InlineContentParser
instanceKlass org/commonmark/node/Delimited
instanceKlass org/commonmark/internal/inline/EmphasisDelimiterProcessor
instanceKlass org/commonmark/parser/delimiter/DelimiterProcessor
instanceKlass org/commonmark/parser/delimiter/DelimiterRun
instanceKlass org/commonmark/internal/InlineParserImpl
instanceKlass org/commonmark/internal/inline/InlineParserState
instanceKlass org/commonmark/internal/LinkReferenceDefinitions
instanceKlass org/commonmark/internal/InlineParserContextImpl
instanceKlass org/commonmark/parser/InlineParser
instanceKlass org/commonmark/parser/Parser$Builder$1
instanceKlass org/commonmark/parser/block/AbstractBlockParserFactory
instanceKlass org/commonmark/parser/block/MatchedBlockParser
instanceKlass org/commonmark/parser/block/BlockParser
instanceKlass org/commonmark/internal/DocumentParser
instanceKlass org/commonmark/parser/block/ParserState
instanceKlass org/commonmark/parser/InlineParserFactory
instanceKlass org/commonmark/parser/Parser$Builder
instanceKlass org/commonmark/node/Node
instanceKlass org/commonmark/parser/InlineParserContext
instanceKlass org/commonmark/parser/Parser
instanceKlass org/commonmark/parser/block/BlockParserFactory
instanceKlass org/commonmark/renderer/text/TextContentNodeRendererFactory
instanceKlass org/commonmark/renderer/html/HtmlNodeRendererFactory
instanceKlass org/commonmark/ext/gfm/tables/TablesExtension
instanceKlass org/commonmark/renderer/text/TextContentRenderer$TextContentRendererExtension
instanceKlass org/commonmark/renderer/html/HtmlRenderer$HtmlRendererExtension
instanceKlass org/commonmark/parser/Parser$ParserExtension
instanceKlass org/commonmark/Extension
instanceKlass org/hl7/fhir/utilities/MarkDownProcessor$1
instanceKlass org/hl7/fhir/r5/terminologies/utilities/TerminologyCache$CacheEntry
instanceKlass org/hl7/fhir/r5/terminologies/utilities/ValidationResult
instanceKlass org/hl7/fhir/r5/terminologies/validation/ValueSetValidator$ElementHolder
instanceKlass org/hl7/fhir/r5/terminologies/validation/ValidationProcessInfo
instanceKlass org/hl7/fhir/utilities/i18n/LanguageTag
instanceKlass org/hl7/fhir/r5/terminologies/utilities/ValueSetProcessBase$AlternateCodesProcessingRules
instanceKlass  @bci sun/management/spi/PlatformMBeanProvider$PlatformComponent getMBeans (Ljava/lang/Class;)Ljava/util/List; 63 <appendix> member <vmtarget> ; # sun/management/spi/PlatformMBeanProvider$PlatformComponent$$Lambda+0x000000003787ce10
instanceKlass  @bci sun/management/spi/PlatformMBeanProvider$PlatformComponent getMBeans (Ljava/lang/Class;)Ljava/util/List; 47 <appendix> member <vmtarget> ; # sun/management/spi/PlatformMBeanProvider$PlatformComponent$$Lambda+0x000000003787cbb0
instanceKlass java/util/Collections$2
instanceKlass sun/management/RuntimeImpl
instanceKlass java/util/stream/ReduceOps$2ReducingSink
instanceKlass  @bci java/lang/management/ManagementFactory$PlatformMBeanFinder findSingleton (Ljava/lang/Class;)Lsun/management/spi/PlatformMBeanProvider$PlatformComponent; 30 <appendix> member <vmtarget> ; # java/lang/management/ManagementFactory$PlatformMBeanFinder$$Lambda+0x000000003787c040
instanceKlass  @bci java/lang/management/ManagementFactory$PlatformMBeanFinder findSingleton (Ljava/lang/Class;)Lsun/management/spi/PlatformMBeanProvider$PlatformComponent; 19 <appendix> member <vmtarget> ; # java/lang/management/ManagementFactory$PlatformMBeanFinder$$Lambda+0x000000003787bde0
instanceKlass jdk/management/jfr/internal/FlightRecorderMXBeanProvider$SingleMBeanComponent
instanceKlass jdk/management/jfr/FlightRecorderMXBean
instanceKlass java/lang/management/DefaultPlatformMBeanProvider$11
instanceKlass java/lang/management/DefaultPlatformMBeanProvider$10
instanceKlass java/lang/management/DefaultPlatformMBeanProvider$9
instanceKlass sun/management/ManagementFactoryHelper$LoggingMXBeanAccess
instanceKlass java/lang/management/DefaultPlatformMBeanProvider$8
instanceKlass java/lang/management/DefaultPlatformMBeanProvider$7
instanceKlass java/lang/management/DefaultPlatformMBeanProvider$6
instanceKlass java/lang/management/DefaultPlatformMBeanProvider$5
instanceKlass java/lang/management/DefaultPlatformMBeanProvider$4
instanceKlass java/lang/management/DefaultPlatformMBeanProvider$3
instanceKlass java/lang/management/DefaultPlatformMBeanProvider$2
instanceKlass java/lang/management/DefaultPlatformMBeanProvider$1
instanceKlass java/util/concurrent/Callable
instanceKlass com/sun/management/internal/PlatformMBeanProviderImpl$6
instanceKlass sun/management/VMManagementImpl
instanceKlass sun/management/VMManagement
instanceKlass sun/management/ManagementFactoryHelper
instanceKlass sun/management/NotificationEmitterSupport
instanceKlass javax/management/NotificationEmitter
instanceKlass javax/management/NotificationBroadcaster
instanceKlass com/sun/management/DiagnosticCommandMBean
instanceKlass javax/management/DynamicMBean
instanceKlass com/sun/management/internal/PlatformMBeanProviderImpl$5
instanceKlass com/sun/management/internal/PlatformMBeanProviderImpl$4
instanceKlass jdk/management/VirtualThreadSchedulerMXBean
instanceKlass com/sun/management/internal/PlatformMBeanProviderImpl$3
instanceKlass com/sun/management/internal/PlatformMBeanProviderImpl$2
instanceKlass com/sun/management/internal/PlatformMBeanProviderImpl$1
instanceKlass sun/management/spi/PlatformMBeanProvider$PlatformComponent
instanceKlass sun/management/spi/PlatformMBeanProvider
instanceKlass java/lang/management/ManagementFactory$PlatformMBeanFinder
instanceKlass java/lang/management/RuntimeMXBean
instanceKlass java/lang/management/PlatformManagedObject
instanceKlass java/lang/management/ManagementFactory
instanceKlass org/hl7/fhir/r5/terminologies/utilities/TerminologyOperationContext
instanceKlass org/hl7/fhir/r5/terminologies/utilities/ValueSetProcessBase
instanceKlass org/hl7/fhir/r5/terminologies/utilities/TerminologyCache$NamedCache
instanceKlass  @bci org/hl7/fhir/utilities/validation/ValidationOptions toJson ()Ljava/lang/String; 126 <adapter> ; # java/lang/invoke/LambdaForm$MH+0x0000000037924c00
instanceKlass  @bci org/hl7/fhir/utilities/validation/ValidationOptions toJson ()Ljava/lang/String; 126 <appendix> form vmentry <vmtarget> ; # java/lang/invoke/LambdaForm$MH+0x0000000037924800
instanceKlass  @bci org/hl7/fhir/utilities/validation/ValidationOptions toJson ()Ljava/lang/String; 126 <appendix> form names 14 function resolvedHandle form vmentry <vmtarget> ; # java/lang/invoke/LambdaForm$DMH+0x0000000037924400
instanceKlass org/hl7/fhir/r5/terminologies/utilities/TerminologyCache$ExpParamsJson
instanceKlass org/hl7/fhir/r5/terminologies/utilities/TerminologyCache$CacheToken
instanceKlass org/hl7/fhir/r5/utils/validation/ValidationContextCarrier
instanceKlass org/hl7/fhir/r5/renderers/Renderer$RenderingStatus
instanceKlass java/security/CodeSigner
instanceKlass org/hl7/fhir/r5/renderers/utils/ResourceWrapper
instanceKlass org/hl7/fhir/r5/liquid/LiquidEngine$ILiquidRenderingSupport
instanceKlass org/hl7/fhir/r5/renderers/RendererFactory
instanceKlass java/lang/Thread$ThreadNumbering
instanceKlass org/hl7/fhir/igtools/publisher/DependentIGFinder$1
instanceKlass org/hl7/fhir/igtools/publisher/DependentIGFinder$Triple
instanceKlass okhttp3/internal/connection/ReusePlan
# instanceKlass java/lang/invoke/LambdaForm$MH+0x0000000037914400
# instanceKlass java/lang/invoke/LambdaForm$DMH+0x0000000037914000
instanceKlass kotlin/Pair
instanceKlass org/hl7/fhir/utilities/npm/PackageList
instanceKlass org/hl7/fhir/igtools/publisher/PastProcessHackerUtilities
instanceKlass org/hl7/fhir/igtools/publisher/comparators/PreviousVersionComparator
instanceKlass org/hl7/fhir/r4b/utils/DataTypeVisitor$IDatatypeVisitor
instanceKlass org/hl7/fhir/r4b/model/Base
instanceKlass org/hl7/fhir/igtools/publisher/R4ToR4BAnalyser
instanceKlass org/hl7/fhir/r5/renderers/utils/RenderingContext$RenderingContextLangs
instanceKlass com/nimbusds/jose/util/X509CertChainUtils
instanceKlass com/nimbusds/jose/jwk/KeyUse
instanceKlass com/nimbusds/jose/jwk/KeyUseAndOpsConsistency
instanceKlass com/nimbusds/jose/jwk/KeyType
instanceKlass com/nimbusds/jose/jwk/SecretJWK
instanceKlass com/nimbusds/jose/util/BigIntegerUtils
instanceKlass com/nimbusds/jose/jwk/RSAKey$Builder
instanceKlass java/security/interfaces/RSAPrivateCrtKey
instanceKlass java/security/interfaces/RSAPrivateKey
instanceKlass  @bci sun/security/rsa/RSAKeyFactory generatePrivate (Ljava/security/spec/KeySpec;)Ljava/security/PrivateKey; 6 <appendix> member <vmtarget> ; # sun/security/rsa/RSAKeyFactory$$TypeSwitch+0x00000000378741a0
instanceKlass org/apache/commons/codec/binary/BaseNCodec$Context
instanceKlass org/apache/commons/codec/binary/StringUtils
instanceKlass org/apache/commons/codec/binary/BaseNCodec
instanceKlass org/apache/commons/codec/BinaryDecoder
instanceKlass org/apache/commons/codec/Decoder
instanceKlass org/apache/commons/codec/BinaryEncoder
instanceKlass org/apache/commons/codec/Encoder
instanceKlass com/nimbusds/jose/util/StandardCharset
instanceKlass com/nimbusds/jose/util/Base64Codec
instanceKlass com/nimbusds/jose/util/Base64
instanceKlass com/nimbusds/jose/util/X509CertUtils
instanceKlass com/nimbusds/jose/JWSSigner
instanceKlass com/nimbusds/jose/JWSProvider
instanceKlass com/nimbusds/jose/jca/JCAAware
instanceKlass com/nimbusds/jose/JOSEProvider
instanceKlass com/nimbusds/jose/jwk/CurveBasedJWK
instanceKlass com/nimbusds/jose/jwk/AsymmetricJWK
instanceKlass com/nimbusds/jose/jwk/JWK
instanceKlass org/hl7/fhir/igtools/publisher/PublisherSigner
instanceKlass org/hl7/fhir/utilities/StringPair
instanceKlass org/hl7/fhir/igtools/publisher/parsers/TypeParserR4
instanceKlass com/fasterxml/jackson/core/util/InternalJacksonUtil
instanceKlass org/hl7/fhir/r5/utils/NPMPackageGenerator$1
instanceKlass org/apache/commons/codec/Charsets
instanceKlass org/apache/commons/compress/utils/FixedLengthBlockOutputStream$BufferAtATimeOutputChannel
instanceKlass java/util/zip/Deflater$DeflaterZStreamRef
instanceKlass java/util/zip/Deflater
instanceKlass org/hl7/fhir/r5/utils/NPMPackageGenerator
instanceKlass  @bci org/hl7/fhir/igtools/publisher/PublisherIGLoader applyPerVersionDeps (Lorg/hl7/fhir/r5/model/ImplementationGuide;Ljava/lang/String;Ljava/lang/String;)V 80 <appendix> argL0 ; # org/hl7/fhir/igtools/publisher/PublisherIGLoader$$Lambda+0x00000000378f9000
instanceKlass  @bci org/hl7/fhir/igtools/publisher/PublisherIGLoader applyPerVersionDeps (Lorg/hl7/fhir/r5/model/ImplementationGuide;Ljava/lang/String;Ljava/lang/String;)V 68 <appendix> argL0 ; # org/hl7/fhir/igtools/publisher/PublisherIGLoader$$Lambda+0x00000000378fbbd0
instanceKlass  @bci org/hl7/fhir/igtools/publisher/PublisherIGLoader applyPerVersionDeps (Lorg/hl7/fhir/r5/model/ImplementationGuide;Ljava/lang/String;Ljava/lang/String;)V 10 <appendix> member <vmtarget> ; # org/hl7/fhir/igtools/publisher/PublisherIGLoader$$Lambda+0x00000000378fb970
instanceKlass org/hl7/fhir/r5/conformance/profile/ProfileUtilities$ElementDefinitionComparer
instanceKlass org/hl7/fhir/r5/conformance/profile/ProfileUtilities$ElementDefinitionHolder
instanceKlass  @bci org/hl7/fhir/convertors/conv40_50/datatypes40_50/special40_50/ElementDefinition40_50 convertTypeRefComponent (Lorg/hl7/fhir/r5/model/ElementDefinition$TypeRefComponent;)Lorg/hl7/fhir/r4/model/ElementDefinition$TypeRefComponent; 150 <appendix> argL0 ; # org/hl7/fhir/convertors/conv40_50/datatypes40_50/special40_50/ElementDefinition40_50$$Lambda+0x00000000378fb228
instanceKlass  @bci org/hl7/fhir/convertors/conv40_50/datatypes40_50/special40_50/ElementDefinition40_50 convertElementDefinition (Lorg/hl7/fhir/r5/model/ElementDefinition;)Lorg/hl7/fhir/r4/model/ElementDefinition; 52 <appendix> argL0 ; # org/hl7/fhir/convertors/conv40_50/datatypes40_50/special40_50/ElementDefinition40_50$$Lambda+0x00000000378fafe0
instanceKlass org/hl7/fhir/igtools/publisher/PublisherBase$CanonicalVisitorLatest
instanceKlass org/hl7/fhir/r5/utils/DataTypeVisitor
instanceKlass org/hl7/fhir/r5/model/Property
instanceKlass org/hl7/fhir/convertors/conv40_50/resources40_50/Condition40_50
instanceKlass org/hl7/fhir/r5/model/Enumerations$AdministrativeGenderEnumFactory
instanceKlass org/hl7/fhir/convertors/conv40_50/datatypes40_50/general40_50/HumanName40_50
instanceKlass org/hl7/fhir/convertors/conv40_50/resources40_50/Patient40_50
instanceKlass org/hl7/fhir/convertors/conv40_50/resources40_50/Bundle40_50$1
instanceKlass org/hl7/fhir/r5/model/Bundle$BundleTypeEnumFactory
instanceKlass org/hl7/fhir/convertors/conv40_50/resources40_50/Bundle40_50
instanceKlass org/hl7/fhir/r4/model/Enumerations$AdministrativeGenderEnumFactory
instanceKlass org/hl7/fhir/r4/model/Bundle$BundleTypeEnumFactory
instanceKlass org/hl7/fhir/r5/formats/JsonCreatorDirect
instanceKlass org/hl7/fhir/igtools/publisher/loaders/AdjunctFileLoader
instanceKlass org/hl7/fhir/igtools/publisher/FetchedFile$ProcessingReport
instanceKlass org/hl7/fhir/igtools/publisher/SimpleFetcher$FetchedFileSorter
instanceKlass org/hl7/cql/model/NamespaceInfo
instanceKlass org/hl7/fhir/igtools/publisher/loaders/CqlResourceLoader
instanceKlass org/cqframework/cql/cql2elm/LibrarySourceProvider
instanceKlass org/hl7/cql/model/ModelInfoProvider
instanceKlass org/hl7/fhir/igtools/publisher/CqlSubSystem
instanceKlass org/w3c/dom/Attr
instanceKlass com/sun/org/apache/xerces/internal/dom/NamedNodeMapImpl
instanceKlass org/w3c/dom/NamedNodeMap
instanceKlass org/hl7/fhir/igtools/spreadsheets/MappingSpace
instanceKlass org/w3c/dom/Comment
instanceKlass com/sun/org/apache/xerces/internal/dom/CharacterDataImpl$1
instanceKlass org/w3c/dom/Text
instanceKlass org/w3c/dom/CharacterData
instanceKlass com/sun/org/apache/xerces/internal/dom/DeferredDocumentImpl$RefCount
instanceKlass com/sun/org/apache/xerces/internal/dom/NodeListCache
instanceKlass org/w3c/dom/TypeInfo
instanceKlass org/w3c/dom/ElementTraversal
instanceKlass org/w3c/dom/Element
instanceKlass org/w3c/dom/DocumentType
instanceKlass com/sun/org/apache/xerces/internal/dom/NodeImpl
instanceKlass org/w3c/dom/events/EventTarget
instanceKlass org/w3c/dom/NodeList
instanceKlass org/w3c/dom/Document
instanceKlass org/w3c/dom/ranges/DocumentRange
instanceKlass org/w3c/dom/events/DocumentEvent
instanceKlass org/w3c/dom/traversal/DocumentTraversal
instanceKlass com/sun/org/apache/xerces/internal/dom/DeferredNode
instanceKlass javax/xml/parsers/DocumentBuilder
instanceKlass javax/xml/parsers/DocumentBuilderFactory
instanceKlass java/nio/file/attribute/DosFileAttributeView
instanceKlass  @bci org/apache/commons/io/file/PathUtils getFileNameString (Ljava/nio/file/Path;)Ljava/lang/String; 1 <appendix> argL0 ; # org/apache/commons/io/file/PathUtils$$Lambda+0x00000000378fc4a8
instanceKlass java/nio/file/Files$3
instanceKlass  @bci org/apache/commons/io/file/StandardDeleteOption overrideReadOnly ([Lorg/apache/commons/io/file/DeleteOption;)Z 13 <appendix> argL0 ; # org/apache/commons/io/file/StandardDeleteOption$$Lambda+0x00000000378fc250
instanceKlass  @bci org/apache/commons/io/file/SimplePathVisitor <init> ()V 6 <appendix> member <vmtarget> ; # org/apache/commons/io/file/SimplePathVisitor$$Lambda+0x00000000378fc000
instanceKlass org/apache/commons/io/filefilter/TrueFileFilter
instanceKlass org/apache/commons/io/filefilter/AbstractFileFilter
instanceKlass org/apache/commons/io/file/Counters$LongCounter
instanceKlass org/apache/commons/io/file/Counters$AbstractPathCounters
instanceKlass org/apache/commons/io/file/Counters$Counter
instanceKlass org/apache/commons/io/file/Counters$PathCounters
instanceKlass org/apache/commons/io/file/Counters
instanceKlass java/nio/file/SimpleFileVisitor
instanceKlass org/apache/commons/io/file/PathVisitor
instanceKlass org/apache/commons/io/file/DeleteOption
instanceKlass org/apache/commons/io/file/PathUtils
instanceKlass org/hl7/fhir/igtools/publisher/DependentIGFinder
instanceKlass org/hl7/fhir/utilities/i18n/RegionToLocaleMapper
instanceKlass org/hl7/fhir/r5/conformance/profile/ProfileUtilities$SourcedChildDefinitions
instanceKlass  @bci org/hl7/fhir/r5/utils/DataTypeVisitor visitNode (Ljava/lang/String;Lorg/hl7/fhir/r5/model/Base;Lorg/hl7/fhir/r5/utils/DataTypeVisitor$IDatatypeVisitor;)V 158 <appendix> form vmentry <vmtarget> ; # java/lang/invoke/LambdaForm$MH+0x00000000378f8400
instanceKlass org/hl7/fhir/utilities/NamedItemList
instanceKlass org/hl7/fhir/r5/elementmodel/Property
instanceKlass org/hl7/fhir/r5/elementmodel/ValidatedFragment
instanceKlass org/hl7/fhir/r5/elementmodel/ParserBase
instanceKlass org/hl7/fhir/igtools/publisher/FetchedResource
instanceKlass org/hl7/fhir/utilities/TimeTracker$Session
instanceKlass org/hl7/fhir/utilities/TimeTracker$Counter
instanceKlass org/hl7/fhir/r5/model/ImplementationGuide$1
instanceKlass org/hl7/fhir/utilities/SIDUtilities
instanceKlass org/hl7/fhir/igtools/publisher/ValidationServices
instanceKlass org/hl7/fhir/utilities/OIDUtilities$OIDInfo
instanceKlass org/hl7/fhir/utilities/OIDUtilities
instanceKlass org/hl7/fhir/validation/instance/InstanceValidator$ValidatorHostServices
instanceKlass org/hl7/fhir/validation/instance/utils/EnableWhenEvaluator
instanceKlass org/hl7/fhir/validation/instance/advisor/BasePolicyAdvisorForFullValidation
instanceKlass org/hl7/fhir/validation/ValidationTimeTracker
instanceKlass org/hl7/fhir/utilities/validation/ValidationMessage
instanceKlass org/hl7/fhir/validation/BaseValidator
instanceKlass org/hl7/fhir/r5/utils/validation/IMessagingServices
instanceKlass org/hl7/fhir/r5/utils/validation/ValidationContextCarrier$IValidationContextResourceLoader
instanceKlass org/hl7/fhir/r5/utils/validation/IResourceValidator
instanceKlass org/hl7/fhir/r5/fhirpath/BaseHostServices
instanceKlass org/hl7/fhir/r5/utils/validation/ValidatorSession
instanceKlass org/hl7/fhir/r5/model/Identifier$IdentifierUseEnumFactory
instanceKlass  @bci org/hl7/fhir/r5/conformance/R5ExtensionsLoader stripTypes (Lorg/hl7/fhir/r5/model/ElementDefinition;Lorg/hl7/fhir/r5/model/StructureDefinition;Ljava/util/List;)Z 95 <appendix> member <vmtarget> ; # org/hl7/fhir/r5/conformance/R5ExtensionsLoader$$Lambda+0x00000000378eaba0
instanceKlass  @cpi org/hl7/fhir/r5/conformance/R5ExtensionsLoader 524 form vmentry <vmtarget> ; # java/lang/invoke/LambdaForm$DMH+0x00000000378ec000
instanceKlass  @bci org/hl7/fhir/r5/conformance/R5ExtensionsLoader stripTypes (Lorg/hl7/fhir/r5/model/ElementDefinition;Lorg/hl7/fhir/r5/model/StructureDefinition;Ljava/util/List;)Z 26 <appendix> member <vmtarget> ; # org/hl7/fhir/r5/conformance/R5ExtensionsLoader$$Lambda+0x00000000378ea940
instanceKlass org/hl7/fhir/r5/conformance/R5ExtensionsLoader$Loadable
instanceKlass org/hl7/fhir/r5/conformance/R5ExtensionsLoader
instanceKlass org/hl7/fhir/convertors/conv40_50/datatypes40_50/special40_50/xhtml40_50
instanceKlass org/hl7/fhir/utilities/xhtml/XhtmlParser$NamespaceNormalizationMap
instanceKlass org/hl7/fhir/utilities/xhtml/XhtmlParser$ElementName
instanceKlass org/hl7/fhir/utilities/xhtml/XhtmlNode$Location
instanceKlass org/hl7/fhir/utilities/xhtml/XhtmlParser
instanceKlass  @bci org/sqlite/core/CoreResultSet close ()V 105 <appendix> argL0 ; # org/sqlite/core/CoreResultSet$$Lambda+0x00000000378e8680
instanceKlass  @bci org/sqlite/jdbc3/JDBC3Statement getResultSet ()Ljava/sql/ResultSet; 68 <appendix> argL0 ; # org/sqlite/jdbc3/JDBC3Statement$$Lambda+0x00000000378e8458
instanceKlass  @bci org/sqlite/jdbc3/JDBC3Statement getResultSet ()Ljava/sql/ResultSet; 37 <appendix> argL0 ; # org/sqlite/jdbc3/JDBC3Statement$$Lambda+0x00000000378e8230
instanceKlass  @bci org/sqlite/jdbc3/JDBC3Statement executeQuery (Ljava/lang/String;)Ljava/sql/ResultSet; 11 <appendix> member <vmtarget> ; # org/sqlite/jdbc3/JDBC3Statement$$Lambda+0x00000000378e8000
instanceKlass  @bci org/sqlite/jdbc3/JDBC3PreparedStatement execute ()Z 50 <appendix> member <vmtarget> ; # org/sqlite/jdbc3/JDBC3PreparedStatement$$Lambda+0x00000000378e4400
instanceKlass  @bci org/sqlite/jdbc3/JDBC3PreparedStatement execute ()Z 15 <appendix> argL0 ; # org/sqlite/jdbc3/JDBC3PreparedStatement$$Lambda+0x00000000378e4c10
instanceKlass org/hl7/fhir/convertors/conv40_50/datatypes40_50/special40_50/Narrative40_50$1
instanceKlass org/hl7/fhir/r5/model/Narrative$NarrativeStatusEnumFactory
instanceKlass org/hl7/fhir/convertors/conv40_50/datatypes40_50/special40_50/Narrative40_50
instanceKlass org/hl7/fhir/r4/model/Narrative$NarrativeStatusEnumFactory
instanceKlass org/hl7/fhir/r5/model/ElementDefinition$AdditionalBindingPurposeVSEnumFactory
instanceKlass  @bci org/hl7/fhir/r5/utils/PackageHackerR5 fixLoadedResource (Lorg/hl7/fhir/r5/context/CanonicalResourceManager$CanonicalResourceProxy;Lorg/hl7/fhir/r5/model/PackageInformation;)V 1145 <appendix> argL0 ; # org/hl7/fhir/r5/utils/PackageHackerR5$$Lambda+0x00000000378e6cd8
instanceKlass  @bci org/hl7/fhir/r5/utils/PackageHackerR5 fixLoadedResource (Lorg/hl7/fhir/r5/context/CanonicalResourceManager$CanonicalResourceProxy;Lorg/hl7/fhir/r5/model/PackageInformation;)V 1091 <appendix> argL0 ; # org/hl7/fhir/r5/utils/PackageHackerR5$$Lambda+0x00000000378e6a80
instanceKlass  @bci org/hl7/fhir/r5/context/CanonicalResourceManager see (Lorg/hl7/fhir/r5/context/CanonicalResourceManager$CachedCanonicalResource;)Z 39 <appendix> member <vmtarget> ; # org/hl7/fhir/r5/context/CanonicalResourceManager$$Lambda+0x00000000378e6820
instanceKlass org/hl7/fhir/utilities/xhtml/XhtmlToMarkdownConverter
instanceKlass org/hl7/fhir/igtools/publisher/ConformanceStatementHandler
instanceKlass org/hl7/fhir/igtools/publisher/HTMLInspector
# instanceKlass java/lang/invoke/LambdaForm$DMH+0x00000000378e4000
instanceKlass  @bci org/hl7/fhir/utilities/npm/PackageClient getLatestVersion (Ljava/lang/String;Z)Ljava/lang/String; 11 <appendix> argL0 ; # org/hl7/fhir/utilities/npm/PackageClient$$Lambda+0x00000000378e3810
instanceKlass org/hl7/fhir/utilities/npm/PackageInfo$PackageInfoSorter
instanceKlass org/hl7/fhir/utilities/npm/PackageInfo
instanceKlass java/time/temporal/TemporalQueries$7
instanceKlass java/time/temporal/TemporalQueries$6
instanceKlass java/time/temporal/TemporalQueries$5
instanceKlass java/time/temporal/TemporalQueries$4
instanceKlass java/time/temporal/TemporalQueries$3
instanceKlass java/time/temporal/TemporalQueries$2
instanceKlass java/time/temporal/TemporalQueries$1
instanceKlass java/time/temporal/TemporalQueries
instanceKlass java/time/format/Parsed
instanceKlass java/time/format/DateTimeParseContext
instanceKlass  @bci java/time/OffsetDateTime parse (Ljava/lang/CharSequence;Ljava/time/format/DateTimeFormatter;)Ljava/time/OffsetDateTime; 9 <appendix> argL0 ; # java/time/OffsetDateTime$$Lambda+0x0000000037865728
instanceKlass kotlin/text/MatchGroup
instanceKlass okhttp3/internal/http1/Http1ExchangeCodec$AbstractSource
instanceKlass okio/internal/-Buffer
instanceKlass okhttp3/internal/http1/HeadersReader$Companion
instanceKlass okhttp3/internal/http1/HeadersReader
instanceKlass okhttp3/internal/http1/Http1ExchangeCodec$Companion
instanceKlass okhttp3/internal/http1/Http1ExchangeCodec
instanceKlass sun/security/ssl/ServerNameExtension$SHServerNamesSpec
instanceKlass org/hl7/fhir/utilities/npm/PackageServerHTTPAuthProvider$1
instanceKlass org/hl7/fhir/utilities/npm/PackageServerHTTPAuthProvider
instanceKlass org/hl7/fhir/igtools/publisher/IGKnowledgeProvider
instanceKlass java/io/File$TempDirectory
instanceKlass org/hl7/fhir/r5/elementmodel/LanguageUtils
instanceKlass org/hl7/fhir/utilities/KeyIssuer
instanceKlass org/hl7/fhir/utilities/i18n/AcceptLanguageHeader$LanguageSorter
instanceKlass org/hl7/fhir/utilities/i18n/AcceptLanguageHeader$LanguagePreference
instanceKlass org/hl7/fhir/utilities/i18n/AcceptLanguageHeader
instanceKlass org/hl7/fhir/r5/renderers/Renderer
instanceKlass org/hl7/fhir/r5/renderers/CodeResolver
instanceKlass org/hl7/fhir/r5/context/IOIDServices$OIDDefinition
instanceKlass org/hl7/fhir/utilities/MagicResources
instanceKlass org/hl7/fhir/r5/conformance/profile/ProfileUtilities$ElementDefinitionCounter
instanceKlass  @bci org/hl7/fhir/r5/conformance/profile/ProfileUtilities generateSnapshot (Lorg/hl7/fhir/r5/model/StructureDefinition;Lorg/hl7/fhir/r5/model/StructureDefinition;Ljava/lang/String;Ljava/lang/String;Ljava/lang/String;)V 1566 <adapter> ; # java/lang/invoke/LambdaForm$MH+0x00000000378dac00
instanceKlass  @bci org/hl7/fhir/r5/conformance/profile/ProfileUtilities generateSnapshot (Lorg/hl7/fhir/r5/model/StructureDefinition;Lorg/hl7/fhir/r5/model/StructureDefinition;Ljava/lang/String;Ljava/lang/String;Ljava/lang/String;)V 1566 <appendix> form vmentry <vmtarget> ; # java/lang/invoke/LambdaForm$MH+0x00000000378da800
# instanceKlass java/lang/invoke/LambdaForm$BMH+0x00000000378da400
instanceKlass  @bci org/hl7/fhir/r5/conformance/profile/ProfileUtilities generateSnapshot (Lorg/hl7/fhir/r5/model/StructureDefinition;Lorg/hl7/fhir/r5/model/StructureDefinition;Ljava/lang/String;Ljava/lang/String;Ljava/lang/String;)V 1566 <appendix> form names 9 function resolvedHandle form vmentry <vmtarget> ; # java/lang/invoke/LambdaForm$DMH+0x00000000378da000
instanceKlass  @bci org/hl7/fhir/r5/conformance/profile/ProfileUtilities generateSnapshot (Lorg/hl7/fhir/r5/model/StructureDefinition;Lorg/hl7/fhir/r5/model/StructureDefinition;Ljava/lang/String;Ljava/lang/String;Ljava/lang/String;)V 1566 <appendix> argL0 form vmentry <vmtarget> ; # java/lang/invoke/LambdaForm$DMH+0x00000000378d9c00
instanceKlass org/hl7/fhir/r5/conformance/profile/ProfileUtilities$SliceList
instanceKlass org/hl7/fhir/r5/fhirpath/ExpressionNode$1
instanceKlass org/hl7/fhir/r5/fhirpath/FHIRPathEngine$1
instanceKlass org/hl7/fhir/r5/fhirpath/FHIRPathConstant
instanceKlass org/hl7/fhir/r5/fhirpath/ExpressionNode
instanceKlass org/hl7/fhir/utilities/SourceLocation
instanceKlass org/hl7/fhir/r5/fhirpath/FHIRLexer
instanceKlass  @bci org/hl7/fhir/r5/conformance/profile/ProfileUtilities updateFromDefinition (Lorg/hl7/fhir/r5/model/ElementDefinition;Lorg/hl7/fhir/r5/model/ElementDefinition;Ljava/lang/String;ZLjava/lang/String;Lorg/hl7/fhir/r5/model/StructureDefinition;Lorg/hl7/fhir/r5/model/StructureDefinition;Ljava/lang/String;Lorg/hl7/fhir/r5/conformance/profile/MappingAssistant;Z)V 5164 <appendix> argL0 ; # org/hl7/fhir/r5/conformance/profile/ProfileUtilities$$Lambda+0x00000000378d7848
instanceKlass  @bci org/apache/commons/lang3/builder/EqualsBuilder <clinit> ()V 0 <appendix> argL0 ; # org/apache/commons/lang3/builder/EqualsBuilder$$Lambda+0x00000000378d7620
instanceKlass org/apache/commons/lang3/builder/EqualsBuilder
instanceKlass org/apache/commons/lang3/builder/Builder
instanceKlass  @bci org/hl7/fhir/r5/conformance/profile/ProfileUtilities checkExtensions (Lorg/hl7/fhir/r5/model/ElementDefinition;)V 29 <appendix> argL0 ; # org/hl7/fhir/r5/conformance/profile/ProfileUtilities$$Lambda+0x00000000378d6ea0
instanceKlass  @bci org/hl7/fhir/r5/conformance/profile/ProfileUtilities checkExtensions (Lorg/hl7/fhir/r5/model/ElementDefinition;)V 4 <appendix> argL0 ; # org/hl7/fhir/r5/conformance/profile/ProfileUtilities$$Lambda+0x00000000378d6c48
instanceKlass org/hl7/fhir/r5/model/ExtensionHelper
instanceKlass  @bci org/hl7/fhir/r5/conformance/profile/ProfileUtilities updateExtensionsFromDefinition (Lorg/hl7/fhir/r5/model/Element;Lorg/hl7/fhir/r5/model/Element;Lorg/hl7/fhir/r5/model/StructureDefinition;Lorg/hl7/fhir/r5/model/StructureDefinition;)V 5 <appendix> member <vmtarget> ; # org/hl7/fhir/r5/conformance/profile/ProfileUtilities$$Lambda+0x00000000378d67d8
instanceKlass org/hl7/fhir/r5/conformance/profile/PathSlicingParams
instanceKlass org/hl7/fhir/r5/conformance/profile/ProfilePathProcessorState
instanceKlass org/hl7/fhir/r5/conformance/profile/ProfilePathProcessor
instanceKlass org/hl7/fhir/r5/conformance/profile/MappingAssistant
instanceKlass org/hl7/fhir/r5/conformance/profile/SnapshotGenerationPreProcessor$SliceInfo
instanceKlass org/hl7/fhir/r5/conformance/profile/SnapshotGenerationPreProcessor
instanceKlass  @bci org/hl7/fhir/r5/conformance/profile/ProfileUtilities generateSnapshot (Lorg/hl7/fhir/r5/model/StructureDefinition;Lorg/hl7/fhir/r5/model/StructureDefinition;Ljava/lang/String;Ljava/lang/String;Ljava/lang/String;)V 647 <adapter> ; # java/lang/invoke/LambdaForm$MH+0x00000000378d9400
instanceKlass  @bci org/hl7/fhir/r5/conformance/profile/ProfileUtilities generateSnapshot (Lorg/hl7/fhir/r5/model/StructureDefinition;Lorg/hl7/fhir/r5/model/StructureDefinition;Ljava/lang/String;Ljava/lang/String;Ljava/lang/String;)V 647 <appendix> form vmentry <vmtarget> ; # java/lang/invoke/LambdaForm$MH+0x00000000378d9000
# instanceKlass java/lang/invoke/LambdaForm$BMH+0x00000000378d8c00
instanceKlass  @bci org/hl7/fhir/r5/conformance/profile/ProfileUtilities generateSnapshot (Lorg/hl7/fhir/r5/model/StructureDefinition;Lorg/hl7/fhir/r5/model/StructureDefinition;Ljava/lang/String;Ljava/lang/String;Ljava/lang/String;)V 647 <appendix> form names 10 function resolvedHandle form vmentry <vmtarget> ; # java/lang/invoke/LambdaForm$DMH+0x00000000378d8800
instanceKlass  @bci org/hl7/fhir/r5/conformance/profile/ProfileUtilities generateSnapshot (Lorg/hl7/fhir/r5/model/StructureDefinition;Lorg/hl7/fhir/r5/model/StructureDefinition;Ljava/lang/String;Ljava/lang/String;Ljava/lang/String;)V 647 <appendix> argL0 form vmentry <vmtarget> ; # java/lang/invoke/LambdaForm$DMH+0x00000000378d8400
instanceKlass org/hl7/fhir/utilities/CommaSeparatedStringBuilder
instanceKlass org/hl7/fhir/r5/model/Factory
instanceKlass org/hl7/fhir/r5/model/Enumerations$1
instanceKlass org/hl7/fhir/r5/utils/xver/XVerExtensionManager
instanceKlass org/hl7/fhir/r5/utils/xver/XVerExtensionManagerFactory
instanceKlass org/hl7/fhir/r5/fhirpath/FHIRPathEngine$FHIRPathAnalysis
instanceKlass org/hl7/fhir/utilities/MergedList$IMatcher
instanceKlass org/hl7/fhir/r5/fhirpath/FHIRPathEngine
instanceKlass org/hl7/fhir/utilities/validation/ValidationOptions
instanceKlass org/hl7/fhir/r5/model/DateType$1
instanceKlass org/hl7/fhir/convertors/conv40_50/datatypes40_50/primitive40_50/Date40_50
instanceKlass org/hl7/fhir/convertors/conv40_50/datatypes40_50/general40_50/Quantity40_50$1
instanceKlass org/hl7/fhir/r5/model/Enumerations$QuantityComparatorEnumFactory
instanceKlass org/hl7/fhir/r4/model/DateType$1
instanceKlass org/hl7/fhir/r4/model/Quantity$QuantityComparatorEnumFactory
instanceKlass org/hl7/fhir/convertors/conv40_50/resources40_50/ConceptMap40_50$1
instanceKlass org/hl7/fhir/r5/model/Enumerations$ConceptMapRelationshipEnumFactory
instanceKlass org/hl7/fhir/convertors/conv40_50/resources40_50/ConceptMap40_50
instanceKlass org/hl7/fhir/r4/model/Enumerations$ConceptMapEquivalenceEnumFactory
instanceKlass org/hl7/fhir/convertors/conv40_50/resources40_50/ValueSet40_50$1
instanceKlass org/hl7/fhir/r4/model/ValueSet$FilterOperatorEnumFactory
instanceKlass org/hl7/fhir/convertors/conv40_50/datatypes40_50/metadata40_50/UsageContext40_50
instanceKlass org/hl7/fhir/r5/model/Enumerations$FilterOperatorEnumFactory
instanceKlass  @bci org/hl7/fhir/convertors/conv40_50/resources40_50/CodeSystem40_50 convertCodeSystemFilterComponent (Lorg/hl7/fhir/r4/model/CodeSystem$CodeSystemFilterComponent;)Lorg/hl7/fhir/r5/model/CodeSystem$CodeSystemFilterComponent; 77 <appendix> argL0 ; # org/hl7/fhir/convertors/conv40_50/resources40_50/CodeSystem40_50$$Lambda+0x00000000378ca128
instanceKlass org/hl7/fhir/r4/model/CodeSystem$FilterOperatorEnumFactory
instanceKlass org/hl7/fhir/r5/model/CodeSystem$CodeSystemHierarchyMeaningEnumFactory
instanceKlass org/hl7/fhir/r4/model/CodeSystem$CodeSystemHierarchyMeaningEnumFactory
instanceKlass org/hl7/fhir/r5/model/CodeSystem$PropertyTypeEnumFactory
instanceKlass org/hl7/fhir/r4/model/CodeSystem$PropertyTypeEnumFactory
instanceKlass org/hl7/fhir/r5/terminologies/TerminologyUtilities
instanceKlass org/hl7/fhir/convertors/conv40_50/resources40_50/CodeSystem40_50$1
instanceKlass org/hl7/fhir/r5/model/Enumerations$CodeSystemContentModeEnumFactory
instanceKlass org/hl7/fhir/convertors/conv40_50/resources40_50/CodeSystem40_50
instanceKlass org/hl7/fhir/r4/model/CodeSystem$CodeSystemContentModeEnumFactory
instanceKlass org/hl7/fhir/r5/context/CoreVersionPinner
instanceKlass org/hl7/fhir/r5/conformance/profile/ProfileUtilities$ExampleValueAccessor
instanceKlass org/hl7/fhir/r5/conformance/profile/ProfileUtilities
instanceKlass org/hl7/fhir/r5/context/BaseWorkerContext$BytesFromPackageProvider
instanceKlass org/hl7/fhir/r5/context/BaseWorkerContext$IByteProvider
instanceKlass org/hl7/fhir/convertors/conv40_50/resources40_50/ValueSet40_50
instanceKlass org/hl7/fhir/r4/model/Configuration
instanceKlass org/hl7/fhir/convertors/conv40_50/datatypes40_50/primitive40_50/Decimal40_50
instanceKlass org/hl7/fhir/convertors/conv40_50/datatypes40_50/general40_50/Quantity40_50
instanceKlass org/hl7/fhir/convertors/conv40_50/datatypes40_50/general40_50/Identifier40_50
instanceKlass org/hl7/fhir/convertors/conv40_50/datatypes40_50/general40_50/Period40_50
instanceKlass org/hl7/fhir/convertors/conv40_50/datatypes40_50/primitive40_50/Instant40_50
instanceKlass org/hl7/fhir/convertors/conv40_50/datatypes40_50/special40_50/Meta40_50
instanceKlass org/hl7/fhir/r4/model/InstantType$1
instanceKlass  @bci org/hl7/fhir/r4/model/BaseDateTimeType getTimeZone (Ljava/lang/String;)Ljava/util/TimeZone; 4 <appendix> argL0 ; # org/hl7/fhir/r4/model/BaseDateTimeType$$Lambda+0x00000000378c4dc8
instanceKlass org/hl7/fhir/r5/utils/R5Hacker
instanceKlass org/hl7/fhir/r5/conformance/StructureDefinitionHacker
instanceKlass org/hl7/fhir/r5/model/Enumerations$BindingStrengthEnumFactory
instanceKlass org/hl7/fhir/r5/model/ElementDefinition$SlicingRulesEnumFactory
instanceKlass org/hl7/fhir/r5/model/ElementDefinition$DiscriminatorTypeEnumFactory
instanceKlass  @bci org/hl7/fhir/convertors/conv40_50/datatypes40_50/special40_50/ElementDefinition40_50 convertTypeRefComponent (Lorg/hl7/fhir/r4/model/ElementDefinition$TypeRefComponent;)Lorg/hl7/fhir/r5/model/ElementDefinition$TypeRefComponent; 150 <appendix> argL0 ; # org/hl7/fhir/convertors/conv40_50/datatypes40_50/special40_50/ElementDefinition40_50$$Lambda+0x00000000378c3f88
instanceKlass org/hl7/fhir/r5/model/ElementDefinition$PropertyRepresentationEnumFactory
instanceKlass org/hl7/fhir/convertors/conv40_50/datatypes40_50/special40_50/ElementDefinition40_50$1
instanceKlass org/hl7/fhir/r5/model/ElementDefinition$ConstraintSeverityEnumFactory
instanceKlass org/hl7/fhir/convertors/conv40_50/datatypes40_50/primitive40_50/UnsignedInt40_50
instanceKlass  @bci org/hl7/fhir/convertors/conv40_50/datatypes40_50/special40_50/ElementDefinition40_50 convertElementDefinition (Lorg/hl7/fhir/r4/model/ElementDefinition;)Lorg/hl7/fhir/r5/model/ElementDefinition; 62 <appendix> argL0 ; # org/hl7/fhir/convertors/conv40_50/datatypes40_50/special40_50/ElementDefinition40_50$$Lambda+0x00000000378c23f0
instanceKlass org/hl7/fhir/convertors/conv40_50/datatypes40_50/special40_50/ElementDefinition40_50
instanceKlass org/hl7/fhir/r5/model/StructureDefinition$TypeDerivationRuleEnumFactory
instanceKlass org/hl7/fhir/r5/model/StructureDefinition$ExtensionContextTypeEnumFactory
instanceKlass org/hl7/fhir/convertors/conv40_50/resources40_50/StructureDefinition40_50$1
instanceKlass org/hl7/fhir/r5/model/StructureDefinition$StructureDefinitionKindEnumFactory
instanceKlass org/hl7/fhir/r5/model/DateTimeType$1
instanceKlass org/hl7/fhir/convertors/conv40_50/datatypes40_50/primitive40_50/DateTime40_50
instanceKlass org/hl7/fhir/convertors/conv40_50/datatypes40_50/primitive40_50/Integer40_50
instanceKlass org/hl7/fhir/convertors/conv40_50/resources40_50/StructureDefinition40_50
instanceKlass org/hl7/fhir/r4/model/Enumerations$BindingStrengthEnumFactory
instanceKlass org/hl7/fhir/r4/model/ElementDefinition$SlicingRulesEnumFactory
instanceKlass org/hl7/fhir/r4/model/ElementDefinition$DiscriminatorTypeEnumFactory
instanceKlass org/hl7/fhir/r4/model/ElementDefinition$PropertyRepresentationEnumFactory
instanceKlass org/hl7/fhir/r4/model/ElementDefinition$ConstraintSeverityEnumFactory
instanceKlass org/hl7/fhir/r4/model/StructureDefinition$TypeDerivationRuleEnumFactory
instanceKlass org/hl7/fhir/r4/model/StructureDefinition$ExtensionContextTypeEnumFactory
instanceKlass org/hl7/fhir/r4/model/StructureDefinition$StructureDefinitionKindEnumFactory
instanceKlass org/hl7/fhir/r4/model/DateTimeType$1
instanceKlass java/math/MathContext
instanceKlass org/hl7/fhir/utilities/NaturalOrderComparator
instanceKlass org/hl7/fhir/r5/context/CanonicalResourceManager$MetadataResourceVersionComparator
instanceKlass org/hl7/fhir/r5/context/BaseWorkerContext$ResourceProxy
instanceKlass org/hl7/fhir/r5/context/CanonicalResourceManager$CachedCanonicalResource
instanceKlass org/hl7/fhir/r5/utils/PackageHackerR5
instanceKlass org/hl7/fhir/utilities/npm/NpmPackage$PackageResourceInformation
instanceKlass org/hl7/fhir/r5/model/PackageInformation
instanceKlass org/hl7/fhir/r5/context/BaseWorkerContext$OIDSource
instanceKlass org/hl7/fhir/convertors/txClient/TerminologyClientFactory
instanceKlass org/hl7/fhir/utilities/npm/PackageLoadController
instanceKlass org/hl7/fhir/r5/context/ContextUtilities
instanceKlass org/hl7/fhir/utilities/i18n/subtag/LanguageSubtagRegistryLoader$Record
instanceKlass java/util/regex/Matcher$ImmutableMatchResult
instanceKlass java/util/Scanner$PatternLRUCache
instanceKlass  @bci java/util/regex/Pattern and (Ljava/util/regex/Pattern$CharPredicate;Ljava/util/regex/Pattern$CharPredicate;Z)Ljava/util/regex/Pattern$CharPredicate; 14 <appendix> member <vmtarget> ; # java/util/regex/Pattern$$Lambda+0x0000000037864728
instanceKlass  @bci java/util/regex/CharPredicates forProperty (Ljava/lang/String;Z)Ljava/util/regex/Pattern$CharPredicate; 2625 <appendix> argL0 ; # java/util/regex/CharPredicates$$Lambda+0x00000000378644c0
instanceKlass  @bci java/util/regex/CharPredicates forProperty (Ljava/lang/String;Z)Ljava/util/regex/Pattern$CharPredicate; 2705 <appendix> argL0 ; # java/util/regex/CharPredicates$$Lambda+0x0000000037864258
instanceKlass java/util/Scanner
instanceKlass org/hl7/fhir/utilities/i18n/subtag/Subtag
instanceKlass org/hl7/fhir/utilities/i18n/subtag/LanguageSubtagRegistryLoader
instanceKlass org/hl7/fhir/utilities/i18n/subtag/LanguageSubtagRegistry
instanceKlass java/util/ResourceBundle$CacheKeyReference
instanceKlass java/util/ResourceBundle$CacheKey
instanceKlass  @bci java/util/stream/ReferencePipeline toArray ()[Ljava/lang/Object; 1 <appendix> argL0 ; # java/util/stream/ReferencePipeline$$Lambda+0x0000000037862d60
instanceKlass  @bci java/util/ResourceBundle$ResourceBundleControlProviderHolder <clinit> ()V 11 <appendix> argL0 ; # java/util/ResourceBundle$ResourceBundleControlProviderHolder$$Lambda+0x0000000037862b18
instanceKlass java/util/ServiceLoader$ProviderSpliterator
instanceKlass java/util/spi/ResourceBundleControlProvider
instanceKlass java/util/ResourceBundle$ResourceBundleControlProviderHolder
instanceKlass org/apache/commons/collections4/map/PassiveExpiringMap$ConstantTimeToLiveExpirationPolicy
instanceKlass org/apache/commons/collections4/map/PassiveExpiringMap$ExpirationPolicy
instanceKlass org/apache/commons/collections4/MapIterator
instanceKlass org/apache/commons/collections4/map/AbstractIterableMap
instanceKlass org/apache/commons/collections4/IterableMap
instanceKlass org/apache/commons/collections4/IterableGet
instanceKlass org/apache/commons/collections4/Get
instanceKlass org/apache/commons/collections4/Put
instanceKlass org/hl7/fhir/r5/terminologies/utilities/CommonsTerminologyCapabilitiesCache
instanceKlass org/hl7/fhir/r5/terminologies/utilities/TerminologyCache$SystemNameKeyGenerator
instanceKlass org/hl7/fhir/r5/terminologies/utilities/TerminologyCapabilitiesCache
instanceKlass org/hl7/fhir/r5/terminologies/utilities/TerminologyCache
instanceKlass org/hl7/fhir/r5/terminologies/ImplicitValueSets
instanceKlass org/hl7/fhir/r5/terminologies/client/ITerminologyClient
instanceKlass org/hl7/fhir/r5/terminologies/client/TerminologyClientR5$TerminologyClientR5Factory
instanceKlass org/hl7/fhir/r5/terminologies/client/TerminologyClientManager
instanceKlass org/hl7/fhir/r5/context/TypeManager
instanceKlass org/hl7/fhir/r5/context/CanonicalResourceManager
instanceKlass org/hl7/fhir/r5/context/CanonicalResourceManager$CanonicalResourceProxy
instanceKlass org/hl7/fhir/utilities/ToolingClientLogger
instanceKlass org/hl7/fhir/r5/context/IOIDServices
instanceKlass org/hl7/fhir/r5/context/IWorkerContextManager
instanceKlass org/hl7/fhir/r5/context/Slf4JLoggingService
instanceKlass org/hl7/fhir/r5/context/SimpleWorkerContext$SimpleWorkerContextBuilder
instanceKlass org/hl7/fhir/convertors/loaders/loaderR5/BaseLoaderR5
instanceKlass org/hl7/fhir/igtools/publisher/SpecialTypeHandler
instanceKlass org/hl7/fhir/igtools/publisher/loaders/LoaderUtils
instanceKlass org/hl7/fhir/igtools/publisher/SpecMapManager
instanceKlass org/hl7/fhir/utilities/MarkDownProcessor
instanceKlass java/awt/image/RenderedImage
instanceKlass org/hl7/fhir/utilities/xhtml/HierarchicalTableGenerator$Cell
instanceKlass org/hl7/fhir/utilities/xhtml/HierarchicalTableGenerator
instanceKlass org/hl7/fhir/r5/extensions/ExtensionUtilities
instanceKlass org/hl7/fhir/utilities/SemverParser$ParseResult
instanceKlass org/hl7/fhir/utilities/SemverParser
instanceKlass org/hl7/fhir/utilities/VersionUtilities
instanceKlass org/hl7/fhir/r4/model/ImplementationGuide$1
instanceKlass org/hl7/fhir/r5/model/ImplementationGuide$SPDXLicenseEnumFactory
instanceKlass org/hl7/fhir/r4/model/ImplementationGuide$SPDXLicenseEnumFactory
instanceKlass org/xmlpull/mxp1_serializer/MXSerializer
instanceKlass org/xmlpull/v1/XmlSerializer
instanceKlass org/xmlpull/mxp1/MXParser
instanceKlass org/xmlpull/v1/XmlPullParser
instanceKlass org/xmlpull/v1/XmlPullParserFactory
instanceKlass org/apache/tools/ant/types/resources/LazyResourceCollectionWrapper$CachedIterator
instanceKlass org/apache/tools/ant/types/resources/LazyResourceCollectionWrapper$FilteringIterator
instanceKlass  @bci org/apache/tools/ant/types/resources/LazyResourceCollectionWrapper <init> ()V 17 <appendix> member <vmtarget> ; # org/apache/tools/ant/types/resources/LazyResourceCollectionWrapper$$Lambda+0x00000000378ae770
instanceKlass  @bci org/apache/tools/ant/types/resources/Intersect getCollection ()Ljava/util/Collection; 100 <appendix> member <vmtarget> ; # org/apache/tools/ant/types/resources/Intersect$$Lambda+0x00000000378ab058
instanceKlass  @bci java/util/stream/Collectors toSet ()Ljava/util/stream/Collector; 14 <appendix> argL0 ; # java/util/stream/Collectors$$Lambda+0x800000040
instanceKlass  @bci java/util/stream/Collectors toSet ()Ljava/util/stream/Collector; 9 <appendix> argL0 ; # java/util/stream/Collectors$$Lambda+0x0000000037861d38
instanceKlass  @bci java/util/stream/Collectors toSet ()Ljava/util/stream/Collector; 4 <appendix> argL0 ; # java/util/stream/Collectors$$Lambda+0x0000000037861b10
instanceKlass  @bci org/apache/tools/ant/DirectoryScanner couldHoldIncluded (Lorg/apache/tools/ant/types/selectors/TokenizedPath;)Z 36 <appendix> member <vmtarget> ; # org/apache/tools/ant/DirectoryScanner$$Lambda+0x00000000378aadf8
instanceKlass  @bci org/apache/tools/ant/DirectoryScanner couldHoldIncluded (Lorg/apache/tools/ant/types/selectors/TokenizedPath;)Z 21 <appendix> argL0 ; # org/apache/tools/ant/DirectoryScanner$$Lambda+0x00000000378aabb0
instanceKlass org/apache/tools/ant/types/resources/FileResourceIterator
instanceKlass  @bci org/apache/tools/ant/types/resources/Resources$MyCollection getCache ()Ljava/util/Collection; 32 <appendix> member <vmtarget> ; # org/apache/tools/ant/types/resources/Resources$MyCollection$$Lambda+0x00000000378aa6f0
instanceKlass org/apache/tools/ant/types/resources/Resources$MyCollection$MyIterator
instanceKlass  @bci org/apache/tools/ant/types/resources/Intersect getCollection ()Ljava/util/Collection; 53 <appendix> argL0 ; # org/apache/tools/ant/types/resources/Intersect$$Lambda+0x00000000378a9eb0
instanceKlass org/apache/tools/ant/types/resources/FailFast
instanceKlass org/apache/tools/ant/types/resources/Resources$2
instanceKlass org/apache/tools/ant/types/resources/Resources$1
instanceKlass org/apache/tools/ant/IntrospectionHelper$MethodAndObject
# instanceKlass java/lang/invoke/LambdaForm$MH+0x00000000378ad000
# instanceKlass java/lang/invoke/LambdaForm$MH+0x00000000378acc00
# instanceKlass java/lang/invoke/LambdaForm$MH+0x00000000378ac800
# instanceKlass java/lang/invoke/LambdaForm$BMH+0x00000000378ac400
# instanceKlass java/lang/invoke/LambdaForm$DMH+0x00000000378ac000
instanceKlass org/apache/tools/ant/types/Parameter
instanceKlass org/apache/tools/ant/util/Tokenizer
instanceKlass org/apache/tools/ant/filters/TokenFilter$Filter
instanceKlass org/apache/tools/ant/filters/ChainableReader
instanceKlass  @bci org/apache/tools/ant/taskdefs/Concat <init> ()V 42 <appendix> argL0 ; # org/apache/tools/ant/taskdefs/Concat$$Lambda+0x00000000378a2d48
instanceKlass org/apache/tools/ant/taskdefs/Concat$1
instanceKlass org/apache/tools/ant/types/resources/selectors/Not
instanceKlass org/apache/tools/ant/types/resources/selectors/Exists
instanceKlass org/apache/tools/ant/taskdefs/Concat$ReaderFactory
instanceKlass net/sf/saxon/expr/parser/ExpressionTool$1
instanceKlass  @bci net/sf/saxon/expr/elab/PullElaborator elaborateForBoolean ()Lnet/sf/saxon/expr/elab/BooleanEvaluator; 22 <appendix> member <vmtarget> ; # net/sf/saxon/expr/elab/PullElaborator$$Lambda+0x00000000378a10a8
instanceKlass  @bci net/sf/saxon/expr/sort/DocumentOrderIterator <init> (Lnet/sf/saxon/om/SequenceIterator;Ljava/util/Comparator;)V 40 <appendix> member <vmtarget> ; # net/sf/saxon/expr/sort/DocumentOrderIterator$$Lambda+0x00000000378a0e78
instanceKlass net/sf/saxon/functions/Reverse$ReverseListIterator
instanceKlass net/sf/saxon/tree/tiny/AncestorIterator
instanceKlass net/sf/saxon/om/LazySequence
instanceKlass net/sf/saxon/expr/sort/DocumentOrderIterator
instanceKlass  @bci net/sf/saxon/expr/elab/StringElaborator elaborateForPull ()Lnet/sf/saxon/expr/elab/PullEvaluator; 10 <appendix> member <vmtarget> ; # net/sf/saxon/expr/elab/StringElaborator$$Lambda+0x00000000378a0230
instanceKlass  @bci net/sf/saxon/functions/SubstringBefore$SubstringBeforeFnElaborator elaborateForUnicodeString (Z)Lnet/sf/saxon/expr/elab/UnicodeStringEvaluator; 84 <appendix> member <vmtarget> ; # net/sf/saxon/functions/SubstringBefore$SubstringBeforeFnElaborator$$Lambda+0x00000000378a0000
instanceKlass  @bci net/sf/saxon/expr/sort/DocumentSorter$DocumentSorterElaborator elaborateForPull ()Lnet/sf/saxon/expr/elab/PullEvaluator; 26 <appendix> member <vmtarget> ; # net/sf/saxon/expr/sort/DocumentSorter$DocumentSorterElaborator$$Lambda+0x000000003789ec00
instanceKlass  @bci net/sf/saxon/expr/SystemFunctionCall$SystemFunctionCallElaborator elaborateForPull ()Lnet/sf/saxon/expr/elab/PullEvaluator; 173 <appendix> member <vmtarget> ; # net/sf/saxon/expr/SystemFunctionCall$SystemFunctionCallElaborator$$Lambda+0x000000003789fd70
instanceKlass net/sf/saxon/expr/elab/LazyPullEvaluator
instanceKlass  @bci net/sf/saxon/expr/SimpleStepExpression$SimpleStepExprElaborator elaborateForPull ()Lnet/sf/saxon/expr/elab/PullEvaluator; 127 <appendix> member <vmtarget> ; # net/sf/saxon/expr/SimpleStepExpression$SimpleStepExprElaborator$$Lambda+0x000000003789f908
instanceKlass net/sf/saxon/om/MemoSequence$ProgressiveIterator
instanceKlass net/sf/saxon/om/MemoSequence
instanceKlass net/sf/saxon/z/IntHashSet$IntHashSetIterator
instanceKlass  @bci net/sf/saxon/expr/instruct/Choose$ChooseExprElaborator elaborateForPush ()Lnet/sf/saxon/expr/elab/PushEvaluator; 276 <appendix> form vmentry <vmtarget> ; # java/lang/invoke/LambdaForm$DMH+0x000000003789e800
instanceKlass  @bci net/sf/saxon/expr/instruct/Choose$ChooseExprElaborator elaborateForPush ()Lnet/sf/saxon/expr/elab/PushEvaluator; 276 <appendix> member <vmtarget> ; # net/sf/saxon/expr/instruct/Choose$ChooseExprElaborator$$Lambda+0x000000003789b868
instanceKlass  @cpi net/sf/saxon/expr/instruct/Choose$ChooseExprElaborator 259 form vmentry <vmtarget> ; # java/lang/invoke/LambdaForm$DMH+0x000000003789e400
instanceKlass  @bci net/sf/saxon/expr/instruct/Block$BlockElaborator elaborateForPush ()Lnet/sf/saxon/expr/elab/PushEvaluator; 130 <appendix> member <vmtarget> ; # net/sf/saxon/expr/instruct/Block$BlockElaborator$$Lambda+0x000000003789b638
instanceKlass  @bci net/sf/saxon/expr/Literal$LiteralElaborator elaborateForPush ()Lnet/sf/saxon/expr/elab/PushEvaluator; 48 <appendix> member <vmtarget> ; # net/sf/saxon/expr/Literal$LiteralElaborator$$Lambda+0x000000003789b408
instanceKlass net/sf/saxon/expr/instruct/CallTemplate$CallTemplatePackage
instanceKlass net/sf/saxon/tree/iter/RangeIterator
instanceKlass  @bci net/sf/saxon/expr/GeneralComparison$GeneralComparisonElaborator elaborateForBoolean ()Lnet/sf/saxon/expr/elab/BooleanEvaluator; 146 <adapter> ; # java/lang/invoke/LambdaForm$MH+0x000000003789e000
# instanceKlass java/lang/invoke/LambdaForm$DMH+0x000000003789dc00
instanceKlass  @bci net/sf/saxon/expr/GeneralComparison$GeneralComparisonElaborator elaborateForBoolean ()Lnet/sf/saxon/expr/elab/BooleanEvaluator; 146 <appendix> form vmentry <vmtarget> ; # java/lang/invoke/LambdaForm$DMH+0x000000003789d800
instanceKlass  @bci net/sf/saxon/expr/GeneralComparison$GeneralComparisonElaborator elaborateForBoolean ()Lnet/sf/saxon/expr/elab/BooleanEvaluator; 146 <appendix> member <vmtarget> ; # net/sf/saxon/expr/GeneralComparison$GeneralComparisonElaborator$$Lambda+0x000000003789aa08
instanceKlass  @cpi net/sf/saxon/expr/GeneralComparison$GeneralComparisonElaborator 290 form vmentry <vmtarget> ; # java/lang/invoke/LambdaForm$DMH+0x000000003789d400
instanceKlass  @bci net/sf/saxon/functions/Substring$SubstringFnElaborator elaborateForItem ()Lnet/sf/saxon/expr/elab/ItemEvaluator; 106 <adapter> ; # java/lang/invoke/LambdaForm$MH+0x000000003789d000
# instanceKlass java/lang/invoke/LambdaForm$DMH+0x000000003789cc00
instanceKlass  @bci net/sf/saxon/functions/Substring$SubstringFnElaborator elaborateForItem ()Lnet/sf/saxon/expr/elab/ItemEvaluator; 106 <appendix> form vmentry <vmtarget> ; # java/lang/invoke/LambdaForm$DMH+0x000000003789c800
instanceKlass  @bci net/sf/saxon/functions/Substring$SubstringFnElaborator elaborateForItem ()Lnet/sf/saxon/expr/elab/ItemEvaluator; 106 <appendix> member <vmtarget> ; # net/sf/saxon/functions/Substring$SubstringFnElaborator$$Lambda+0x000000003789a390
instanceKlass  @cpi net/sf/saxon/functions/Substring$SubstringFnElaborator 137 form vmentry <vmtarget> ; # java/lang/invoke/LambdaForm$DMH+0x000000003789c400
instanceKlass  @bci net/sf/saxon/functions/Number_1$NumberFnElaborator elaborateForItem ()Lnet/sf/saxon/expr/elab/ItemEvaluator; 21 <appendix> member <vmtarget> ; # net/sf/saxon/functions/Number_1$NumberFnElaborator$$Lambda+0x000000003789a160
instanceKlass  @bci net/sf/saxon/expr/elab/StringElaborator elaborateForItem ()Lnet/sf/saxon/expr/elab/ItemEvaluator; 10 <appendix> member <vmtarget> ; # net/sf/saxon/expr/elab/StringElaborator$$Lambda+0x0000000037899f30
instanceKlass  @bci net/sf/saxon/functions/String_1$StringFnElaborator elaborateForUnicodeString (Z)Lnet/sf/saxon/expr/elab/UnicodeStringEvaluator; 26 <appendix> member <vmtarget> ; # net/sf/saxon/functions/String_1$StringFnElaborator$$Lambda+0x0000000037899d00
instanceKlass  @bci net/sf/saxon/expr/elab/ItemElaborator elaborateForUnicodeString (Z)Lnet/sf/saxon/expr/elab/UnicodeStringEvaluator; 8 <appendix> member <vmtarget> ; # net/sf/saxon/expr/elab/ItemElaborator$$Lambda+0x0000000037899ad0
instanceKlass net/sf/saxon/pattern/CombinedNodeTest$1
instanceKlass  @bci net/sf/saxon/tree/util/Navigator getNumberedNodeMatcher (Lnet/sf/saxon/pattern/nodetest/NodePredicate;Lnet/sf/saxon/tree/tiny/NodeVectorTree;)Ljava/util/function/IntPredicate; 53 <appendix> member <vmtarget> ; # net/sf/saxon/tree/util/Navigator$$Lambda+0x0000000037899660
instanceKlass  @cpi net/sf/saxon/tree/util/Navigator 1047 form vmentry <vmtarget> ; # java/lang/invoke/LambdaForm$DMH+0x000000003789c000
instanceKlass net/sf/saxon/expr/ValueComparison$1
instanceKlass net/sf/saxon/tree/iter/AtomizingIterator
instanceKlass net/sf/saxon/tree/iter/PrependIterator
instanceKlass  @bci net/sf/saxon/expr/LetExpression$LetExprElaborator elaborateForPush ()Lnet/sf/saxon/expr/elab/PushEvaluator; 45 <appendix> member <vmtarget> ; # net/sf/saxon/expr/LetExpression$LetExprElaborator$$Lambda+0x0000000037898d20
instanceKlass  @bci net/sf/saxon/expr/instruct/CallTemplate$CallTemplateElaborator elaborateForPush ()Lnet/sf/saxon/expr/elab/PushEvaluator; 22 <appendix> member <vmtarget> ; # net/sf/saxon/expr/instruct/CallTemplate$CallTemplateElaborator$$Lambda+0x0000000037898af0
instanceKlass  @bci net/sf/saxon/expr/elab/StringElaborator elaborateForBoolean ()Lnet/sf/saxon/expr/elab/BooleanEvaluator; 10 <appendix> member <vmtarget> ; # net/sf/saxon/expr/elab/StringElaborator$$Lambda+0x00000000378988c0
instanceKlass  @bci net/sf/saxon/functions/Concat31$Concat31FnElaborator elaborateForUnicodeString (Z)Lnet/sf/saxon/expr/elab/UnicodeStringEvaluator; 72 <appendix> member <vmtarget> ; # net/sf/saxon/functions/Concat31$Concat31FnElaborator$$Lambda+0x0000000037898690
instanceKlass  @bci net/sf/saxon/expr/Literal$LiteralElaborator elaborateForUnicodeString (Z)Lnet/sf/saxon/expr/elab/UnicodeStringEvaluator; 19 <appendix> member <vmtarget> ; # net/sf/saxon/expr/Literal$LiteralElaborator$$Lambda+0x0000000037898460
instanceKlass  @bci net/sf/saxon/expr/elab/PullElaborator elaborateForItem ()Lnet/sf/saxon/expr/elab/ItemEvaluator; 6 <appendix> member <vmtarget> ; # net/sf/saxon/expr/elab/PullElaborator$$Lambda+0x0000000037898230
instanceKlass  @bci net/sf/saxon/type/coercion/SequenceCoercer$SequenceCoercerElaborator elaborateForPull ()Lnet/sf/saxon/expr/elab/PullEvaluator; 72 <appendix> member <vmtarget> ; # net/sf/saxon/type/coercion/SequenceCoercer$SequenceCoercerElaborator$$Lambda+0x0000000037898000
instanceKlass  @bci net/sf/saxon/expr/elab/Elaborator elaborateForString (Z)Lnet/sf/saxon/expr/elab/StringEvaluator; 9 <appendix> member <vmtarget> ; # net/sf/saxon/expr/elab/Elaborator$$Lambda+0x0000000037890c00
instanceKlass  @bci net/sf/saxon/expr/elab/PullElaborator elaborateForUnicodeString (Z)Lnet/sf/saxon/expr/elab/UnicodeStringEvaluator; 8 <appendix> member <vmtarget> ; # net/sf/saxon/expr/elab/PullElaborator$$Lambda+0x0000000037891d10
instanceKlass  @bci net/sf/saxon/expr/AtomicSequenceConverter$AtomicSequenceConverterElaborator elaborateForItem ()Lnet/sf/saxon/expr/elab/ItemEvaluator; 21 <appendix> member <vmtarget> ; # net/sf/saxon/expr/AtomicSequenceConverter$AtomicSequenceConverterElaborator$$Lambda+0x0000000037891ae0
instanceKlass  @bci net/sf/saxon/expr/LocalVariableReference$LocalVariableReferenceElaborator elaborateForItem ()Lnet/sf/saxon/expr/elab/ItemEvaluator; 15 <appendix> member <vmtarget> ; # net/sf/saxon/expr/LocalVariableReference$LocalVariableReferenceElaborator$$Lambda+0x00000000378918b0
instanceKlass  @bci net/sf/saxon/expr/LetExpression$LetExprElaborator setAllVariables (Lnet/sf/saxon/expr/LetExpression;Ljava/util/List;)Lnet/sf/saxon/expr/elab/ItemEvaluator; 139 <appendix> member <vmtarget> ; # net/sf/saxon/expr/LetExpression$LetExprElaborator$$Lambda+0x0000000037891680
instanceKlass  @bci net/sf/saxon/expr/Literal$LiteralElaborator elaborateForPull ()Lnet/sf/saxon/expr/elab/PullEvaluator; 12 <appendix> member <vmtarget> ; # net/sf/saxon/expr/Literal$LiteralElaborator$$Lambda+0x0000000037891450
instanceKlass net/sf/saxon/value/ObjectValue
instanceKlass net/sf/saxon/value/AnyExternalObject
instanceKlass net/sf/saxon/type/coercion/CoercionRequest
instanceKlass  @bci net/sf/saxon/expr/instruct/GlobalParameterSet convertParameterValue (Lnet/sf/saxon/om/StructuredQName;Lnet/sf/saxon/value/SequenceType;ILnet/sf/saxon/expr/XPathContext;)Lnet/sf/saxon/om/GroundedValue; 23 <appendix> member <vmtarget> ; # net/sf/saxon/expr/instruct/GlobalParameterSet$$Lambda+0x0000000037893160
instanceKlass net/sf/saxon/value/TextFragmentValue
instanceKlass net/sf/saxon/tree/util/Orphan
instanceKlass net/sf/saxon/expr/ItemMappingIterator
instanceKlass net/sf/saxon/tree/iter/UntypedAtomizingIterator
instanceKlass net/sf/saxon/expr/FilterExpression$FilterExprElaborator$SimpleFilteredIterator
instanceKlass  @bci net/sf/saxon/expr/instruct/Choose$ChooseExprElaborator elaborateForPush ()Lnet/sf/saxon/expr/elab/PushEvaluator; 145 <appendix> member <vmtarget> ; # net/sf/saxon/expr/instruct/Choose$ChooseExprElaborator$$Lambda+0x0000000037896410
instanceKlass  @bci net/sf/saxon/expr/elab/PullElaborator elaborateForPush ()Lnet/sf/saxon/expr/elab/PushEvaluator; 6 <appendix> member <vmtarget> ; # net/sf/saxon/expr/elab/PullElaborator$$Lambda+0x00000000378961e0
instanceKlass  @bci net/sf/saxon/expr/AtomicSequenceConverter$AtomicSequenceConverterElaborator elaborateForPull ()Lnet/sf/saxon/expr/elab/PullEvaluator; 21 <appendix> member <vmtarget> ; # net/sf/saxon/expr/AtomicSequenceConverter$AtomicSequenceConverterElaborator$$Lambda+0x0000000037895fb0
instanceKlass  @bci net/sf/saxon/expr/elab/ItemElaborator elaborateForPull ()Lnet/sf/saxon/expr/elab/PullEvaluator; 6 <appendix> member <vmtarget> ; # net/sf/saxon/expr/elab/ItemElaborator$$Lambda+0x0000000037895d80
instanceKlass  @bci net/sf/saxon/expr/FirstItemExpression$FirstItemExprElaborator elaborateForItem ()Lnet/sf/saxon/expr/elab/ItemEvaluator; 20 <appendix> member <vmtarget> ; # net/sf/saxon/expr/FirstItemExpression$FirstItemExprElaborator$$Lambda+0x0000000037895b50
instanceKlass  @bci net/sf/saxon/expr/Atomizer$AtomizerElaborator elaborateForPull ()Lnet/sf/saxon/expr/elab/PullEvaluator; 48 <appendix> member <vmtarget> ; # net/sf/saxon/expr/Atomizer$AtomizerElaborator$$Lambda+0x0000000037895920
instanceKlass  @bci net/sf/saxon/expr/Literal$LiteralElaborator elaborateForBoolean ()Lnet/sf/saxon/expr/elab/BooleanEvaluator; 19 <appendix> member <vmtarget> ; # net/sf/saxon/expr/Literal$LiteralElaborator$$Lambda+0x00000000378956f8
instanceKlass  @cpi net/sf/saxon/expr/Literal$LiteralElaborator 235 form vmentry <vmtarget> ; # java/lang/invoke/LambdaForm$DMH+0x0000000037890800
instanceKlass  @bci net/sf/saxon/expr/compat/GeneralComparison10$GeneralComparison10Elaborator elaborateForBoolean ()Lnet/sf/saxon/expr/elab/BooleanEvaluator; 33 <appendix> member <vmtarget> ; # net/sf/saxon/expr/compat/GeneralComparison10$GeneralComparison10Elaborator$$Lambda+0x00000000378954c8
instanceKlass  @bci net/sf/saxon/expr/LocalVariableReference$LocalVariableReferenceElaborator elaborateForPull ()Lnet/sf/saxon/expr/elab/PullEvaluator; 15 <appendix> member <vmtarget> ; # net/sf/saxon/expr/LocalVariableReference$LocalVariableReferenceElaborator$$Lambda+0x0000000037895298
instanceKlass  @bci net/sf/saxon/expr/instruct/LocalParam$LocalParamElaborator elaborateForPush ()Lnet/sf/saxon/expr/elab/PushEvaluator; 97 <appendix> member <vmtarget> ; # net/sf/saxon/expr/instruct/LocalParam$LocalParamElaborator$$Lambda+0x0000000037895068
instanceKlass net/sf/saxon/expr/elab/LocalVariableEvaluator
instanceKlass net/sf/saxon/expr/elab/LiteralEvaluator
instanceKlass net/sf/saxon/value/Closure
instanceKlass  @bci net/sf/saxon/expr/elab/PushElaborator elaborateForPull ()Lnet/sf/saxon/expr/elab/PullEvaluator; 33 <appendix> member <vmtarget> ; # net/sf/saxon/expr/elab/PushElaborator$$Lambda+0x0000000037894468
instanceKlass  @bci net/sf/saxon/expr/instruct/DocumentInstr$DocumentInstrElaborator elaborateForItem ()Lnet/sf/saxon/expr/elab/ItemEvaluator; 34 <appendix> member <vmtarget> ; # net/sf/saxon/expr/instruct/DocumentInstr$DocumentInstrElaborator$$Lambda+0x0000000037894238
instanceKlass net/sf/saxon/expr/elab/MemoClosureEvaluator
instanceKlass net/sf/saxon/expr/elab/LearningEvaluator
instanceKlass net/sf/saxon/expr/instruct/ParameterSet
instanceKlass  @bci net/sf/saxon/expr/instruct/DocumentInstr$DocumentInstrElaborator elaborateForItem ()Lnet/sf/saxon/expr/elab/ItemEvaluator; 95 <appendix> member <vmtarget> ; # net/sf/saxon/expr/instruct/DocumentInstr$DocumentInstrElaborator$$Lambda+0x000000003788b8c0
instanceKlass  @bci net/sf/saxon/expr/instruct/DocumentInstr$DocumentInstrElaborator elaborateForItem ()Lnet/sf/saxon/expr/elab/ItemEvaluator; 53 <appendix> member <vmtarget> ; # net/sf/saxon/expr/instruct/DocumentInstr$DocumentInstrElaborator$$Lambda+0x000000003788b690
instanceKlass  @bci net/sf/saxon/expr/instruct/Choose$ChooseExprElaborator elaborateForPull ()Lnet/sf/saxon/expr/elab/PullEvaluator; 90 <appendix> member <vmtarget> ; # net/sf/saxon/expr/instruct/Choose$ChooseExprElaborator$$Lambda+0x000000003788b460
instanceKlass  @bci net/sf/saxon/expr/elab/SimpleNodePushElaborator elaborateForPull ()Lnet/sf/saxon/expr/elab/PullEvaluator; 6 <appendix> member <vmtarget> ; # net/sf/saxon/expr/elab/SimpleNodePushElaborator$$Lambda+0x000000003788b230
instanceKlass  @bci net/sf/saxon/expr/instruct/ValueOf$ValueOfElaborator elaborateForItem ()Lnet/sf/saxon/expr/elab/ItemEvaluator; 35 <adapter> ; # java/lang/invoke/LambdaForm$MH+0x0000000037890400
# instanceKlass java/lang/invoke/LambdaForm$DMH+0x0000000037890000
instanceKlass  @bci net/sf/saxon/expr/instruct/ValueOf$ValueOfElaborator elaborateForItem ()Lnet/sf/saxon/expr/elab/ItemEvaluator; 35 <appendix> form vmentry <vmtarget> ; # java/lang/invoke/LambdaForm$DMH+0x000000003788ac00
instanceKlass  @bci net/sf/saxon/expr/instruct/ValueOf$ValueOfElaborator elaborateForItem ()Lnet/sf/saxon/expr/elab/ItemEvaluator; 35 <appendix> member <vmtarget> ; # net/sf/saxon/expr/instruct/ValueOf$ValueOfElaborator$$Lambda+0x000000003788b000
instanceKlass  @cpi net/sf/saxon/expr/instruct/ValueOf$ValueOfElaborator 226 form vmentry <vmtarget> ; # java/lang/invoke/LambdaForm$DMH+0x000000003788a800
instanceKlass  @bci net/sf/saxon/expr/OrExpression$OrElaborator elaborateForBoolean ()Lnet/sf/saxon/expr/elab/BooleanEvaluator; 32 <appendix> member <vmtarget> ; # net/sf/saxon/expr/OrExpression$OrElaborator$$Lambda+0x000000003788fd38
instanceKlass  @bci net/sf/saxon/expr/sort/GenericAtomicComparer makeAtomicComparisonFunction (Lnet/sf/saxon/type/BuiltInAtomicType;Lnet/sf/saxon/type/BuiltInAtomicType;Lnet/sf/saxon/lib/StringCollator;Lnet/sf/saxon/expr/parser/OperatorSymbol;ZI)Lnet/sf/saxon/expr/sort/GenericAtomicComparer$AtomicComparisonFunction; 343 <appendix> argL0 ; # net/sf/saxon/expr/sort/GenericAtomicComparer$$Lambda+0x000000003788fb10
instanceKlass  @bci net/sf/saxon/expr/AndExpression$AndElaborator elaborateForBoolean ()Lnet/sf/saxon/expr/elab/BooleanEvaluator; 32 <appendix> member <vmtarget> ; # net/sf/saxon/expr/AndExpression$AndElaborator$$Lambda+0x000000003788f8e0
instanceKlass  @bci net/sf/saxon/expr/FilterExpression$FilterExprElaborator elaborateForPull ()Lnet/sf/saxon/expr/elab/PullEvaluator; 39 <appendix> member <vmtarget> ; # net/sf/saxon/expr/FilterExpression$FilterExprElaborator$$Lambda+0x000000003788f6b0
instanceKlass  @bci net/sf/saxon/expr/ValueComparison$ValueComparisonElaborator elaborateForBoolean ()Lnet/sf/saxon/expr/elab/BooleanEvaluator; 272 <appendix> member <vmtarget> ; # net/sf/saxon/expr/ValueComparison$ValueComparisonElaborator$$Lambda+0x000000003788f480
instanceKlass  @cpi net/sf/saxon/expr/ValueComparison$ValueComparisonElaborator 255 form vmentry <vmtarget> ; # java/lang/invoke/LambdaForm$DMH+0x000000003788a400
instanceKlass  @bci net/sf/saxon/expr/AttributeGetter$AttributeGetterElaborator elaborateForItem ()Lnet/sf/saxon/expr/elab/ItemEvaluator; 37 <appendix> member <vmtarget> ; # net/sf/saxon/expr/AttributeGetter$AttributeGetterElaborator$$Lambda+0x000000003788f250
instanceKlass  @bci net/sf/saxon/expr/ContextItemExpression$ContextItemElaborator elaborateForItem ()Lnet/sf/saxon/expr/elab/ItemEvaluator; 16 <appendix> member <vmtarget> ; # net/sf/saxon/expr/ContextItemExpression$ContextItemElaborator$$Lambda+0x000000003788f020
instanceKlass  @bci net/sf/saxon/functions/NotFn$NotFnElaborator elaborateForBoolean ()Lnet/sf/saxon/expr/elab/BooleanEvaluator; 23 <appendix> member <vmtarget> ; # net/sf/saxon/functions/NotFn$NotFnElaborator$$Lambda+0x000000003788edf0
instanceKlass  @bci net/sf/saxon/functions/Exists$ExistsFnElaborator elaborateForBoolean ()Lnet/sf/saxon/expr/elab/BooleanEvaluator; 33 <appendix> member <vmtarget> ; # net/sf/saxon/functions/Exists$ExistsFnElaborator$$Lambda+0x000000003788ebc0
instanceKlass  @bci net/sf/saxon/expr/SimpleStepExpression$SimpleStepExprElaborator elaborateForPull ()Lnet/sf/saxon/expr/elab/PullEvaluator; 154 <appendix> member <vmtarget> ; # net/sf/saxon/expr/SimpleStepExpression$SimpleStepExprElaborator$$Lambda+0x000000003788e990
instanceKlass  @bci net/sf/saxon/expr/ItemChecker$ItemCheckerElaborator elaborateForItem ()Lnet/sf/saxon/expr/elab/ItemEvaluator; 23 <appendix> member <vmtarget> ; # net/sf/saxon/expr/ItemChecker$ItemCheckerElaborator$$Lambda+0x000000003788e760
instanceKlass  @bci net/sf/saxon/expr/RootExpression$RootExprElaborator elaborateForItem ()Lnet/sf/saxon/expr/elab/ItemEvaluator; 14 <appendix> member <vmtarget> ; # net/sf/saxon/expr/RootExpression$RootExprElaborator$$Lambda+0x000000003788e530
instanceKlass net/sf/saxon/expr/elab/OptionalItemEvaluator
instanceKlass  @bci net/sf/saxon/tree/iter/ManualIterator <init> (Lnet/sf/saxon/om/Item;)V 15 <appendix> argL0 ; # net/sf/saxon/tree/iter/ManualIterator$$Lambda+0x000000003788e0d0
instanceKlass net/sf/saxon/tree/iter/ManualIterator
instanceKlass net/sf/saxon/expr/instruct/Bindery
instanceKlass  @bci net/sf/saxon/expr/instruct/CopyOf$CopyOfElaborator lambda$elaborateForPush$7 (Lnet/sf/saxon/expr/elab/PullEvaluator;Lnet/sf/saxon/expr/instruct/CopyOf;ILnet/sf/saxon/event/Outputter;Lnet/sf/saxon/expr/XPathContext;)Lnet/sf/saxon/expr/instruct/TailCall; 13 <appendix> member <vmtarget> ; # net/sf/saxon/expr/instruct/CopyOf$CopyOfElaborator$$Lambda+0x000000003788d6b8
instanceKlass  @cpi net/sf/saxon/expr/instruct/CopyOf$CopyOfElaborator 381 form vmentry <vmtarget> ; # java/lang/invoke/LambdaForm$DMH+0x000000003788a000
instanceKlass  @bci net/sf/saxon/expr/instruct/CopyOf$CopyOfElaborator elaborateForPush ()Lnet/sf/saxon/expr/elab/PushEvaluator; 108 <appendix> member <vmtarget> ; # net/sf/saxon/expr/instruct/CopyOf$CopyOfElaborator$$Lambda+0x000000003788d488
instanceKlass  @cpi net/sf/saxon/expr/instruct/CopyOf$CopyOfElaborator 377 form vmentry <vmtarget> ; # java/lang/invoke/LambdaForm$DMH+0x0000000037889c00
instanceKlass  @bci net/sf/saxon/expr/ContextItemExpression$ContextItemElaborator elaborateForPull ()Lnet/sf/saxon/expr/elab/PullEvaluator; 16 <appendix> member <vmtarget> ; # net/sf/saxon/expr/ContextItemExpression$ContextItemElaborator$$Lambda+0x000000003788d258
instanceKlass net/sf/saxon/tree/tiny/AttributeIterator
instanceKlass  @bci net/sf/saxon/serialize/XMLEmitter openDocument ()V 168 <appendix> member <vmtarget> ; # net/sf/saxon/serialize/XMLEmitter$$Lambda+0x000000003788cd68
instanceKlass  @bci net/sf/saxon/serialize/XMLEmitter openDocument ()V 158 <appendix> argL0 ; # net/sf/saxon/serialize/XMLEmitter$$Lambda+0x000000003788cb10
instanceKlass net/sf/saxon/serialize/HexCharacterReferenceGenerator
instanceKlass net/sf/saxon/serialize/CharacterReferenceGenerator
instanceKlass net/sf/saxon/expr/UnionIterator$IntakeComparer
instanceKlass net/sf/saxon/expr/sort/GlobalOrderComparer
instanceKlass net/sf/saxon/expr/UnionIterator
instanceKlass net/sf/saxon/expr/instruct/AbstractBlockIterator
instanceKlass net/sf/saxon/tree/wrapper/AbstractVirtualNode
instanceKlass net/sf/saxon/tree/wrapper/VirtualNode
instanceKlass net/sf/saxon/om/NameOfNode
instanceKlass  @bci net/sf/saxon/expr/SlashExpression$SlashExprElaborator lambda$elaborateForPull$1 (Lnet/sf/saxon/expr/elab/PullEvaluator;Lnet/sf/saxon/expr/AxisExpression;Lnet/sf/saxon/expr/XPathContext;)Lnet/sf/saxon/om/SequenceIterator; 8 <appendix> member <vmtarget> ; # net/sf/saxon/expr/SlashExpression$SlashExprElaborator$$Lambda+0x0000000037885638
instanceKlass net/sf/saxon/tree/tiny/NamedElementChildIterator
instanceKlass  @bci net/sf/saxon/expr/instruct/Block$BlockElaborator elaborateForPush ()Lnet/sf/saxon/expr/elab/PushEvaluator; 100 <appendix> member <vmtarget> ; # net/sf/saxon/expr/instruct/Block$BlockElaborator$$Lambda+0x0000000037885150
instanceKlass  @bci net/sf/saxon/expr/instruct/Copy$CopyElaborator elaborateForPush ()Lnet/sf/saxon/expr/elab/PushEvaluator; 104 <adapter> ; # java/lang/invoke/LambdaForm$MH+0x0000000037889800
# instanceKlass java/lang/invoke/LambdaForm$DMH+0x0000000037889400
instanceKlass  @bci net/sf/saxon/expr/instruct/Copy$CopyElaborator elaborateForPush ()Lnet/sf/saxon/expr/elab/PushEvaluator; 104 <appendix> form vmentry <vmtarget> ; # java/lang/invoke/LambdaForm$DMH+0x0000000037889000
instanceKlass  @bci net/sf/saxon/expr/instruct/Copy$CopyElaborator elaborateForPush ()Lnet/sf/saxon/expr/elab/PushEvaluator; 104 <appendix> member <vmtarget> ; # net/sf/saxon/expr/instruct/Copy$CopyElaborator$$Lambda+0x0000000037884f20
instanceKlass  @cpi net/sf/saxon/expr/instruct/Copy$CopyElaborator 377 form vmentry <vmtarget> ; # java/lang/invoke/LambdaForm$DMH+0x0000000037888c00
instanceKlass  @bci net/sf/saxon/expr/instruct/Block$BlockElaborator elaborateForPush ()Lnet/sf/saxon/expr/elab/PushEvaluator; 177 <appendix> member <vmtarget> ; # net/sf/saxon/expr/instruct/Block$BlockElaborator$$Lambda+0x0000000037884cf0
instanceKlass  @bci net/sf/saxon/expr/instruct/DocumentInstr$DocumentInstrElaborator elaborateForItem ()Lnet/sf/saxon/expr/elab/ItemEvaluator; 95 <adapter> ; # java/lang/invoke/LambdaForm$MH+0x0000000037888800
# instanceKlass java/lang/invoke/LambdaForm$DMH+0x0000000037888400
instanceKlass  @bci net/sf/saxon/expr/instruct/DocumentInstr$DocumentInstrElaborator elaborateForItem ()Lnet/sf/saxon/expr/elab/ItemEvaluator; 95 <appendix> form vmentry <vmtarget> ; # java/lang/invoke/LambdaForm$DMH+0x0000000037888000
instanceKlass  @bci net/sf/saxon/expr/instruct/FixedElement$FixedElementElaborator elaborateForPush ()Lnet/sf/saxon/expr/elab/PushEvaluator; 127 <appendix> member <vmtarget> ; # net/sf/saxon/expr/instruct/FixedElement$FixedElementElaborator$$Lambda+0x0000000037884ac0
instanceKlass  @cpi net/sf/saxon/expr/instruct/FixedElement$FixedElementElaborator 242 form vmentry <vmtarget> ; # java/lang/invoke/LambdaForm$DMH+0x0000000037883c00
instanceKlass  @bci net/sf/saxon/expr/instruct/FixedAttribute$FixedAttributeElaborator elaborateForPush ()Lnet/sf/saxon/expr/elab/PushEvaluator; 110 <adapter> ; # java/lang/invoke/LambdaForm$MH+0x0000000037883800
instanceKlass  @bci org/hl7/fhir/r5/utils/DataTypeVisitor visitNode (Ljava/lang/String;Lorg/hl7/fhir/r5/model/Base;Lorg/hl7/fhir/r5/utils/DataTypeVisitor$IDatatypeVisitor;)V 158 <appendix> form names 6 function resolvedHandle form vmentry <vmtarget> ; # java/lang/invoke/LambdaForm$DMH+0x0000000037883400
instanceKlass  @bci net/sf/saxon/expr/instruct/FixedAttribute$FixedAttributeElaborator elaborateForPush ()Lnet/sf/saxon/expr/elab/PushEvaluator; 110 <appendix> form vmentry <vmtarget> ; # java/lang/invoke/LambdaForm$DMH+0x0000000037883000
instanceKlass  @bci net/sf/saxon/expr/instruct/FixedAttribute$FixedAttributeElaborator elaborateForPush ()Lnet/sf/saxon/expr/elab/PushEvaluator; 110 <appendix> member <vmtarget> ; # net/sf/saxon/expr/instruct/FixedAttribute$FixedAttributeElaborator$$Lambda+0x0000000037884890
instanceKlass  @cpi net/sf/saxon/expr/instruct/FixedAttribute$FixedAttributeElaborator 212 form vmentry <vmtarget> ; # java/lang/invoke/LambdaForm$DMH+0x0000000037882c00
instanceKlass  @bci net/sf/saxon/expr/instruct/CallTemplate$CallTemplateElaborator elaborateForPush ()Lnet/sf/saxon/expr/elab/PushEvaluator; 30 <appendix> member <vmtarget> ; # net/sf/saxon/expr/instruct/CallTemplate$CallTemplateElaborator$$Lambda+0x0000000037884660
instanceKlass  @cpi net/sf/saxon/expr/instruct/CallTemplate$CallTemplateElaborator 240 form vmentry <vmtarget> ; # java/lang/invoke/LambdaForm$DMH+0x0000000037882800
instanceKlass  @bci net/sf/saxon/expr/ValueComparison$ValueComparisonElaborator elaborateForBoolean ()Lnet/sf/saxon/expr/elab/BooleanEvaluator; 259 <appendix> member <vmtarget> ; # net/sf/saxon/expr/ValueComparison$ValueComparisonElaborator$$Lambda+0x0000000037884430
instanceKlass  @cpi net/sf/saxon/expr/ValueComparison$ValueComparisonElaborator 252 form vmentry <vmtarget> ; # java/lang/invoke/LambdaForm$DMH+0x0000000037882400
instanceKlass  @bci net/sf/saxon/expr/sort/GenericAtomicComparer makeAtomicComparisonFunction (Lnet/sf/saxon/type/BuiltInAtomicType;Lnet/sf/saxon/type/BuiltInAtomicType;Lnet/sf/saxon/lib/StringCollator;Lnet/sf/saxon/expr/parser/OperatorSymbol;ZI)Lnet/sf/saxon/expr/sort/GenericAtomicComparer$AtomicComparisonFunction; 323 <appendix> argL0 ; # net/sf/saxon/expr/sort/GenericAtomicComparer$$Lambda+0x0000000037884208
instanceKlass  @cpi net/sf/saxon/expr/sort/GenericAtomicComparer 403 form vmentry <vmtarget> ; # java/lang/invoke/LambdaForm$DMH+0x0000000037882000
instanceKlass net/sf/saxon/expr/sort/GenericAtomicComparer$AtomicComparisonFunction
instanceKlass  @bci net/sf/saxon/expr/Literal$LiteralElaborator elaborateForItem ()Lnet/sf/saxon/expr/elab/ItemEvaluator; 43 <appendix> member <vmtarget> ; # net/sf/saxon/expr/Literal$LiteralElaborator$$Lambda+0x000000003785fd58
instanceKlass  @bci net/sf/saxon/expr/Atomizer$AtomizerElaborator elaborateForItem ()Lnet/sf/saxon/expr/elab/ItemEvaluator; 42 <appendix> member <vmtarget> ; # net/sf/saxon/expr/Atomizer$AtomizerElaborator$$Lambda+0x000000003785fb28
instanceKlass  @bci net/sf/saxon/expr/GlobalVariableReference$GlobalVariableReferenceElaborator elaborateForItem ()Lnet/sf/saxon/expr/elab/ItemEvaluator; 9 <appendix> member <vmtarget> ; # net/sf/saxon/expr/GlobalVariableReference$GlobalVariableReferenceElaborator$$Lambda+0x000000003785f8f8
instanceKlass net/sf/saxon/expr/elab/ItemEvaluator
instanceKlass  @bci net/sf/saxon/expr/instruct/ApplyTemplates$ApplyTemplatesElaborator elaborateForPush ()Lnet/sf/saxon/expr/elab/PushEvaluator; 76 <appendix> member <vmtarget> ; # net/sf/saxon/expr/instruct/ApplyTemplates$ApplyTemplatesElaborator$$Lambda+0x000000003785f4c0
instanceKlass net/sf/saxon/expr/elab/UnicodeStringEvaluator
instanceKlass  @bci net/sf/saxon/expr/VennExpression$VennElaborator elaborateForPull ()Lnet/sf/saxon/expr/elab/PullEvaluator; 32 <appendix> member <vmtarget> ; # net/sf/saxon/expr/VennExpression$VennElaborator$$Lambda+0x000000003785f088
instanceKlass  @bci net/sf/saxon/expr/instruct/Block$BlockElaborator elaborateForPull ()Lnet/sf/saxon/expr/elab/PullEvaluator; 57 <appendix> member <vmtarget> ; # net/sf/saxon/expr/instruct/Block$BlockElaborator$$Lambda+0x000000003785ee58
instanceKlass  @bci net/sf/saxon/expr/instruct/Choose$ChooseExprElaborator elaborateForPush ()Lnet/sf/saxon/expr/elab/PushEvaluator; 105 <appendix> member <vmtarget> ; # net/sf/saxon/expr/instruct/Choose$ChooseExprElaborator$$Lambda+0x000000003785ea28
instanceKlass  @bci net/sf/saxon/expr/instruct/MessageInstr$MessageInstrElaborator elaborateForPush ()Lnet/sf/saxon/expr/elab/PushEvaluator; 49 <appendix> member <vmtarget> ; # net/sf/saxon/expr/instruct/MessageInstr$MessageInstrElaborator$$Lambda+0x000000003785e7f8
instanceKlass  @bci net/sf/saxon/expr/Literal$LiteralElaborator elaborateForString (Z)Lnet/sf/saxon/expr/elab/StringEvaluator; 19 <appendix> member <vmtarget> ; # net/sf/saxon/expr/Literal$LiteralElaborator$$Lambda+0x000000003785e5c8
instanceKlass net/sf/saxon/expr/elab/StringEvaluator
instanceKlass  @bci org/hl7/fhir/utilities/xhtml/HierarchicalTableGenerator renderCell (Lorg/hl7/fhir/utilities/xhtml/XhtmlNode;Lorg/hl7/fhir/utilities/xhtml/HierarchicalTableGenerator$Cell;Ljava/lang/String;Ljava/lang/String;Ljava/lang/String;Ljava/util/List;ZLjava/lang/String;Ljava/lang/String;ILjava/lang/String;ILjava/util/Set;Lorg/hl7/fhir/utilities/xhtml/HierarchicalTableGenerator$TableModel;Lorg/hl7/fhir/utilities/xhtml/HierarchicalTableGenerator$Row;ZZLjava/lang/String;Ljava/util/Map;)Lorg/hl7/fhir/utilities/xhtml/XhtmlNode; 1093 <adapter> ; # java/lang/invoke/LambdaForm$MH+0x0000000037881c00
instanceKlass  @bci org/hl7/fhir/utilities/xhtml/HierarchicalTableGenerator renderCell (Lorg/hl7/fhir/utilities/xhtml/XhtmlNode;Lorg/hl7/fhir/utilities/xhtml/HierarchicalTableGenerator$Cell;Ljava/lang/String;Ljava/lang/String;Ljava/lang/String;Ljava/util/List;ZLjava/lang/String;Ljava/lang/String;ILjava/lang/String;ILjava/util/Set;Lorg/hl7/fhir/utilities/xhtml/HierarchicalTableGenerator$TableModel;Lorg/hl7/fhir/utilities/xhtml/HierarchicalTableGenerator$Row;ZZLjava/lang/String;Ljava/util/Map;)Lorg/hl7/fhir/utilities/xhtml/XhtmlNode; 1093 <appendix> argL0 form vmentry <vmtarget> ; # java/lang/invoke/LambdaForm$DMH+0x0000000037881800
instanceKlass  @bci net/sf/saxon/expr/instruct/ValueOf$ValueOfElaborator elaborateForPush ()Lnet/sf/saxon/expr/elab/PushEvaluator; 136 <appendix> form vmentry <vmtarget> ; # java/lang/invoke/LambdaForm$DMH+0x0000000037881400
instanceKlass  @bci net/sf/saxon/expr/instruct/ValueOf$ValueOfElaborator elaborateForPush ()Lnet/sf/saxon/expr/elab/PushEvaluator; 136 <appendix> member <vmtarget> ; # net/sf/saxon/expr/instruct/ValueOf$ValueOfElaborator$$Lambda+0x000000003785e190
instanceKlass  @cpi net/sf/saxon/expr/instruct/ValueOf$ValueOfElaborator 216 form vmentry <vmtarget> ; # java/lang/invoke/LambdaForm$DMH+0x0000000037881000
instanceKlass  @bci net/sf/saxon/expr/Literal$LiteralElaborator elaborateForPush ()Lnet/sf/saxon/expr/elab/PushEvaluator; 40 <appendix> member <vmtarget> ; # net/sf/saxon/expr/Literal$LiteralElaborator$$Lambda+0x000000003785df60
instanceKlass net/sf/saxon/expr/instruct/TailCall
instanceKlass  @bci net/sf/saxon/functions/Empty$EmptyFnElaborator elaborateForBoolean ()Lnet/sf/saxon/expr/elab/BooleanEvaluator; 33 <appendix> member <vmtarget> ; # net/sf/saxon/functions/Empty$EmptyFnElaborator$$Lambda+0x000000003785db28
instanceKlass  @bci net/sf/saxon/expr/SlashExpression$SlashExprElaborator elaborateForPull ()Lnet/sf/saxon/expr/elab/PullEvaluator; 61 <appendix> member <vmtarget> ; # net/sf/saxon/expr/SlashExpression$SlashExprElaborator$$Lambda+0x000000003785d8f8
instanceKlass  @bci net/sf/saxon/expr/AxisExpression$AxisExpressionElaborator elaborateForPull ()Lnet/sf/saxon/expr/elab/PullEvaluator; 197 <appendix> member <vmtarget> ; # net/sf/saxon/expr/AxisExpression$AxisExpressionElaborator$$Lambda+0x000000003785d6c8
instanceKlass  @bci net/sf/saxon/expr/AxisExpression$AxisExpressionElaborator elaborateForPull ()Lnet/sf/saxon/expr/elab/PullEvaluator; 208 <appendix> member <vmtarget> ; # net/sf/saxon/expr/AxisExpression$AxisExpressionElaborator$$Lambda+0x000000003785d498
instanceKlass net/sf/saxon/expr/elab/PullEvaluator
instanceKlass  @bci net/sf/saxon/expr/AxisExpression$AxisExpressionElaborator elaborateForPull ()Lnet/sf/saxon/expr/elab/PullEvaluator; 80 <adapter> ; # java/lang/invoke/LambdaForm$MH+0x0000000037880c00
# instanceKlass java/lang/invoke/LambdaForm$DMH+0x0000000037880800
instanceKlass  @bci net/sf/saxon/expr/AxisExpression$AxisExpressionElaborator elaborateForPull ()Lnet/sf/saxon/expr/elab/PullEvaluator; 80 <appendix> form vmentry <vmtarget> ; # java/lang/invoke/LambdaForm$DMH+0x0000000037880400
instanceKlass  @bci net/sf/saxon/expr/AxisExpression$AxisExpressionElaborator elaborateForPull ()Lnet/sf/saxon/expr/elab/PullEvaluator; 80 <appendix> member <vmtarget> ; # net/sf/saxon/expr/AxisExpression$AxisExpressionElaborator$$Lambda+0x000000003785d050
instanceKlass  @cpi net/sf/saxon/expr/AxisExpression$AxisExpressionElaborator 329 form vmentry <vmtarget> ; # java/lang/invoke/LambdaForm$DMH+0x0000000037880000
instanceKlass net/sf/saxon/expr/elab/BooleanEvaluator
instanceKlass  @bci net/sf/saxon/expr/instruct/TemplateRule ensureBodyEvaluatorExists ()V 13 <appendix> member <vmtarget> ; # net/sf/saxon/expr/instruct/TemplateRule$$Lambda+0x000000003785c7e0
instanceKlass net/sf/saxon/expr/elab/PushEvaluator
instanceKlass java/util/function/UnaryOperator
instanceKlass net/sf/saxon/trans/rules/RuleSearchState
instanceKlass net/sf/saxon/expr/MappingIterator
instanceKlass net/sf/saxon/expr/SequenceMapper
instanceKlass  @bci net/sf/saxon/trans/XsltController getInputPreprocessor (Lnet/sf/saxon/trans/Mode;)Lnet/sf/saxon/expr/MappingFunction; 2 <appendix> member <vmtarget> ; # net/sf/saxon/trans/XsltController$$Lambda+0x000000003785bce0
instanceKlass net/sf/saxon/expr/SequenceMapper$Lambda
instanceKlass net/sf/saxon/event/AbstractOutputter
instanceKlass net/sf/saxon/expr/StackFrame
instanceKlass net/sf/saxon/expr/XPathContextMinor
instanceKlass net/sf/saxon/lib/Validation
instanceKlass net/sf/saxon/serialize/charcode/ISO88591CharacterSet
instanceKlass net/sf/saxon/serialize/charcode/ASCIICharacterSet
instanceKlass net/sf/saxon/serialize/charcode/UTF8CharacterSet
instanceKlass net/sf/saxon/serialize/charcode/CharacterSetFactory
instanceKlass net/sf/saxon/serialize/ExpandedStreamResult
instanceKlass net/sf/saxon/serialize/UnicodeWriterResult
instanceKlass net/sf/saxon/s9api/AbstractDestination
instanceKlass javax/xml/transform/dom/DOMSource
instanceKlass net/sf/saxon/ma/jnode/JNode
instanceKlass net/sf/saxon/s9api/XdmValue
instanceKlass net/sf/saxon/type/coercion/CoercionRules
instanceKlass net/sf/saxon/s9api/ItemType
instanceKlass net/sf/saxon/s9api/XsltExecutable$ParameterDetails
instanceKlass net/sf/saxon/s9api/QName
instanceKlass  @bci org/apache/tools/ant/taskdefs/optional/TraXLiaison setTransformationParameters ()V 5 <appendix> member <vmtarget> ; # org/apache/tools/ant/taskdefs/optional/TraXLiaison$$Lambda+0x0000000037851f70
instanceKlass javax/xml/transform/stream/StreamResult
instanceKlass net/sf/saxon/s9api/DestinationHelper
instanceKlass net/sf/saxon/lib/OutputURIResolverWrapper
instanceKlass net/sf/saxon/serialize/SerializationProperties
instanceKlass net/sf/saxon/lib/StandardMessageHandler
instanceKlass net/sf/saxon/expr/accum/AccumulatorData
instanceKlass net/sf/saxon/expr/accum/IAccumulatorData
instanceKlass net/sf/saxon/expr/accum/AccumulatorManager
instanceKlass  @bci net/sf/saxon/Configuration getFocusTrackerFactory (Lnet/sf/saxon/expr/instruct/Executable;Z)Ljava/util/function/Function; 0 <appendix> argL0 ; # net/sf/saxon/Configuration$$Lambda+0x0000000037850d68
instanceKlass  @bci net/sf/saxon/Controller <init> (Lnet/sf/saxon/Configuration;Lnet/sf/saxon/expr/instruct/Executable;)V 68 <appendix> argL0 ; # net/sf/saxon/Controller$$Lambda+0x0000000037850b20
instanceKlass net/sf/saxon/om/FocusTrackingIterator
instanceKlass net/sf/saxon/expr/MappingFunction
instanceKlass net/sf/saxon/lib/ResultDocumentResolver
instanceKlass net/sf/saxon/s9api/AbstractXsltTransformer
instanceKlass org/xml/sax/XMLFilter
instanceKlass net/sf/saxon/Controller
instanceKlass net/sf/saxon/s9api/Destination
instanceKlass net/sf/saxon/jaxp/TemplatesImpl
instanceKlass net/sf/saxon/s9api/XsltExecutable
instanceKlass  @bci net/sf/saxon/trans/SimpleMode forceAllocateAllBindingSlots (Lnet/sf/saxon/style/StylesheetPackage;Lnet/sf/saxon/trans/SimpleMode;Ljava/util/List;)V 13 <appendix> member <vmtarget> ; # net/sf/saxon/trans/SimpleMode$$Lambda+0x000000003784da48
instanceKlass net/sf/saxon/expr/ComponentBinding
instanceKlass net/sf/saxon/functions/ExecutableFunctionLibrary
instanceKlass  @bci net/sf/saxon/trans/SimpleMode$RuleSorter allocateRanks ()V 4 <appendix> argL0 ; # net/sf/saxon/trans/SimpleMode$RuleSorter$$Lambda+0x000000003784d2f8
instanceKlass net/sf/saxon/z/IntHashMap$IntHashMapKeyIterator
instanceKlass  @bci net/sf/saxon/trans/SimpleMode computeRankings (I)V 16 <appendix> member <vmtarget> ; # net/sf/saxon/trans/SimpleMode$$Lambda+0x000000003784ce80
instanceKlass net/sf/saxon/trans/Mode$RuleAction
instanceKlass net/sf/saxon/trans/SimpleMode$RuleSorter
instanceKlass net/sf/saxon/expr/sort/CodepointCollatingComparer
instanceKlass  @bci net/sf/saxon/functions/registry/XPath20FunctionSet lambda$init$10 (Lnet/sf/saxon/functions/registry/BuiltInFunctionSet$Entry;)Lnet/sf/saxon/functions/registry/BuiltInFunctionSet$Entry; 1 <appendix> argL0 ; # net/sf/saxon/functions/registry/XPath20FunctionSet$$Lambda+0x000000003784c5b0
instanceKlass  @bci net/sf/saxon/functions/Concat31 makeOptimizedFunctionCall (Lnet/sf/saxon/expr/parser/ExpressionVisitor;Lnet/sf/saxon/expr/parser/ContextItemStaticInfo;[Lnet/sf/saxon/expr/Expression;)Lnet/sf/saxon/expr/Expression; 7 <appendix> argL0 ; # net/sf/saxon/functions/Concat31$$Lambda+0x000000003784bde8
instanceKlass  @bci net/sf/saxon/expr/parser/ExpressionTool containsLocalVariableReference (Lnet/sf/saxon/expr/Expression;)Z 3 <appendix> member <vmtarget> ; # net/sf/saxon/expr/parser/ExpressionTool$$Lambda+0x0000000037849820
instanceKlass  @bci net/sf/saxon/functions/registry/XPath20FunctionSet lambda$init$39 (Lnet/sf/saxon/functions/registry/BuiltInFunctionSet$Entry;)Lnet/sf/saxon/functions/registry/BuiltInFunctionSet$Entry; 1 <appendix> argL0 ; # net/sf/saxon/functions/registry/XPath20FunctionSet$$Lambda+0x00000000378495f8
instanceKlass net/sf/saxon/expr/parser/LoopLifter$ExpressionSet
instanceKlass  @bci net/sf/saxon/functions/registry/XPath20FunctionSet lambda$init$49 (Lnet/sf/saxon/functions/registry/BuiltInFunctionSet$Entry;)Lnet/sf/saxon/functions/registry/BuiltInFunctionSet$Entry; 1 <appendix> argL0 ; # net/sf/saxon/functions/registry/XPath20FunctionSet$$Lambda+0x00000000378488d0
instanceKlass  @bci net/sf/saxon/expr/ValueComparison typeCheck (Lnet/sf/saxon/expr/parser/ExpressionVisitor;Lnet/sf/saxon/expr/parser/ContextItemStaticInfo;)Lnet/sf/saxon/expr/Expression; 165 <appendix> member <vmtarget> ; # net/sf/saxon/expr/ValueComparison$$Lambda+0x0000000037846000
instanceKlass  @bci net/sf/saxon/expr/ValueComparison typeCheck (Lnet/sf/saxon/expr/parser/ExpressionVisitor;Lnet/sf/saxon/expr/parser/ContextItemStaticInfo;)Lnet/sf/saxon/expr/Expression; 139 <appendix> member <vmtarget> ; # net/sf/saxon/expr/ValueComparison$$Lambda+0x0000000037843bf8
instanceKlass  @bci net/sf/saxon/expr/CastExpression typeCheck (Lnet/sf/saxon/expr/parser/ExpressionVisitor;Lnet/sf/saxon/expr/parser/ContextItemStaticInfo;)Lnet/sf/saxon/expr/Expression; 33 <appendix> argL0 ; # net/sf/saxon/expr/CastExpression$$Lambda+0x00000000378439d0
instanceKlass  @bci net/sf/saxon/expr/GeneralComparison typeCheck (Lnet/sf/saxon/expr/parser/ExpressionVisitor;Lnet/sf/saxon/expr/parser/ContextItemStaticInfo;)Lnet/sf/saxon/expr/Expression; 142 <appendix> member <vmtarget> ; # net/sf/saxon/expr/GeneralComparison$$Lambda+0x00000000378432b0
instanceKlass  @bci net/sf/saxon/expr/GeneralComparison typeCheck (Lnet/sf/saxon/expr/parser/ExpressionVisitor;Lnet/sf/saxon/expr/parser/ContextItemStaticInfo;)Lnet/sf/saxon/expr/Expression; 116 <appendix> member <vmtarget> ; # net/sf/saxon/expr/GeneralComparison$$Lambda+0x0000000037843080
instanceKlass net/sf/saxon/expr/parser/LoopLifter$ExpInfo
instanceKlass net/sf/saxon/expr/parser/LoopLifter
instanceKlass  @bci net/sf/saxon/style/XSLChooseOrSwitch markTailCalls ()Z 10 <appendix> member <vmtarget> ; # net/sf/saxon/style/XSLChooseOrSwitch$$Lambda+0x0000000037840d88
instanceKlass  @bci net/sf/saxon/expr/Assignation refineTypeInformation (Lnet/sf/saxon/type/ItemType;ILnet/sf/saxon/om/GroundedValue;ILnet/sf/saxon/expr/Assignation;)V 13 <adapter> ; # java/lang/invoke/LambdaForm$MH+0x0000000037844c00
# instanceKlass java/lang/invoke/LambdaForm$DMH+0x0000000037844800
instanceKlass  @bci net/sf/saxon/expr/Assignation refineTypeInformation (Lnet/sf/saxon/type/ItemType;ILnet/sf/saxon/om/GroundedValue;ILnet/sf/saxon/expr/Assignation;)V 13 <appendix> form vmentry <vmtarget> ; # java/lang/invoke/LambdaForm$DMH+0x0000000037844400
instanceKlass  @bci net/sf/saxon/expr/Assignation refineTypeInformation (Lnet/sf/saxon/type/ItemType;ILnet/sf/saxon/om/GroundedValue;ILnet/sf/saxon/expr/Assignation;)V 13 <appendix> member <vmtarget> ; # net/sf/saxon/expr/Assignation$$Lambda+0x0000000037840b58
instanceKlass  @cpi net/sf/saxon/expr/Assignation 388 form vmentry <vmtarget> ; # java/lang/invoke/LambdaForm$DMH+0x0000000037844000
instanceKlass net/sf/saxon/expr/parser/ExpressionAction
instanceKlass  @bci net/sf/saxon/expr/LetExpression typeCheck (Lnet/sf/saxon/expr/parser/ExpressionVisitor;Lnet/sf/saxon/expr/parser/ContextItemStaticInfo;)Lnet/sf/saxon/expr/Expression; 10 <appendix> member <vmtarget> ; # net/sf/saxon/expr/LetExpression$$Lambda+0x0000000037840720
instanceKlass  @bci net/sf/saxon/expr/instruct/LocalParam checkAgainstRequiredType (Lnet/sf/saxon/expr/parser/ExpressionVisitor;)V 1 <appendix> member <vmtarget> ; # net/sf/saxon/expr/instruct/LocalParam$$Lambda+0x00000000378404f0
instanceKlass  @bci net/sf/saxon/style/XSLLocalParam compile (Lnet/sf/saxon/style/Compilation;Lnet/sf/saxon/style/ComponentDeclaration;)Lnet/sf/saxon/expr/Expression; 184 <appendix> member <vmtarget> ; # net/sf/saxon/style/XSLLocalParam$$Lambda+0x000000003782dc00
instanceKlass net/sf/saxon/expr/instruct/ElementCreator$ElementCreationDetails
instanceKlass  @bci net/sf/saxon/style/StyleElement makeSortKeys (Lnet/sf/saxon/style/Compilation;Lnet/sf/saxon/style/ComponentDeclaration;)Lnet/sf/saxon/expr/sort/SortKeyDefinitionList; 11 <appendix> member <vmtarget> ; # net/sf/saxon/style/StyleElement$$Lambda+0x000000003783dc30
instanceKlass  @bci net/sf/saxon/style/XSLCopy compile (Lnet/sf/saxon/style/Compilation;Lnet/sf/saxon/style/ComponentDeclaration;)Lnet/sf/saxon/expr/Expression; 14 <appendix> argL0 ; # net/sf/saxon/style/XSLCopy$$Lambda+0x000000003783da08
instanceKlass  @bci net/sf/saxon/functions/registry/XPath31FunctionSet lambda$init$33 (Lnet/sf/saxon/functions/registry/BuiltInFunctionSet$Entry;)Lnet/sf/saxon/functions/registry/BuiltInFunctionSet$Entry; 1 <appendix> argL0 ; # net/sf/saxon/functions/registry/XPath31FunctionSet$$Lambda+0x000000003783d7e0
instanceKlass net/sf/saxon/functions/Fold
instanceKlass  @bci net/sf/saxon/tree/jiter/ConcatenatingIterable iterator ()Ljava/util/Iterator; 14 <appendix> member <vmtarget> ; # net/sf/saxon/tree/jiter/ConcatenatingIterable$$Lambda+0x000000003783b990
instanceKlass net/sf/saxon/tree/jiter/ConcatenatingIterator
instanceKlass net/sf/saxon/tree/jiter/ConcatenatingIterable
instanceKlass  @bci net/sf/saxon/expr/instruct/CallTemplate typeCheck (Lnet/sf/saxon/expr/parser/ExpressionVisitor;Lnet/sf/saxon/expr/parser/ContextItemStaticInfo;)Lnet/sf/saxon/expr/Expression; 94 <appendix> member <vmtarget> ; # net/sf/saxon/expr/instruct/CallTemplate$$Lambda+0x000000003783b018
instanceKlass  @bci net/sf/saxon/expr/instruct/ValueOf <init> (Lnet/sf/saxon/expr/Expression;ZZ)V 55 <appendix> argL0 ; # net/sf/saxon/expr/instruct/ValueOf$$Lambda+0x000000003783a8d0
instanceKlass  @bci net/sf/saxon/style/StyleElement getWithParamInstructions (Lnet/sf/saxon/expr/Expression;Lnet/sf/saxon/style/Compilation;Lnet/sf/saxon/style/ComponentDeclaration;Z)[Lnet/sf/saxon/expr/instruct/WithParam; 106 <appendix> member <vmtarget> ; # net/sf/saxon/style/StyleElement$$Lambda+0x0000000037839ef0
instanceKlass  @bci net/sf/saxon/style/StyleElement getWithParamInstructions (Lnet/sf/saxon/expr/Expression;Lnet/sf/saxon/style/Compilation;Lnet/sf/saxon/style/ComponentDeclaration;Z)[Lnet/sf/saxon/expr/instruct/WithParam; 12 <appendix> member <vmtarget> ; # net/sf/saxon/style/StyleElement$$Lambda+0x0000000037839cc0
instanceKlass net/sf/saxon/expr/instruct/WithParam
instanceKlass net/sf/saxon/style/ScopedBindingElement
instanceKlass net/sf/saxon/trans/rules/Rule
instanceKlass net/sf/saxon/expr/parser/RebindingMap
instanceKlass net/sf/saxon/expr/instruct/TemplateRule
instanceKlass  @bci net/sf/saxon/style/PrincipalStylesheetModule compile (Lnet/sf/saxon/style/Compilation;)V 21 <appendix> argL0 ; # net/sf/saxon/style/PrincipalStylesheetModule$$Lambda+0x0000000037838570
instanceKlass net/sf/saxon/query/XQueryFunction
instanceKlass  @bci net/sf/saxon/expr/FunctionCall checkFunctionCall (Lnet/sf/saxon/om/FunctionItem;Lnet/sf/saxon/expr/parser/ExpressionVisitor;)V 126 <appendix> member <vmtarget> ; # net/sf/saxon/expr/FunctionCall$$Lambda+0x00000000378375c0
instanceKlass  @bci net/sf/saxon/style/XSLLocalParam validate (Lnet/sf/saxon/style/ComponentDeclaration;)V 93 <appendix> member <vmtarget> ; # net/sf/saxon/style/XSLLocalParam$$Lambda+0x0000000037837390
instanceKlass net/sf/saxon/om/NamespaceBinding
instanceKlass net/sf/saxon/om/NamespaceMap$1
instanceKlass  @bci net/sf/saxon/style/SourceBinding checkAgainstRequiredType (Lnet/sf/saxon/value/SequenceType;)V 85 <appendix> member <vmtarget> ; # net/sf/saxon/style/SourceBinding$$Lambda+0x0000000037836a80
instanceKlass net/sf/saxon/pattern/CombinedNodeTest
instanceKlass  @bci net/sf/saxon/style/XSLTemplate validate (Lnet/sf/saxon/style/ComponentDeclaration;)V 369 <appendix> member <vmtarget> ; # net/sf/saxon/style/XSLTemplate$$Lambda+0x0000000037836550
instanceKlass net/sf/saxon/value/IntegerRange
instanceKlass  @bci net/sf/saxon/functions/registry/XPath20FunctionSet lambda$init$97 (Lnet/sf/saxon/functions/registry/BuiltInFunctionSet$Entry;)Lnet/sf/saxon/functions/registry/BuiltInFunctionSet$Entry; 1 <appendix> argL0 ; # net/sf/saxon/functions/registry/XPath20FunctionSet$$Lambda+0x0000000037835ef8
instanceKlass  @bci net/sf/saxon/expr/sort/DocumentSorter typeCheck (Lnet/sf/saxon/expr/parser/ExpressionVisitor;Lnet/sf/saxon/expr/parser/ContextItemStaticInfo;)Lnet/sf/saxon/expr/Expression; 49 <appendix> argL0 ; # net/sf/saxon/expr/sort/DocumentSorter$$Lambda+0x00000000378353f0
instanceKlass  @bci net/sf/saxon/expr/AxisExpression typeCheck (Lnet/sf/saxon/expr/parser/ExpressionVisitor;Lnet/sf/saxon/expr/parser/ContextItemStaticInfo;)Lnet/sf/saxon/expr/Expression; 347 <appendix> member <vmtarget> ; # net/sf/saxon/expr/AxisExpression$$Lambda+0x00000000378349d8
instanceKlass  @bci net/sf/saxon/expr/parser/ExpressionTool callsFunction (Lnet/sf/saxon/expr/Expression;Lnet/sf/saxon/om/StructuredQName;Z)Z 3 <appendix> member <vmtarget> ; # net/sf/saxon/expr/parser/ExpressionTool$$Lambda+0x0000000037833ad8
instanceKlass  @bci net/sf/saxon/tree/linked/ParentNodeImpl lambda$children$1 (Ljava/lang/Iterable;Lnet/sf/saxon/pattern/nodetest/NodePredicate;)Ljava/util/Iterator; 13 <appendix> member <vmtarget> ; # net/sf/saxon/tree/linked/ParentNodeImpl$$Lambda+0x0000000037832100
instanceKlass net/sf/saxon/tree/jiter/MappingJavaIterator
instanceKlass  @bci net/sf/saxon/tree/linked/ParentNodeImpl children (Lnet/sf/saxon/pattern/nodetest/NodePredicate;)Ljava/lang/Iterable; 84 <appendix> member <vmtarget> ; # net/sf/saxon/tree/linked/ParentNodeImpl$$Lambda+0x0000000037831c68
instanceKlass net/sf/saxon/tree/jiter/IterableUsingIteratorSupplier
instanceKlass  @bci net/sf/saxon/style/StyleElement fixupReferences ()V 8 <appendix> member <vmtarget> ; # net/sf/saxon/style/StyleElement$$Lambda+0x00000000378317e0
instanceKlass  @bci net/sf/saxon/functions/registry/XPath20FunctionSet lambda$init$108 (Lnet/sf/saxon/functions/registry/BuiltInFunctionSet$Entry;)Lnet/sf/saxon/functions/registry/BuiltInFunctionSet$Entry; 1 <appendix> argL0 ; # net/sf/saxon/functions/registry/XPath20FunctionSet$$Lambda+0x00000000378315b8
instanceKlass net/sf/saxon/value/SequenceExtent
instanceKlass net/sf/saxon/expr/parser/Optimizer
instanceKlass  @bci net/sf/saxon/expr/FunctionCall checkFunctionCall (Lnet/sf/saxon/om/FunctionItem;Lnet/sf/saxon/expr/parser/ExpressionVisitor;)V 210 <appendix> member <vmtarget> ; # net/sf/saxon/expr/FunctionCall$$Lambda+0x000000003782f778
instanceKlass java/lang/invoke/MethodHandleImpl$CountingWrapper$1
instanceKlass net/sf/saxon/expr/sort/GenericAtomicComparer
instanceKlass net/sf/saxon/expr/EarlyEvaluationContext
# instanceKlass java/lang/invoke/LambdaForm$MH+0x000000003782d800
instanceKlass  @bci net/sf/saxon/type/TypeHierarchy$ItemTypePair equals (Ljava/lang/Object;)Z 2 <appendix> form vmentry <vmtarget> ; # java/lang/invoke/LambdaForm$MH+0x000000003782d400
instanceKlass java/lang/classfile/CodeBuilder$1
instanceKlass  @bci net/sf/saxon/type/TypeHierarchy$ItemTypePair equals (Ljava/lang/Object;)Z 2 <appendix> argL1 form vmentry <vmtarget> ; # java/lang/invoke/LambdaForm$MH+0x000000003782d000
instanceKlass java/lang/invoke/MethodHandleImpl$Makers$2
instanceKlass java/lang/invoke/MethodHandleImpl$Makers$1
instanceKlass java/lang/invoke/MethodHandleImpl$Makers
# instanceKlass java/lang/invoke/LambdaForm$MH+0x000000003782cc00
instanceKlass java/lang/invoke/LambdaFormEditor$1
# instanceKlass java/lang/invoke/LambdaForm$MH+0x000000003782c800
# instanceKlass java/lang/invoke/LambdaForm$MH+0x000000003782c400
# instanceKlass java/lang/invoke/LambdaForm$MH+0x000000003782c000
instanceKlass  @bci net/sf/saxon/expr/SlashExpression typeCheck (Lnet/sf/saxon/expr/parser/ExpressionVisitor;Lnet/sf/saxon/expr/parser/ContextItemStaticInfo;)Lnet/sf/saxon/expr/Expression; 40 <appendix> argL0 ; # net/sf/saxon/expr/SlashExpression$$Lambda+0x000000003782a168
instanceKlass  @bci net/sf/saxon/functions/registry/XPath20FunctionSet lambda$init$130 (Lnet/sf/saxon/functions/registry/BuiltInFunctionSet$Entry;)Lnet/sf/saxon/functions/registry/BuiltInFunctionSet$Entry; 1 <appendix> argL0 ; # net/sf/saxon/functions/registry/XPath20FunctionSet$$Lambda+0x0000000037829f40
instanceKlass  @bci net/sf/saxon/functions/registry/XPath20FunctionSet lambda$init$18 (Lnet/sf/saxon/functions/registry/BuiltInFunctionSet$Entry;)Lnet/sf/saxon/functions/registry/BuiltInFunctionSet$Entry; 1 <appendix> argL0 ; # net/sf/saxon/functions/registry/XPath20FunctionSet$$Lambda+0x0000000037829400
instanceKlass net/sf/saxon/functions/PushableFunction
instanceKlass net/sf/saxon/lib/ConversionRules
instanceKlass net/sf/saxon/expr/AtomicSequenceConverter$ToStringMappingFunction
instanceKlass net/sf/saxon/type/AnyExternalObjectType
instanceKlass  @bci net/sf/saxon/functions/registry/XPath20FunctionSet lambda$init$132 (Lnet/sf/saxon/functions/registry/BuiltInFunctionSet$Entry;)Lnet/sf/saxon/functions/registry/BuiltInFunctionSet$Entry; 1 <appendix> argL0 ; # net/sf/saxon/functions/registry/XPath20FunctionSet$$Lambda+0x000000003781d0a0
instanceKlass net/sf/saxon/expr/sort/SimpleCollation
instanceKlass net/sf/saxon/expr/sort/CodepointCollator
instanceKlass net/sf/saxon/lib/SubstringMatcher
instanceKlass  @bci net/sf/saxon/functions/registry/XPath20FunctionSet lambda$init$19 (Lnet/sf/saxon/functions/registry/BuiltInFunctionSet$Entry;)Lnet/sf/saxon/functions/registry/BuiltInFunctionSet$Entry; 1 <appendix> argL0 ; # net/sf/saxon/functions/registry/XPath20FunctionSet$$Lambda+0x0000000037817d18
instanceKlass net/sf/saxon/functions/StatefulSystemFunction
instanceKlass net/sf/saxon/functions/ArityTwoFunction
instanceKlass net/sf/saxon/expr/VennExpression$1
instanceKlass net/sf/saxon/style/AttributeValueTemplate
instanceKlass net/sf/saxon/pattern/qname/AnyQNameTest
instanceKlass net/sf/saxon/pattern/UnionQNameTest
instanceKlass net/sf/saxon/pattern/PatternMaker
instanceKlass net/sf/saxon/type/UType$1
instanceKlass  @bci net/sf/saxon/expr/VennExpression typeCheck (Lnet/sf/saxon/expr/parser/ExpressionVisitor;Lnet/sf/saxon/expr/parser/ContextItemStaticInfo;)Lnet/sf/saxon/expr/Expression; 86 <appendix> member <vmtarget> ; # net/sf/saxon/expr/VennExpression$$Lambda+0x00000000378153b0
instanceKlass net/sf/saxon/value/Cardinality
instanceKlass net/sf/saxon/type/Subsumption$1
instanceKlass net/sf/saxon/type/Subsumption
instanceKlass  @bci org/hl7/fhir/r5/terminologies/validation/ValueSetValidator$SystemWithVersion hashCode ()I 1 <appendix> form vmentry <vmtarget> ; # java/lang/invoke/LambdaForm$MH+0x0000000037819000
# instanceKlass java/lang/invoke/LambdaForm$MH+0x0000000037818c00
# instanceKlass java/lang/invoke/LambdaForm$MH+0x0000000037818800
instanceKlass  @bci org/hl7/fhir/r5/terminologies/validation/ValueSetValidator$SystemWithVersion hashCode ()I 1 <appendix> argL1 form vmentry <vmtarget> ; # java/lang/invoke/LambdaForm$MH+0x0000000037818400
instanceKlass  @bci org/hl7/fhir/r5/terminologies/validation/ValueSetValidator$SystemWithVersion hashCode ()I 1 <appendix> argL2 argL2 form vmentry <vmtarget> ; # java/lang/invoke/LambdaForm$MH+0x0000000037818000
instanceKlass  @bci java/lang/runtime/ObjectMethods bootstrap (Ljava/lang/invoke/MethodHandles$Lookup;Ljava/lang/String;Ljava/lang/invoke/TypeDescriptor;Ljava/lang/Class;Ljava/lang/String;[Ljava/lang/invoke/MethodHandle;)Ljava/lang/Object; 37 <appendix> argL0 ; # java/lang/runtime/ObjectMethods$$Lambda+0x800000015
instanceKlass java/lang/invoke/MethodHandleImpl$2
instanceKlass java/lang/runtime/ObjectMethods
instanceKlass  @bci net/sf/saxon/expr/VennExpression typeCheck (Lnet/sf/saxon/expr/parser/ExpressionVisitor;Lnet/sf/saxon/expr/parser/ContextItemStaticInfo;)Lnet/sf/saxon/expr/Expression; 45 <appendix> member <vmtarget> ; # net/sf/saxon/expr/VennExpression$$Lambda+0x00000000378144e8
instanceKlass net/sf/saxon/expr/parser/RoleDiagnostic
instanceKlass net/sf/saxon/pattern/SelectorTest
instanceKlass net/sf/saxon/type/TypeHierarchy
instanceKlass net/sf/saxon/expr/sort/LocalOrderComparer
instanceKlass net/sf/saxon/expr/parser/ExpressionVisitor
instanceKlass net/sf/saxon/pattern/MultipleNodeKindTest
instanceKlass net/sf/saxon/pattern/nodetest/NodeTestStar
instanceKlass  @bci net/sf/saxon/functions/registry/XPath20FunctionSet lambda$init$129 (Lnet/sf/saxon/functions/registry/BuiltInFunctionSet$Entry;)Lnet/sf/saxon/functions/registry/BuiltInFunctionSet$Entry; 1 <appendix> argL0 ; # net/sf/saxon/functions/registry/XPath20FunctionSet$$Lambda+0x000000003780e9d0
instanceKlass net/sf/saxon/functions/IContextAccessorFunction
instanceKlass  @bci net/sf/saxon/functions/registry/XPath20FunctionSet lambda$init$91 (Lnet/sf/saxon/functions/registry/BuiltInFunctionSet$Entry;)Lnet/sf/saxon/functions/registry/BuiltInFunctionSet$Entry; 1 <appendix> argL0 ; # net/sf/saxon/functions/registry/XPath20FunctionSet$$Lambda+0x000000003780c9a0
instanceKlass net/sf/saxon/query/QueryModule
instanceKlass net/sf/saxon/expr/GeneralComparison$1
instanceKlass net/sf/saxon/expr/sort/AtomicComparer
instanceKlass net/sf/saxon/expr/elab/SequenceEvaluator
instanceKlass net/sf/saxon/expr/parser/XPathParser$1
instanceKlass net/sf/saxon/expr/parser/OperatorInfo$1
instanceKlass net/sf/saxon/expr/parser/OperatorInfo
instanceKlass net/sf/saxon/om/AxisInfo
instanceKlass net/sf/saxon/expr/parser/XPathParser$NestedLocation
instanceKlass net/sf/saxon/tree/AttributeLocation
instanceKlass  @bci net/sf/saxon/Configuration getValidCharacterChecker ()Lnet/sf/saxon/z/IntPredicateProxy; 9 <appendix> argL0 ; # net/sf/saxon/Configuration$$Lambda+0x0000000037804210
instanceKlass net/sf/saxon/expr/parser/ParserExtension
instanceKlass net/sf/saxon/expr/elab/Pingable
instanceKlass net/sf/saxon/ma/MapOrArray
instanceKlass net/sf/saxon/regex/RegexPrecondition
instanceKlass net/sf/saxon/regex/REProgram
instanceKlass  @bci net/sf/saxon/regex/RECompiler parseTerminal ([I)Lnet/sf/saxon/regex/Operation; 219 <appendix> argL0 ; # net/sf/saxon/regex/RECompiler$$Lambda+0x00000000377f65a8
instanceKlass net/sf/saxon/regex/charclass/SingletonCharacterClass
instanceKlass  @bci net/sf/saxon/regex/charclass/Categories <clinit> ()V 159 <appendix> argL0 ; # net/sf/saxon/regex/charclass/Categories$$Lambda+0x00000000377f5860
instanceKlass net/sf/saxon/z/IntUnionPredicate
instanceKlass  @bci net/sf/saxon/z/IntSetPredicate <clinit> ()V 11 <appendix> argL0 ; # net/sf/saxon/z/IntSetPredicate$$Lambda+0x00000000377f5370
instanceKlass net/sf/saxon/z/IntPredicateLambda
instanceKlass  @bci net/sf/saxon/z/IntSetPredicate <clinit> ()V 0 <appendix> argL0 ; # net/sf/saxon/z/IntSetPredicate$$Lambda+0x00000000377f4e88
instanceKlass net/sf/saxon/z/IntSetPredicate
instanceKlass net/sf/saxon/regex/charclass/Categories$Category
instanceKlass net/sf/saxon/tree/iter/LookaheadIteratorImpl
instanceKlass net/sf/saxon/tree/jiter/WrappingJavaIterator
instanceKlass  @bci net/sf/saxon/type/gnode/NodeKindType getMatcher (Lnet/sf/saxon/tree/tiny/NodeVectorTree;)Lnet/sf/saxon/z/IntPredicateProxy; 2 <appendix> member <vmtarget> ; # net/sf/saxon/type/gnode/NodeKindType$$Lambda+0x00000000377f4180
instanceKlass net/sf/saxon/tree/tiny/SiblingIterator
instanceKlass net/sf/saxon/om/AtomizedValueIterator
instanceKlass net/sf/saxon/tree/util/Navigator$ChildrenAsIterable
instanceKlass net/sf/saxon/tree/iter/ListIterator
instanceKlass net/sf/saxon/pattern/qname/SpecificQNameTest
instanceKlass net/sf/saxon/pattern/nodetest/NamedXNodePredicate
instanceKlass net/sf/saxon/type/BuiltInListType
instanceKlass net/sf/saxon/type/ListType
instanceKlass net/sf/saxon/str/LargeTextBuffer$Segment8
instanceKlass net/sf/saxon/str/LargeTextBuffer$Segment
instanceKlass net/sf/saxon/str/LargeTextBuffer
instanceKlass net/sf/saxon/om/PrefixPool
instanceKlass net/sf/saxon/om/GenericTreeInfo
instanceKlass net/sf/saxon/tree/tiny/NodeVectorTree
instanceKlass com/sun/org/apache/xerces/internal/util/EntityResolver2Wrapper
instanceKlass net/sf/saxon/lib/EntityResolverWrappingResourceResolver
instanceKlass javax/xml/transform/stream/StreamSource
instanceKlass net/sf/saxon/regex/charclass/Categories$Holder
instanceKlass  @bci net/sf/saxon/regex/charclass/Categories <clinit> ()V 82 <appendix> argL0 ; # net/sf/saxon/regex/charclass/Categories$$Lambda+0x00000000377ead20
instanceKlass  @bci net/sf/saxon/regex/charclass/Categories <clinit> ()V 54 <appendix> argL0 ; # net/sf/saxon/regex/charclass/Categories$$Lambda+0x00000000377eaac8
instanceKlass  @cpi net/sf/saxon/z/IntSetPredicate 75 form vmentry <vmtarget> ; # java/lang/invoke/LambdaForm$DMH+0x00000000377ec000
instanceKlass net/sf/saxon/regex/charclass/PredicateCharacterClass
instanceKlass net/sf/saxon/regex/charclass/InverseCharacterClass
instanceKlass net/sf/saxon/regex/charclass/IntSetCharacterClass
instanceKlass net/sf/saxon/regex/charclass/Categories
instanceKlass net/sf/saxon/regex/charclass/CharacterClass
instanceKlass net/sf/saxon/z/IntPredicateProxy
instanceKlass net/sf/saxon/regex/Operation
instanceKlass net/sf/saxon/regex/RECompiler
instanceKlass net/sf/saxon/regex/REFlags
instanceKlass net/sf/saxon/regex/RegexIterator
instanceKlass net/sf/saxon/regex/ARegularExpression
instanceKlass  @bci net/sf/saxon/expr/parser/Tokenizer <clinit> ()V 8 <appendix> argL0 ; # net/sf/saxon/expr/parser/Tokenizer$$Lambda+0x00000000377e5a00
instanceKlass  @bci net/sf/saxon/expr/parser/Tokenizer <clinit> ()V 0 <appendix> argL0 ; # net/sf/saxon/expr/parser/Tokenizer$$Lambda+0x00000000377e57a8
instanceKlass net/sf/saxon/expr/parser/Token
instanceKlass net/sf/saxon/expr/parser/Tokenizer
instanceKlass net/sf/saxon/tree/tiny/TinyNodeImpl
instanceKlass  @bci net/sf/saxon/tree/linked/ElementImpl getBaseURI ()Ljava/lang/String; 2 <appendix> member <vmtarget> ; # net/sf/saxon/tree/linked/ElementImpl$$Lambda+0x00000000377e1db0
instanceKlass net/sf/saxon/style/ExpressionContext
instanceKlass net/sf/saxon/expr/instruct/NamedTemplate$LocalParamInfo
instanceKlass  @bci net/sf/saxon/style/PrincipalStylesheetModule setLocalParamDetails (Lnet/sf/saxon/style/XSLTemplate;Lnet/sf/saxon/expr/instruct/NamedTemplate;)V 18 <appendix> member <vmtarget> ; # net/sf/saxon/style/PrincipalStylesheetModule$$Lambda+0x00000000377e0f38
instanceKlass net/sf/saxon/om/ItemConsumer
instanceKlass net/sf/saxon/tree/linked/TreeEnumeration
instanceKlass net/sf/saxon/style/ComponentDeclaration
instanceKlass net/sf/saxon/style/XSLOriginalLibrary
instanceKlass net/sf/saxon/query/XQueryFunctionLibrary
instanceKlass net/sf/saxon/expr/UserFunctionResolvable
instanceKlass net/sf/saxon/style/StylesheetFunctionLibrary
instanceKlass net/sf/saxon/trans/TypeAliasManager
instanceKlass net/sf/saxon/serialize/CharacterMapIndex
instanceKlass net/sf/saxon/trans/rules/TextOnlyCopyRuleSet
instanceKlass net/sf/saxon/trans/rules/RuleChain
instanceKlass net/sf/saxon/trans/SimpleMode$RuleGroupAction
instanceKlass net/sf/saxon/trans/rules/RuleManager
instanceKlass net/sf/saxon/trans/KeyDefinitionSet
instanceKlass net/sf/saxon/trans/SymbolicName
instanceKlass  @bci net/sf/saxon/functions/registry/XPath31FunctionSet lambda$init$34 (Lnet/sf/saxon/functions/registry/BuiltInFunctionSet$Entry;)Lnet/sf/saxon/functions/registry/BuiltInFunctionSet$Entry; 1 <appendix> argL0 ; # net/sf/saxon/functions/registry/XPath31FunctionSet$$Lambda+0x00000000377dc940
instanceKlass net/sf/saxon/type/Type
instanceKlass net/sf/saxon/functions/registry/ParamKeywords
instanceKlass  @bci net/sf/saxon/functions/registry/XPath20FunctionSet lambda$init$121 (Lnet/sf/saxon/functions/registry/BuiltInFunctionSet$Entry;)Lnet/sf/saxon/functions/registry/BuiltInFunctionSet$Entry; 1 <appendix> argL0 ; # net/sf/saxon/functions/registry/XPath20FunctionSet$$Lambda+0x00000000377db0b8
instanceKlass net/sf/saxon/functions/ArityOneFunction
instanceKlass  @bci net/sf/saxon/functions/registry/XSLT30FunctionSet init ()V 324 <appendix> argL0 ; # net/sf/saxon/functions/registry/XSLT30FunctionSet$$Lambda+0x00000000377d9488
instanceKlass  @bci net/sf/saxon/functions/registry/XSLT30FunctionSet init ()V 311 <appendix> argL0 ; # net/sf/saxon/functions/registry/XSLT30FunctionSet$$Lambda+0x00000000377d9240
instanceKlass  @bci net/sf/saxon/functions/registry/XSLT30FunctionSet init ()V 298 <appendix> argL0 ; # net/sf/saxon/functions/registry/XSLT30FunctionSet$$Lambda+0x00000000377d8ff8
instanceKlass  @bci net/sf/saxon/functions/registry/XSLT30FunctionSet init ()V 285 <appendix> argL0 ; # net/sf/saxon/functions/registry/XSLT30FunctionSet$$Lambda+0x00000000377d8db0
instanceKlass  @bci net/sf/saxon/functions/registry/XSLT30FunctionSet init ()V 272 <appendix> argL0 ; # net/sf/saxon/functions/registry/XSLT30FunctionSet$$Lambda+0x00000000377d8b68
instanceKlass  @bci net/sf/saxon/functions/registry/XSLT30FunctionSet init ()V 259 <appendix> argL0 ; # net/sf/saxon/functions/registry/XSLT30FunctionSet$$Lambda+0x00000000377d8920
instanceKlass  @bci net/sf/saxon/functions/registry/XSLT30FunctionSet init ()V 246 <appendix> argL0 ; # net/sf/saxon/functions/registry/XSLT30FunctionSet$$Lambda+0x00000000377d86d8
instanceKlass  @bci net/sf/saxon/functions/registry/XSLT30FunctionSet init ()V 233 <appendix> argL0 ; # net/sf/saxon/functions/registry/XSLT30FunctionSet$$Lambda+0x00000000377d8490
instanceKlass  @bci net/sf/saxon/functions/registry/XSLT30FunctionSet init ()V 220 <appendix> argL0 ; # net/sf/saxon/functions/registry/XSLT30FunctionSet$$Lambda+0x00000000377d8248
instanceKlass  @bci net/sf/saxon/functions/registry/XSLT30FunctionSet init ()V 207 <appendix> argL0 ; # net/sf/saxon/functions/registry/XSLT30FunctionSet$$Lambda+0x00000000377d8000
instanceKlass  @bci net/sf/saxon/functions/registry/XSLT30FunctionSet init ()V 194 <appendix> argL0 ; # net/sf/saxon/functions/registry/XSLT30FunctionSet$$Lambda+0x00000000377d7bd8
instanceKlass  @bci net/sf/saxon/functions/registry/XSLT30FunctionSet init ()V 181 <appendix> argL0 ; # net/sf/saxon/functions/registry/XSLT30FunctionSet$$Lambda+0x00000000377d7990
instanceKlass  @bci net/sf/saxon/functions/registry/XSLT30FunctionSet init ()V 168 <appendix> argL0 ; # net/sf/saxon/functions/registry/XSLT30FunctionSet$$Lambda+0x00000000377d7748
instanceKlass  @bci net/sf/saxon/functions/registry/XSLT30FunctionSet init ()V 155 <appendix> argL0 ; # net/sf/saxon/functions/registry/XSLT30FunctionSet$$Lambda+0x00000000377d7500
instanceKlass  @bci net/sf/saxon/functions/registry/XSLT30FunctionSet init ()V 142 <appendix> argL0 ; # net/sf/saxon/functions/registry/XSLT30FunctionSet$$Lambda+0x00000000377d72b8
instanceKlass  @bci net/sf/saxon/functions/registry/XSLT30FunctionSet init ()V 129 <appendix> argL0 ; # net/sf/saxon/functions/registry/XSLT30FunctionSet$$Lambda+0x00000000377d7070
instanceKlass  @bci net/sf/saxon/functions/registry/XSLT30FunctionSet init ()V 116 <appendix> argL0 ; # net/sf/saxon/functions/registry/XSLT30FunctionSet$$Lambda+0x00000000377d6e28
instanceKlass  @bci net/sf/saxon/functions/registry/XSLT30FunctionSet init ()V 103 <appendix> argL0 ; # net/sf/saxon/functions/registry/XSLT30FunctionSet$$Lambda+0x00000000377d6be0
instanceKlass  @bci net/sf/saxon/functions/registry/XSLT30FunctionSet init ()V 90 <appendix> argL0 ; # net/sf/saxon/functions/registry/XSLT30FunctionSet$$Lambda+0x00000000377d6998
instanceKlass  @bci net/sf/saxon/functions/registry/XSLT30FunctionSet init ()V 77 <appendix> argL0 ; # net/sf/saxon/functions/registry/XSLT30FunctionSet$$Lambda+0x00000000377d6750
instanceKlass  @bci net/sf/saxon/functions/registry/XSLT30FunctionSet init ()V 64 <appendix> argL0 ; # net/sf/saxon/functions/registry/XSLT30FunctionSet$$Lambda+0x00000000377d6508
instanceKlass  @bci net/sf/saxon/functions/registry/XSLT30FunctionSet init ()V 51 <appendix> argL0 ; # net/sf/saxon/functions/registry/XSLT30FunctionSet$$Lambda+0x00000000377d62c0
instanceKlass  @bci net/sf/saxon/functions/registry/XSLT30FunctionSet init ()V 38 <appendix> argL0 ; # net/sf/saxon/functions/registry/XSLT30FunctionSet$$Lambda+0x00000000377d6078
instanceKlass  @bci net/sf/saxon/functions/registry/XSLT30FunctionSet init ()V 25 <appendix> argL0 ; # net/sf/saxon/functions/registry/XSLT30FunctionSet$$Lambda+0x00000000377d5e30
instanceKlass  @bci net/sf/saxon/functions/registry/XSLT30FunctionSet init ()V 12 <appendix> argL0 ; # net/sf/saxon/functions/registry/XSLT30FunctionSet$$Lambda+0x00000000377d5be8
instanceKlass net/sf/saxon/expr/parser/ContextItemStaticInfo
instanceKlass net/sf/saxon/trans/DecimalSymbols
instanceKlass net/sf/saxon/trans/DecimalFormatManager
instanceKlass net/sf/saxon/expr/parser/RetainedStaticContext
instanceKlass net/sf/saxon/functions/registry/ConstructorFunctionLibrary
instanceKlass  @bci net/sf/saxon/functions/registry/ExsltCommonFunctionSet init ()V 17 <appendix> argL0 ; # net/sf/saxon/functions/registry/ExsltCommonFunctionSet$$Lambda+0x00000000377d2e20
instanceKlass  @bci net/sf/saxon/functions/registry/ExsltCommonFunctionSet init ()V 4 <appendix> argL0 ; # net/sf/saxon/functions/registry/ExsltCommonFunctionSet$$Lambda+0x00000000377d2bd8
instanceKlass  @bci net/sf/saxon/ma/arrays/ArrayFunctionSet init (I)V 638 <appendix> argL0 ; # net/sf/saxon/ma/arrays/ArrayFunctionSet$$Lambda+0x00000000377d26e0
instanceKlass  @bci net/sf/saxon/ma/arrays/ArrayFunctionSet init (I)V 625 <appendix> argL0 ; # net/sf/saxon/ma/arrays/ArrayFunctionSet$$Lambda+0x00000000377d2498
instanceKlass  @bci net/sf/saxon/ma/arrays/ArrayFunctionSet init (I)V 612 <appendix> argL0 ; # net/sf/saxon/ma/arrays/ArrayFunctionSet$$Lambda+0x00000000377d2250
instanceKlass  @bci net/sf/saxon/ma/arrays/ArrayFunctionSet init (I)V 599 <appendix> member <vmtarget> ; # net/sf/saxon/ma/arrays/ArrayFunctionSet$$Lambda+0x00000000377d2008
instanceKlass  @bci net/sf/saxon/ma/arrays/ArrayFunctionSet init (I)V 585 <appendix> argL0 ; # net/sf/saxon/ma/arrays/ArrayFunctionSet$$Lambda+0x00000000377d1dc0
instanceKlass  @bci net/sf/saxon/ma/arrays/ArrayFunctionSet init (I)V 572 <appendix> member <vmtarget> ; # net/sf/saxon/ma/arrays/ArrayFunctionSet$$Lambda+0x00000000377d1b70
instanceKlass  @bci net/sf/saxon/ma/arrays/ArrayFunctionSet init (I)V 557 <appendix> argL0 ; # net/sf/saxon/ma/arrays/ArrayFunctionSet$$Lambda+0x00000000377d1928
instanceKlass  @bci net/sf/saxon/ma/arrays/ArrayFunctionSet init (I)V 544 <appendix> argL0 ; # net/sf/saxon/ma/arrays/ArrayFunctionSet$$Lambda+0x00000000377d16e0
instanceKlass  @bci net/sf/saxon/ma/arrays/ArrayFunctionSet init (I)V 506 <appendix> argL0 ; # net/sf/saxon/ma/arrays/ArrayFunctionSet$$Lambda+0x00000000377d1498
instanceKlass  @bci net/sf/saxon/ma/arrays/ArrayFunctionSet init (I)V 493 <appendix> argL0 ; # net/sf/saxon/ma/arrays/ArrayFunctionSet$$Lambda+0x00000000377d1250
instanceKlass  @bci net/sf/saxon/ma/arrays/ArrayFunctionSet init (I)V 480 <appendix> argL0 ; # net/sf/saxon/ma/arrays/ArrayFunctionSet$$Lambda+0x00000000377d1008
instanceKlass  @bci net/sf/saxon/ma/arrays/ArrayFunctionSet init (I)V 467 <appendix> argL0 ; # net/sf/saxon/ma/arrays/ArrayFunctionSet$$Lambda+0x00000000377d0dc0
instanceKlass  @bci net/sf/saxon/ma/arrays/ArrayFunctionSet init (I)V 454 <appendix> argL0 ; # net/sf/saxon/ma/arrays/ArrayFunctionSet$$Lambda+0x00000000377d0b78
instanceKlass  @bci net/sf/saxon/ma/arrays/ArrayFunctionSet init (I)V 441 <appendix> argL0 ; # net/sf/saxon/ma/arrays/ArrayFunctionSet$$Lambda+0x00000000377d0930
instanceKlass  @bci net/sf/saxon/ma/arrays/ArrayFunctionSet init (I)V 428 <appendix> argL0 ; # net/sf/saxon/ma/arrays/ArrayFunctionSet$$Lambda+0x00000000377d06e8
instanceKlass  @bci net/sf/saxon/ma/arrays/ArrayFunctionSet init (I)V 415 <appendix> argL0 ; # net/sf/saxon/ma/arrays/ArrayFunctionSet$$Lambda+0x00000000377d04a0
instanceKlass  @bci net/sf/saxon/ma/arrays/ArrayFunctionSet init (I)V 402 <appendix> member <vmtarget> ; # net/sf/saxon/ma/arrays/ArrayFunctionSet$$Lambda+0x00000000377d0250
instanceKlass  @bci net/sf/saxon/ma/arrays/ArrayFunctionSet init (I)V 301 <appendix> member <vmtarget> ; # net/sf/saxon/ma/arrays/ArrayFunctionSet$$Lambda+0x00000000377d0000
instanceKlass  @bci net/sf/saxon/ma/arrays/ArrayFunctionSet init (I)V 212 <appendix> member <vmtarget> ; # net/sf/saxon/ma/arrays/ArrayFunctionSet$$Lambda+0x00000000377c9c00
instanceKlass  @bci net/sf/saxon/ma/arrays/ArrayFunctionSet init (I)V 197 <appendix> member <vmtarget> ; # net/sf/saxon/ma/arrays/ArrayFunctionSet$$Lambda+0x00000000377cbd58
instanceKlass  @bci net/sf/saxon/ma/arrays/ArrayFunctionSet init (I)V 102 <appendix> argL0 ; # net/sf/saxon/ma/arrays/ArrayFunctionSet$$Lambda+0x00000000377cbb10
instanceKlass  @bci net/sf/saxon/ma/arrays/ArrayFunctionSet init (I)V 89 <appendix> member <vmtarget> ; # net/sf/saxon/ma/arrays/ArrayFunctionSet$$Lambda+0x00000000377cb8c0
instanceKlass  @bci net/sf/saxon/ma/arrays/ArrayFunctionSet init (I)V 4 <appendix> argL0 ; # net/sf/saxon/ma/arrays/ArrayFunctionSet$$Lambda+0x00000000377cb678
instanceKlass net/sf/saxon/ma/map/RecordType
instanceKlass net/sf/saxon/ma/map/RecordType$Field
instanceKlass  @bci net/sf/saxon/ma/map/MapFunctionSet init (I)V 325 <appendix> argL0 ; # net/sf/saxon/ma/map/MapFunctionSet$$Lambda+0x00000000377ca6e0
instanceKlass  @bci net/sf/saxon/expr/AttributeGetter$AttributeGetterElaborator elaborateForItem ()Lnet/sf/saxon/expr/elab/ItemEvaluator; 37 <adapter> ; # java/lang/invoke/LambdaForm$MH+0x00000000377c9800
instanceKlass  @bci net/sf/saxon/expr/AttributeGetter$AttributeGetterElaborator elaborateForItem ()Lnet/sf/saxon/expr/elab/ItemEvaluator; 37 <appendix> form vmentry <vmtarget> ; # java/lang/invoke/LambdaForm$DMH+0x00000000377c9400
instanceKlass  @bci net/sf/saxon/ma/map/MapFunctionSet init (I)V 312 <appendix> member <vmtarget> ; # net/sf/saxon/ma/map/MapFunctionSet$$Lambda+0x00000000377ca490
instanceKlass  @cpi net/sf/saxon/ma/map/MapFunctionSet 457 form vmentry <vmtarget> ; # java/lang/invoke/LambdaForm$DMH+0x00000000377c9000
instanceKlass  @cpi net/sf/saxon/expr/instruct/CallTemplate$CallTemplateElaborator 237 form vmentry <vmtarget> ; # java/lang/invoke/LambdaForm$DMH+0x00000000377c8c00
instanceKlass  @bci net/sf/saxon/ma/map/MapFunctionSet init (I)V 226 <appendix> argL0 ; # net/sf/saxon/ma/map/MapFunctionSet$$Lambda+0x00000000377ca248
instanceKlass  @bci net/sf/saxon/ma/map/MapFunctionSet init (I)V 213 <appendix> member <vmtarget> ; # net/sf/saxon/ma/map/MapFunctionSet$$Lambda+0x00000000377ca000
instanceKlass  @bci net/sf/saxon/ma/map/MapFunctionSet init (I)V 199 <appendix> argL0 ; # net/sf/saxon/ma/map/MapFunctionSet$$Lambda+0x00000000377cfba8
instanceKlass  @bci net/sf/saxon/ma/map/MapFunctionSet init (I)V 186 <appendix> argL0 ; # net/sf/saxon/ma/map/MapFunctionSet$$Lambda+0x00000000377cf960
instanceKlass  @bci net/sf/saxon/ma/map/MapFunctionSet init (I)V 173 <appendix> argL0 ; # net/sf/saxon/ma/map/MapFunctionSet$$Lambda+0x00000000377cf718
instanceKlass  @bci net/sf/saxon/ma/map/MapFunctionSet init (I)V 160 <appendix> argL0 ; # net/sf/saxon/ma/map/MapFunctionSet$$Lambda+0x00000000377cf4d0
instanceKlass  @bci net/sf/saxon/ma/map/MapFunctionSet init (I)V 147 <appendix> argL0 ; # net/sf/saxon/ma/map/MapFunctionSet$$Lambda+0x00000000377cf288
instanceKlass  @bci net/sf/saxon/ma/map/MapFunctionSet init (I)V 134 <appendix> member <vmtarget> ; # net/sf/saxon/ma/map/MapFunctionSet$$Lambda+0x00000000377cf038
instanceKlass  @cpi net/sf/saxon/ma/map/MapFunctionSet 433 form vmentry <vmtarget> ; # java/lang/invoke/LambdaForm$DMH+0x00000000377c8800
instanceKlass net/sf/saxon/functions/OptionsParameter
instanceKlass net/sf/saxon/type/SingletonEnumType
instanceKlass  @bci net/sf/saxon/ma/map/MapFunctionSet init (I)V 5 <appendix> member <vmtarget> ; # net/sf/saxon/ma/map/MapFunctionSet$$Lambda+0x00000000377ccc70
instanceKlass  @cpi net/sf/saxon/ma/arrays/ArrayFunctionSet 481 form vmentry <vmtarget> ; # java/lang/invoke/LambdaForm$DMH+0x00000000377c8400
instanceKlass  @bci net/sf/saxon/functions/MathFunctionSet init (I)V 204 <appendix> argL0 ; # net/sf/saxon/functions/MathFunctionSet$$Lambda+0x00000000377c7a80
instanceKlass  @bci net/sf/saxon/functions/MathFunctionSet init (I)V 193 <appendix> argL0 ; # net/sf/saxon/functions/MathFunctionSet$$Lambda+0x00000000377c7838
instanceKlass  @bci net/sf/saxon/functions/MathFunctionSet init (I)V 182 <appendix> argL0 ; # net/sf/saxon/functions/MathFunctionSet$$Lambda+0x00000000377c75f0
instanceKlass  @bci net/sf/saxon/functions/MathFunctionSet init (I)V 170 <appendix> argL0 ; # net/sf/saxon/functions/MathFunctionSet$$Lambda+0x00000000377c73a8
instanceKlass  @bci net/sf/saxon/functions/MathFunctionSet init (I)V 151 <appendix> argL0 ; # net/sf/saxon/functions/MathFunctionSet$$Lambda+0x00000000377c7160
instanceKlass  @bci net/sf/saxon/functions/MathFunctionSet init (I)V 138 <appendix> argL0 ; # net/sf/saxon/functions/MathFunctionSet$$Lambda+0x00000000377c6f18
instanceKlass  @bci net/sf/saxon/functions/MathFunctionSet init (I)V 126 <appendix> argL0 ; # net/sf/saxon/functions/MathFunctionSet$$Lambda+0x00000000377c6cd0
instanceKlass  @bci net/sf/saxon/functions/MathFunctionSet init (I)V 115 <appendix> argL0 ; # net/sf/saxon/functions/MathFunctionSet$$Lambda+0x00000000377c6a88
instanceKlass  @bci net/sf/saxon/functions/MathFunctionSet init (I)V 104 <appendix> argL0 ; # net/sf/saxon/functions/MathFunctionSet$$Lambda+0x00000000377c6840
instanceKlass  @bci net/sf/saxon/functions/MathFunctionSet init (I)V 93 <appendix> argL0 ; # net/sf/saxon/functions/MathFunctionSet$$Lambda+0x00000000377c65f8
instanceKlass  @bci net/sf/saxon/functions/MathFunctionSet init (I)V 82 <appendix> argL0 ; # net/sf/saxon/functions/MathFunctionSet$$Lambda+0x00000000377c63b0
instanceKlass  @bci net/sf/saxon/functions/MathFunctionSet init (I)V 71 <appendix> argL0 ; # net/sf/saxon/functions/MathFunctionSet$$Lambda+0x00000000377c6168
instanceKlass  @bci net/sf/saxon/functions/MathFunctionSet init (I)V 60 <appendix> argL0 ; # net/sf/saxon/functions/MathFunctionSet$$Lambda+0x00000000377c5f20
instanceKlass  @bci net/sf/saxon/functions/MathFunctionSet init (I)V 49 <appendix> argL0 ; # net/sf/saxon/functions/MathFunctionSet$$Lambda+0x00000000377c5cd8
instanceKlass  @bci net/sf/saxon/functions/MathFunctionSet init (I)V 38 <appendix> argL0 ; # net/sf/saxon/functions/MathFunctionSet$$Lambda+0x00000000377c5a90
instanceKlass  @bci net/sf/saxon/functions/MathFunctionSet init (I)V 27 <appendix> argL0 ; # net/sf/saxon/functions/MathFunctionSet$$Lambda+0x00000000377c5848
instanceKlass  @bci net/sf/saxon/functions/MathFunctionSet reg1 (Ljava/lang/String;Ljava/util/function/Function;)V 4 <appendix> member <vmtarget> ; # net/sf/saxon/functions/MathFunctionSet$$Lambda+0x00000000377c55f8
instanceKlass  @bci net/sf/saxon/functions/MathFunctionSet init (I)V 16 <appendix> argL0 ; # net/sf/saxon/functions/MathFunctionSet$$Lambda+0x00000000377c53b0
instanceKlass  @cpi net/sf/saxon/functions/MathFunctionSet 214 form vmentry <vmtarget> ; # java/lang/invoke/LambdaForm$DMH+0x00000000377c8000
instanceKlass  @bci net/sf/saxon/functions/MathFunctionSet init (I)V 4 <appendix> argL0 ; # net/sf/saxon/functions/MathFunctionSet$$Lambda+0x00000000377c5168
instanceKlass net/sf/saxon/functions/AbstractFunction
instanceKlass net/sf/saxon/functions/IFunctionWithRetainedParameterNames
instanceKlass net/sf/saxon/str/Twine8$1
instanceKlass net/sf/saxon/ma/map/Shape
instanceKlass  @bci net/sf/saxon/functions/registry/VendorFunctionSetHE init ()V 95 <appendix> argL0 ; # net/sf/saxon/functions/registry/VendorFunctionSetHE$$Lambda+0x00000000377c3238
instanceKlass  @bci net/sf/saxon/functions/registry/VendorFunctionSetHE init ()V 82 <appendix> argL0 ; # net/sf/saxon/functions/registry/VendorFunctionSetHE$$Lambda+0x00000000377c2ff0
instanceKlass  @bci net/sf/saxon/functions/registry/VendorFunctionSetHE init ()V 69 <appendix> argL0 ; # net/sf/saxon/functions/registry/VendorFunctionSetHE$$Lambda+0x00000000377c2da8
instanceKlass  @bci net/sf/saxon/functions/registry/VendorFunctionSetHE init ()V 56 <appendix> argL0 ; # net/sf/saxon/functions/registry/VendorFunctionSetHE$$Lambda+0x00000000377c2b60
instanceKlass  @bci net/sf/saxon/functions/registry/VendorFunctionSetHE init ()V 43 <appendix> argL0 ; # net/sf/saxon/functions/registry/VendorFunctionSetHE$$Lambda+0x00000000377c2918
instanceKlass  @bci net/sf/saxon/functions/registry/VendorFunctionSetHE init ()V 30 <appendix> argL0 ; # net/sf/saxon/functions/registry/VendorFunctionSetHE$$Lambda+0x00000000377c26d0
instanceKlass  @bci net/sf/saxon/functions/registry/VendorFunctionSetHE init ()V 17 <appendix> argL0 ; # net/sf/saxon/functions/registry/VendorFunctionSetHE$$Lambda+0x00000000377c2488
instanceKlass  @bci net/sf/saxon/functions/registry/VendorFunctionSetHE init ()V 4 <appendix> argL0 ; # net/sf/saxon/functions/registry/VendorFunctionSetHE$$Lambda+0x00000000377c2240
instanceKlass  @bci net/sf/saxon/functions/registry/XPath31FunctionSet init ()V 537 <appendix> argL0 ; # net/sf/saxon/functions/registry/XPath31FunctionSet$$Lambda+0x00000000377c1ff8
instanceKlass  @bci net/sf/saxon/functions/registry/XPath31FunctionSet init ()V 524 <appendix> argL0 ; # net/sf/saxon/functions/registry/XPath31FunctionSet$$Lambda+0x00000000377c1db0
instanceKlass  @bci net/sf/saxon/functions/registry/XPath31FunctionSet init ()V 511 <appendix> argL0 ; # net/sf/saxon/functions/registry/XPath31FunctionSet$$Lambda+0x00000000377c1b68
instanceKlass  @bci net/sf/saxon/functions/registry/XPath31FunctionSet init ()V 498 <appendix> argL0 ; # net/sf/saxon/functions/registry/XPath31FunctionSet$$Lambda+0x00000000377c1920
instanceKlass  @bci net/sf/saxon/functions/registry/XPath31FunctionSet init ()V 485 <appendix> argL0 ; # net/sf/saxon/functions/registry/XPath31FunctionSet$$Lambda+0x00000000377c16d8
instanceKlass  @bci net/sf/saxon/functions/registry/XPath31FunctionSet init ()V 472 <appendix> argL0 ; # net/sf/saxon/functions/registry/XPath31FunctionSet$$Lambda+0x00000000377c1490
instanceKlass  @bci net/sf/saxon/functions/registry/XPath31FunctionSet init ()V 459 <appendix> argL0 ; # net/sf/saxon/functions/registry/XPath31FunctionSet$$Lambda+0x00000000377c1248
instanceKlass  @bci net/sf/saxon/functions/registry/XPath31FunctionSet init ()V 446 <appendix> member <vmtarget> ; # net/sf/saxon/functions/registry/XPath31FunctionSet$$Lambda+0x00000000377c0ff8
instanceKlass  @bci net/sf/saxon/functions/registry/XPath31FunctionSet init ()V 408 <appendix> argL0 ; # net/sf/saxon/functions/registry/XPath31FunctionSet$$Lambda+0x00000000377c0db0
instanceKlass  @bci net/sf/saxon/functions/registry/XPath31FunctionSet init ()V 395 <appendix> argL0 ; # net/sf/saxon/functions/registry/XPath31FunctionSet$$Lambda+0x00000000377c0b68
instanceKlass  @bci net/sf/saxon/functions/registry/XPath31FunctionSet init ()V 382 <appendix> argL0 ; # net/sf/saxon/functions/registry/XPath31FunctionSet$$Lambda+0x00000000377c0920
instanceKlass  @bci net/sf/saxon/functions/registry/XPath31FunctionSet init ()V 369 <appendix> argL0 ; # net/sf/saxon/functions/registry/XPath31FunctionSet$$Lambda+0x00000000377c06d8
instanceKlass  @bci net/sf/saxon/functions/registry/XPath31FunctionSet init ()V 356 <appendix> argL0 ; # net/sf/saxon/functions/registry/XPath31FunctionSet$$Lambda+0x00000000377c0490
instanceKlass  @bci net/sf/saxon/functions/registry/XPath31FunctionSet init ()V 343 <appendix> argL0 ; # net/sf/saxon/functions/registry/XPath31FunctionSet$$Lambda+0x00000000377c0248
instanceKlass  @bci net/sf/saxon/functions/registry/XPath31FunctionSet init ()V 330 <appendix> argL0 ; # net/sf/saxon/functions/registry/XPath31FunctionSet$$Lambda+0x00000000377c0000
instanceKlass  @bci net/sf/saxon/functions/registry/XPath31FunctionSet init ()V 317 <appendix> argL0 ; # net/sf/saxon/functions/registry/XPath31FunctionSet$$Lambda+0x00000000377bfd78
instanceKlass  @bci net/sf/saxon/functions/registry/XPath31FunctionSet init ()V 304 <appendix> argL0 ; # net/sf/saxon/functions/registry/XPath31FunctionSet$$Lambda+0x00000000377bfb30
instanceKlass  @bci net/sf/saxon/functions/registry/XPath31FunctionSet init ()V 291 <appendix> argL0 ; # net/sf/saxon/functions/registry/XPath31FunctionSet$$Lambda+0x00000000377bf8e8
instanceKlass  @bci net/sf/saxon/functions/registry/XPath31FunctionSet init ()V 278 <appendix> argL0 ; # net/sf/saxon/functions/registry/XPath31FunctionSet$$Lambda+0x00000000377bf6a0
instanceKlass  @bci net/sf/saxon/functions/registry/XPath31FunctionSet init ()V 265 <appendix> argL0 ; # net/sf/saxon/functions/registry/XPath31FunctionSet$$Lambda+0x00000000377bf458
instanceKlass  @bci net/sf/saxon/functions/registry/XPath31FunctionSet init ()V 252 <appendix> argL0 ; # net/sf/saxon/functions/registry/XPath31FunctionSet$$Lambda+0x00000000377bf210
instanceKlass  @bci net/sf/saxon/functions/registry/XPath31FunctionSet init ()V 239 <appendix> argL0 ; # net/sf/saxon/functions/registry/XPath31FunctionSet$$Lambda+0x00000000377befc8
instanceKlass  @bci net/sf/saxon/functions/registry/XPath31FunctionSet init ()V 226 <appendix> argL0 ; # net/sf/saxon/functions/registry/XPath31FunctionSet$$Lambda+0x00000000377bed80
instanceKlass  @bci net/sf/saxon/functions/registry/XPath31FunctionSet init ()V 213 <appendix> argL0 ; # net/sf/saxon/functions/registry/XPath31FunctionSet$$Lambda+0x00000000377beb38
instanceKlass  @bci net/sf/saxon/functions/registry/XPath31FunctionSet init ()V 200 <appendix> argL0 ; # net/sf/saxon/functions/registry/XPath31FunctionSet$$Lambda+0x00000000377be8f0
instanceKlass  @bci net/sf/saxon/functions/registry/XPath31FunctionSet init ()V 187 <appendix> argL0 ; # net/sf/saxon/functions/registry/XPath31FunctionSet$$Lambda+0x00000000377be6a8
instanceKlass  @bci net/sf/saxon/functions/registry/XPath31FunctionSet init ()V 174 <appendix> argL0 ; # net/sf/saxon/functions/registry/XPath31FunctionSet$$Lambda+0x00000000377be460
instanceKlass  @bci net/sf/saxon/functions/registry/XPath31FunctionSet init ()V 161 <appendix> argL0 ; # net/sf/saxon/functions/registry/XPath31FunctionSet$$Lambda+0x00000000377be218
instanceKlass  @bci net/sf/saxon/functions/registry/XPath31FunctionSet init ()V 148 <appendix> argL0 ; # net/sf/saxon/functions/registry/XPath31FunctionSet$$Lambda+0x00000000377bdfd0
instanceKlass  @bci net/sf/saxon/functions/registry/XPath31FunctionSet init ()V 135 <appendix> argL0 ; # net/sf/saxon/functions/registry/XPath31FunctionSet$$Lambda+0x00000000377bdd88
instanceKlass  @bci net/sf/saxon/functions/registry/XPath31FunctionSet init ()V 122 <appendix> argL0 ; # net/sf/saxon/functions/registry/XPath31FunctionSet$$Lambda+0x00000000377bdb40
instanceKlass  @bci net/sf/saxon/functions/registry/XPath31FunctionSet init ()V 109 <appendix> argL0 ; # net/sf/saxon/functions/registry/XPath31FunctionSet$$Lambda+0x00000000377bd8f8
instanceKlass  @bci net/sf/saxon/functions/registry/XPath31FunctionSet init ()V 96 <appendix> argL0 ; # net/sf/saxon/functions/registry/XPath31FunctionSet$$Lambda+0x00000000377bd6b0
instanceKlass  @bci net/sf/saxon/functions/registry/XPath31FunctionSet init ()V 83 <appendix> argL0 ; # net/sf/saxon/functions/registry/XPath31FunctionSet$$Lambda+0x00000000377bd468
instanceKlass  @bci net/sf/saxon/functions/registry/XPath31FunctionSet init ()V 70 <appendix> argL0 ; # net/sf/saxon/functions/registry/XPath31FunctionSet$$Lambda+0x00000000377bd220
instanceKlass  @bci net/sf/saxon/functions/registry/XPath31FunctionSet init ()V 57 <appendix> argL0 ; # net/sf/saxon/functions/registry/XPath31FunctionSet$$Lambda+0x00000000377bcfd8
instanceKlass  @bci net/sf/saxon/functions/registry/XPath31FunctionSet init ()V 44 <appendix> argL0 ; # net/sf/saxon/functions/registry/XPath31FunctionSet$$Lambda+0x00000000377bcd90
instanceKlass  @bci net/sf/saxon/functions/registry/XPath31FunctionSet init ()V 31 <appendix> argL0 ; # net/sf/saxon/functions/registry/XPath31FunctionSet$$Lambda+0x00000000377bcb48
instanceKlass  @bci net/sf/saxon/functions/registry/XPath31FunctionSet init ()V 18 <appendix> argL0 ; # net/sf/saxon/functions/registry/XPath31FunctionSet$$Lambda+0x00000000377bc900
instanceKlass  @bci net/sf/saxon/functions/registry/XPath30FunctionSet init ()V 860 <appendix> argL0 ; # net/sf/saxon/functions/registry/XPath30FunctionSet$$Lambda+0x00000000377bc6b8
instanceKlass  @bci net/sf/saxon/functions/registry/XPath30FunctionSet init ()V 847 <appendix> argL0 ; # net/sf/saxon/functions/registry/XPath30FunctionSet$$Lambda+0x00000000377bc470
instanceKlass  @bci net/sf/saxon/functions/registry/XPath30FunctionSet init ()V 834 <appendix> argL0 ; # net/sf/saxon/functions/registry/XPath30FunctionSet$$Lambda+0x00000000377bc228
instanceKlass  @bci net/sf/saxon/functions/registry/XPath30FunctionSet init ()V 821 <appendix> argL0 ; # net/sf/saxon/functions/registry/XPath30FunctionSet$$Lambda+0x00000000377bbfe0
instanceKlass  @bci net/sf/saxon/functions/registry/XPath30FunctionSet init ()V 808 <appendix> argL0 ; # net/sf/saxon/functions/registry/XPath30FunctionSet$$Lambda+0x00000000377bbd98
instanceKlass  @bci net/sf/saxon/functions/registry/XPath30FunctionSet init ()V 795 <appendix> argL0 ; # net/sf/saxon/functions/registry/XPath30FunctionSet$$Lambda+0x00000000377bbb50
instanceKlass  @bci net/sf/saxon/functions/registry/XPath30FunctionSet init ()V 782 <appendix> argL0 ; # net/sf/saxon/functions/registry/XPath30FunctionSet$$Lambda+0x00000000377bb908
instanceKlass  @bci net/sf/saxon/functions/registry/XPath30FunctionSet init ()V 769 <appendix> argL0 ; # net/sf/saxon/functions/registry/XPath30FunctionSet$$Lambda+0x00000000377bb6c0
instanceKlass  @bci net/sf/saxon/functions/registry/XPath30FunctionSet init ()V 756 <appendix> argL0 ; # net/sf/saxon/functions/registry/XPath30FunctionSet$$Lambda+0x00000000377bb478
instanceKlass  @bci net/sf/saxon/functions/registry/XPath30FunctionSet init ()V 743 <appendix> argL0 ; # net/sf/saxon/functions/registry/XPath30FunctionSet$$Lambda+0x00000000377bb230
instanceKlass  @bci net/sf/saxon/functions/registry/XPath30FunctionSet init ()V 730 <appendix> argL0 ; # net/sf/saxon/functions/registry/XPath30FunctionSet$$Lambda+0x00000000377bafe8
instanceKlass  @bci net/sf/saxon/functions/registry/XPath30FunctionSet init ()V 717 <appendix> argL0 ; # net/sf/saxon/functions/registry/XPath30FunctionSet$$Lambda+0x00000000377bada0
instanceKlass  @bci net/sf/saxon/functions/registry/XPath30FunctionSet init ()V 704 <appendix> argL0 ; # net/sf/saxon/functions/registry/XPath30FunctionSet$$Lambda+0x00000000377bab58
instanceKlass  @bci net/sf/saxon/functions/registry/XPath30FunctionSet init ()V 691 <appendix> argL0 ; # net/sf/saxon/functions/registry/XPath30FunctionSet$$Lambda+0x00000000377ba910
instanceKlass  @bci net/sf/saxon/functions/registry/XPath30FunctionSet init ()V 678 <appendix> argL0 ; # net/sf/saxon/functions/registry/XPath30FunctionSet$$Lambda+0x00000000377ba6c8
instanceKlass  @bci net/sf/saxon/functions/registry/XPath30FunctionSet init ()V 665 <appendix> argL0 ; # net/sf/saxon/functions/registry/XPath30FunctionSet$$Lambda+0x00000000377ba480
instanceKlass  @bci net/sf/saxon/functions/registry/XPath30FunctionSet init ()V 652 <appendix> argL0 ; # net/sf/saxon/functions/registry/XPath30FunctionSet$$Lambda+0x00000000377ba238
instanceKlass  @bci net/sf/saxon/functions/registry/XPath30FunctionSet init ()V 639 <appendix> argL0 ; # net/sf/saxon/functions/registry/XPath30FunctionSet$$Lambda+0x00000000377b9ff0
instanceKlass  @bci net/sf/saxon/functions/registry/XPath30FunctionSet init ()V 626 <appendix> argL0 ; # net/sf/saxon/functions/registry/XPath30FunctionSet$$Lambda+0x00000000377b9da8
instanceKlass  @bci net/sf/saxon/functions/registry/XPath30FunctionSet init ()V 613 <appendix> argL0 ; # net/sf/saxon/functions/registry/XPath30FunctionSet$$Lambda+0x00000000377b9b60
instanceKlass  @bci net/sf/saxon/functions/registry/XPath30FunctionSet init ()V 600 <appendix> argL0 ; # net/sf/saxon/functions/registry/XPath30FunctionSet$$Lambda+0x00000000377b9918
instanceKlass  @bci net/sf/saxon/functions/registry/XPath30FunctionSet init ()V 587 <appendix> argL0 ; # net/sf/saxon/functions/registry/XPath30FunctionSet$$Lambda+0x00000000377b96d0
instanceKlass  @bci net/sf/saxon/functions/registry/XPath30FunctionSet init ()V 574 <appendix> argL0 ; # net/sf/saxon/functions/registry/XPath30FunctionSet$$Lambda+0x00000000377b9488
instanceKlass  @bci net/sf/saxon/functions/registry/XPath30FunctionSet init ()V 561 <appendix> argL0 ; # net/sf/saxon/functions/registry/XPath30FunctionSet$$Lambda+0x00000000377b9240
instanceKlass  @bci net/sf/saxon/functions/registry/XPath30FunctionSet init ()V 548 <appendix> argL0 ; # net/sf/saxon/functions/registry/XPath30FunctionSet$$Lambda+0x00000000377b8ff8
instanceKlass  @bci net/sf/saxon/functions/registry/XPath30FunctionSet init ()V 535 <appendix> argL0 ; # net/sf/saxon/functions/registry/XPath30FunctionSet$$Lambda+0x00000000377b8db0
instanceKlass  @bci net/sf/saxon/functions/registry/XPath30FunctionSet init ()V 522 <appendix> argL0 ; # net/sf/saxon/functions/registry/XPath30FunctionSet$$Lambda+0x00000000377b8b68
instanceKlass  @bci net/sf/saxon/functions/registry/XPath30FunctionSet init ()V 509 <appendix> argL0 ; # net/sf/saxon/functions/registry/XPath30FunctionSet$$Lambda+0x00000000377b8920
instanceKlass  @bci net/sf/saxon/functions/registry/XPath30FunctionSet init ()V 496 <appendix> argL0 ; # net/sf/saxon/functions/registry/XPath30FunctionSet$$Lambda+0x00000000377b86d8
instanceKlass  @bci net/sf/saxon/functions/registry/XPath30FunctionSet init ()V 483 <appendix> argL0 ; # net/sf/saxon/functions/registry/XPath30FunctionSet$$Lambda+0x00000000377b8490
instanceKlass  @bci net/sf/saxon/functions/registry/XPath30FunctionSet init ()V 470 <appendix> argL0 ; # net/sf/saxon/functions/registry/XPath30FunctionSet$$Lambda+0x00000000377b8248
instanceKlass  @bci net/sf/saxon/functions/registry/XPath30FunctionSet init ()V 457 <appendix> argL0 ; # net/sf/saxon/functions/registry/XPath30FunctionSet$$Lambda+0x00000000377b8000
instanceKlass  @bci net/sf/saxon/functions/registry/XPath30FunctionSet init ()V 444 <appendix> argL0 ; # net/sf/saxon/functions/registry/XPath30FunctionSet$$Lambda+0x00000000377b7bf8
instanceKlass  @bci net/sf/saxon/functions/registry/XPath30FunctionSet init ()V 431 <appendix> argL0 ; # net/sf/saxon/functions/registry/XPath30FunctionSet$$Lambda+0x00000000377b79b0
instanceKlass  @bci net/sf/saxon/functions/registry/XPath30FunctionSet init ()V 418 <appendix> argL0 ; # net/sf/saxon/functions/registry/XPath30FunctionSet$$Lambda+0x00000000377b7768
instanceKlass  @bci net/sf/saxon/functions/registry/XPath30FunctionSet init ()V 405 <appendix> argL0 ; # net/sf/saxon/functions/registry/XPath30FunctionSet$$Lambda+0x00000000377b7520
instanceKlass  @bci net/sf/saxon/functions/registry/XPath30FunctionSet init ()V 392 <appendix> argL0 ; # net/sf/saxon/functions/registry/XPath30FunctionSet$$Lambda+0x00000000377b72d8
instanceKlass  @bci net/sf/saxon/functions/registry/XPath30FunctionSet init ()V 379 <appendix> argL0 ; # net/sf/saxon/functions/registry/XPath30FunctionSet$$Lambda+0x00000000377b7090
instanceKlass  @bci net/sf/saxon/functions/registry/XPath30FunctionSet init ()V 366 <appendix> argL0 ; # net/sf/saxon/functions/registry/XPath30FunctionSet$$Lambda+0x00000000377b6e48
instanceKlass  @bci net/sf/saxon/functions/registry/XPath30FunctionSet init ()V 353 <appendix> member <vmtarget> ; # net/sf/saxon/functions/registry/XPath30FunctionSet$$Lambda+0x00000000377b6bf8
instanceKlass  @bci net/sf/saxon/functions/registry/XPath30FunctionSet init ()V 307 <appendix> member <vmtarget> ; # net/sf/saxon/functions/registry/XPath30FunctionSet$$Lambda+0x00000000377b69a8
instanceKlass  @bci net/sf/saxon/functions/registry/XPath30FunctionSet init ()V 267 <appendix> member <vmtarget> ; # net/sf/saxon/functions/registry/XPath30FunctionSet$$Lambda+0x00000000377b6758
instanceKlass  @bci net/sf/saxon/functions/registry/XPath30FunctionSet init ()V 221 <appendix> member <vmtarget> ; # net/sf/saxon/functions/registry/XPath30FunctionSet$$Lambda+0x00000000377b6508
instanceKlass  @bci net/sf/saxon/functions/registry/XPath30FunctionSet init ()V 177 <appendix> member <vmtarget> ; # net/sf/saxon/functions/registry/XPath30FunctionSet$$Lambda+0x00000000377b62b8
instanceKlass net/sf/saxon/query/AnnotationList
instanceKlass  @bci net/sf/saxon/functions/registry/XPath30FunctionSet init ()V 139 <appendix> argL0 ; # net/sf/saxon/functions/registry/XPath30FunctionSet$$Lambda+0x00000000377b5010
instanceKlass  @bci net/sf/saxon/functions/registry/XPath30FunctionSet init ()V 126 <appendix> argL0 ; # net/sf/saxon/functions/registry/XPath30FunctionSet$$Lambda+0x00000000377b4dc8
instanceKlass  @bci net/sf/saxon/functions/registry/XPath30FunctionSet init ()V 113 <appendix> argL0 ; # net/sf/saxon/functions/registry/XPath30FunctionSet$$Lambda+0x00000000377b4b80
instanceKlass  @bci net/sf/saxon/functions/registry/XPath30FunctionSet init ()V 100 <appendix> argL0 ; # net/sf/saxon/functions/registry/XPath30FunctionSet$$Lambda+0x00000000377b4938
instanceKlass  @bci net/sf/saxon/functions/registry/XPath30FunctionSet init ()V 87 <appendix> argL0 ; # net/sf/saxon/functions/registry/XPath30FunctionSet$$Lambda+0x00000000377b46f0
instanceKlass  @bci net/sf/saxon/functions/registry/XPath30FunctionSet init ()V 74 <appendix> argL0 ; # net/sf/saxon/functions/registry/XPath30FunctionSet$$Lambda+0x00000000377b44a8
instanceKlass  @bci net/sf/saxon/functions/registry/XPath30FunctionSet init ()V 61 <appendix> argL0 ; # net/sf/saxon/functions/registry/XPath30FunctionSet$$Lambda+0x00000000377b4260
instanceKlass  @bci net/sf/saxon/functions/registry/XPath30FunctionSet init ()V 48 <appendix> member <vmtarget> ; # net/sf/saxon/functions/registry/XPath30FunctionSet$$Lambda+0x00000000377b4010
instanceKlass net/sf/saxon/pattern/qname/PortableQNameTest
instanceKlass  @bci net/sf/saxon/functions/registry/XPath30FunctionSet init ()V 11 <appendix> argL0 ; # net/sf/saxon/functions/registry/XPath30FunctionSet$$Lambda+0x00000000377b36c0
instanceKlass  @bci net/sf/saxon/functions/registry/XPath20FunctionSet init ()V 2003 <appendix> argL0 ; # net/sf/saxon/functions/registry/XPath20FunctionSet$$Lambda+0x00000000377b3478
instanceKlass  @bci net/sf/saxon/functions/registry/XPath20FunctionSet init ()V 1989 <appendix> argL0 ; # net/sf/saxon/functions/registry/XPath20FunctionSet$$Lambda+0x00000000377b3230
instanceKlass  @bci net/sf/saxon/functions/registry/XPath20FunctionSet init ()V 1975 <appendix> argL0 ; # net/sf/saxon/functions/registry/XPath20FunctionSet$$Lambda+0x00000000377b2fe8
instanceKlass  @bci net/sf/saxon/functions/registry/XPath20FunctionSet init ()V 1961 <appendix> argL0 ; # net/sf/saxon/functions/registry/XPath20FunctionSet$$Lambda+0x00000000377b2da0
instanceKlass  @bci net/sf/saxon/functions/registry/XPath20FunctionSet init ()V 1947 <appendix> argL0 ; # net/sf/saxon/functions/registry/XPath20FunctionSet$$Lambda+0x00000000377b2b58
instanceKlass  @bci net/sf/saxon/functions/registry/XPath20FunctionSet init ()V 1933 <appendix> argL0 ; # net/sf/saxon/functions/registry/XPath20FunctionSet$$Lambda+0x00000000377b2910
instanceKlass  @bci net/sf/saxon/functions/registry/XPath20FunctionSet init ()V 1919 <appendix> argL0 ; # net/sf/saxon/functions/registry/XPath20FunctionSet$$Lambda+0x00000000377b26c8
instanceKlass  @bci net/sf/saxon/functions/registry/XPath20FunctionSet init ()V 1905 <appendix> argL0 ; # net/sf/saxon/functions/registry/XPath20FunctionSet$$Lambda+0x00000000377b2480
instanceKlass  @bci net/sf/saxon/functions/registry/XPath20FunctionSet init ()V 1891 <appendix> argL0 ; # net/sf/saxon/functions/registry/XPath20FunctionSet$$Lambda+0x00000000377b2238
instanceKlass  @bci net/sf/saxon/functions/registry/XPath20FunctionSet init ()V 1877 <appendix> argL0 ; # net/sf/saxon/functions/registry/XPath20FunctionSet$$Lambda+0x00000000377b1ff0
instanceKlass  @bci net/sf/saxon/functions/registry/XPath20FunctionSet init ()V 1863 <appendix> argL0 ; # net/sf/saxon/functions/registry/XPath20FunctionSet$$Lambda+0x00000000377b1da8
instanceKlass  @bci net/sf/saxon/functions/registry/XPath20FunctionSet init ()V 1849 <appendix> argL0 ; # net/sf/saxon/functions/registry/XPath20FunctionSet$$Lambda+0x00000000377b1b60
instanceKlass  @bci net/sf/saxon/functions/registry/XPath20FunctionSet init ()V 1835 <appendix> argL0 ; # net/sf/saxon/functions/registry/XPath20FunctionSet$$Lambda+0x00000000377b1918
instanceKlass  @bci net/sf/saxon/functions/registry/XPath20FunctionSet init ()V 1821 <appendix> argL0 ; # net/sf/saxon/functions/registry/XPath20FunctionSet$$Lambda+0x00000000377b16d0
instanceKlass  @bci net/sf/saxon/functions/registry/XPath20FunctionSet init ()V 1807 <appendix> argL0 ; # net/sf/saxon/functions/registry/XPath20FunctionSet$$Lambda+0x00000000377b1488
instanceKlass  @bci net/sf/saxon/functions/registry/XPath20FunctionSet init ()V 1792 <appendix> argL0 ; # net/sf/saxon/functions/registry/XPath20FunctionSet$$Lambda+0x00000000377b1240
instanceKlass  @bci net/sf/saxon/functions/registry/XPath20FunctionSet init ()V 1778 <appendix> argL0 ; # net/sf/saxon/functions/registry/XPath20FunctionSet$$Lambda+0x00000000377b0ff8
instanceKlass  @bci net/sf/saxon/functions/registry/XPath20FunctionSet init ()V 1764 <appendix> argL0 ; # net/sf/saxon/functions/registry/XPath20FunctionSet$$Lambda+0x00000000377b0db0
instanceKlass  @bci net/sf/saxon/functions/registry/XPath20FunctionSet init ()V 1750 <appendix> argL0 ; # net/sf/saxon/functions/registry/XPath20FunctionSet$$Lambda+0x00000000377b0b68
instanceKlass  @bci net/sf/saxon/functions/registry/XPath20FunctionSet init ()V 1736 <appendix> argL0 ; # net/sf/saxon/functions/registry/XPath20FunctionSet$$Lambda+0x00000000377b0920
instanceKlass  @bci net/sf/saxon/functions/registry/XPath20FunctionSet init ()V 1722 <appendix> argL0 ; # net/sf/saxon/functions/registry/XPath20FunctionSet$$Lambda+0x00000000377b06d8
instanceKlass  @bci net/sf/saxon/functions/registry/XPath20FunctionSet init ()V 1708 <appendix> argL0 ; # net/sf/saxon/functions/registry/XPath20FunctionSet$$Lambda+0x00000000377b0490
instanceKlass  @bci net/sf/saxon/functions/registry/XPath20FunctionSet init ()V 1694 <appendix> argL0 ; # net/sf/saxon/functions/registry/XPath20FunctionSet$$Lambda+0x00000000377b0248
instanceKlass  @bci net/sf/saxon/functions/registry/XPath20FunctionSet init ()V 1680 <appendix> argL0 ; # net/sf/saxon/functions/registry/XPath20FunctionSet$$Lambda+0x00000000377b0000
instanceKlass  @bci net/sf/saxon/functions/registry/XPath20FunctionSet init ()V 1666 <appendix> argL0 ; # net/sf/saxon/functions/registry/XPath20FunctionSet$$Lambda+0x00000000377afd78
instanceKlass  @bci net/sf/saxon/functions/registry/XPath20FunctionSet init ()V 1652 <appendix> argL0 ; # net/sf/saxon/functions/registry/XPath20FunctionSet$$Lambda+0x00000000377afb30
instanceKlass  @bci net/sf/saxon/functions/registry/XPath20FunctionSet init ()V 1638 <appendix> argL0 ; # net/sf/saxon/functions/registry/XPath20FunctionSet$$Lambda+0x00000000377af8e8
instanceKlass  @bci net/sf/saxon/functions/registry/XPath20FunctionSet init ()V 1624 <appendix> argL0 ; # net/sf/saxon/functions/registry/XPath20FunctionSet$$Lambda+0x00000000377af6a0
instanceKlass  @bci net/sf/saxon/functions/registry/XPath20FunctionSet init ()V 1610 <appendix> argL0 ; # net/sf/saxon/functions/registry/XPath20FunctionSet$$Lambda+0x00000000377af458
instanceKlass  @bci net/sf/saxon/functions/registry/XPath20FunctionSet init ()V 1596 <appendix> argL0 ; # net/sf/saxon/functions/registry/XPath20FunctionSet$$Lambda+0x00000000377af210
instanceKlass  @bci net/sf/saxon/functions/registry/XPath20FunctionSet init ()V 1582 <appendix> argL0 ; # net/sf/saxon/functions/registry/XPath20FunctionSet$$Lambda+0x00000000377aefc8
instanceKlass  @bci net/sf/saxon/functions/registry/XPath20FunctionSet init ()V 1568 <appendix> argL0 ; # net/sf/saxon/functions/registry/XPath20FunctionSet$$Lambda+0x00000000377aed80
instanceKlass  @bci net/sf/saxon/functions/registry/XPath20FunctionSet init ()V 1554 <appendix> argL0 ; # net/sf/saxon/functions/registry/XPath20FunctionSet$$Lambda+0x00000000377aeb38
instanceKlass  @bci net/sf/saxon/functions/registry/XPath20FunctionSet init ()V 1540 <appendix> argL0 ; # net/sf/saxon/functions/registry/XPath20FunctionSet$$Lambda+0x00000000377ae8f0
instanceKlass  @bci net/sf/saxon/functions/registry/XPath20FunctionSet init ()V 1526 <appendix> argL0 ; # net/sf/saxon/functions/registry/XPath20FunctionSet$$Lambda+0x00000000377ae6a8
instanceKlass  @bci net/sf/saxon/functions/registry/XPath20FunctionSet init ()V 1512 <appendix> argL0 ; # net/sf/saxon/functions/registry/XPath20FunctionSet$$Lambda+0x00000000377ae460
instanceKlass  @bci net/sf/saxon/functions/registry/XPath20FunctionSet init ()V 1498 <appendix> argL0 ; # net/sf/saxon/functions/registry/XPath20FunctionSet$$Lambda+0x00000000377ae218
instanceKlass  @bci net/sf/saxon/functions/registry/XPath20FunctionSet init ()V 1484 <appendix> argL0 ; # net/sf/saxon/functions/registry/XPath20FunctionSet$$Lambda+0x00000000377adfd0
instanceKlass  @bci net/sf/saxon/functions/registry/XPath20FunctionSet init ()V 1470 <appendix> argL0 ; # net/sf/saxon/functions/registry/XPath20FunctionSet$$Lambda+0x00000000377add88
instanceKlass  @bci net/sf/saxon/functions/registry/XPath20FunctionSet init ()V 1456 <appendix> argL0 ; # net/sf/saxon/functions/registry/XPath20FunctionSet$$Lambda+0x00000000377adb40
instanceKlass  @bci net/sf/saxon/functions/registry/XPath20FunctionSet init ()V 1442 <appendix> argL0 ; # net/sf/saxon/functions/registry/XPath20FunctionSet$$Lambda+0x00000000377ad8f8
instanceKlass  @bci net/sf/saxon/functions/registry/XPath20FunctionSet init ()V 1428 <appendix> argL0 ; # net/sf/saxon/functions/registry/XPath20FunctionSet$$Lambda+0x00000000377ad6b0
instanceKlass  @bci net/sf/saxon/functions/registry/XPath20FunctionSet init ()V 1414 <appendix> argL0 ; # net/sf/saxon/functions/registry/XPath20FunctionSet$$Lambda+0x00000000377ad468
instanceKlass  @bci net/sf/saxon/functions/registry/XPath20FunctionSet init ()V 1400 <appendix> argL0 ; # net/sf/saxon/functions/registry/XPath20FunctionSet$$Lambda+0x00000000377ad220
instanceKlass  @bci net/sf/saxon/functions/registry/XPath20FunctionSet init ()V 1386 <appendix> argL0 ; # net/sf/saxon/functions/registry/XPath20FunctionSet$$Lambda+0x00000000377acfd8
instanceKlass  @bci net/sf/saxon/functions/registry/XPath20FunctionSet init ()V 1372 <appendix> argL0 ; # net/sf/saxon/functions/registry/XPath20FunctionSet$$Lambda+0x00000000377acd90
instanceKlass  @bci net/sf/saxon/functions/registry/XPath20FunctionSet init ()V 1358 <appendix> argL0 ; # net/sf/saxon/functions/registry/XPath20FunctionSet$$Lambda+0x00000000377acb48
instanceKlass  @bci net/sf/saxon/functions/registry/XPath20FunctionSet init ()V 1344 <appendix> argL0 ; # net/sf/saxon/functions/registry/XPath20FunctionSet$$Lambda+0x00000000377ac900
instanceKlass  @bci net/sf/saxon/functions/registry/XPath20FunctionSet init ()V 1330 <appendix> argL0 ; # net/sf/saxon/functions/registry/XPath20FunctionSet$$Lambda+0x00000000377ac6b8
instanceKlass  @bci net/sf/saxon/functions/registry/XPath20FunctionSet init ()V 1316 <appendix> argL0 ; # net/sf/saxon/functions/registry/XPath20FunctionSet$$Lambda+0x00000000377ac470
instanceKlass  @bci net/sf/saxon/functions/registry/XPath20FunctionSet init ()V 1302 <appendix> argL0 ; # net/sf/saxon/functions/registry/XPath20FunctionSet$$Lambda+0x00000000377ac228
instanceKlass  @bci net/sf/saxon/functions/registry/XPath20FunctionSet init ()V 1288 <appendix> argL0 ; # net/sf/saxon/functions/registry/XPath20FunctionSet$$Lambda+0x00000000377abfe0
instanceKlass  @bci net/sf/saxon/functions/registry/XPath20FunctionSet init ()V 1274 <appendix> argL0 ; # net/sf/saxon/functions/registry/XPath20FunctionSet$$Lambda+0x00000000377abd98
instanceKlass  @bci net/sf/saxon/functions/registry/XPath20FunctionSet init ()V 1260 <appendix> argL0 ; # net/sf/saxon/functions/registry/XPath20FunctionSet$$Lambda+0x00000000377abb50
instanceKlass  @bci net/sf/saxon/functions/registry/XPath20FunctionSet init ()V 1246 <appendix> argL0 ; # net/sf/saxon/functions/registry/XPath20FunctionSet$$Lambda+0x00000000377ab908
instanceKlass  @bci net/sf/saxon/functions/registry/XPath20FunctionSet init ()V 1232 <appendix> argL0 ; # net/sf/saxon/functions/registry/XPath20FunctionSet$$Lambda+0x00000000377ab6c0
instanceKlass  @bci net/sf/saxon/functions/registry/XPath20FunctionSet init ()V 1218 <appendix> argL0 ; # net/sf/saxon/functions/registry/XPath20FunctionSet$$Lambda+0x00000000377ab478
instanceKlass  @bci net/sf/saxon/functions/registry/XPath20FunctionSet init ()V 1204 <appendix> argL0 ; # net/sf/saxon/functions/registry/XPath20FunctionSet$$Lambda+0x00000000377ab230
instanceKlass  @bci net/sf/saxon/functions/registry/XPath20FunctionSet init ()V 1190 <appendix> argL0 ; # net/sf/saxon/functions/registry/XPath20FunctionSet$$Lambda+0x00000000377aafe8
instanceKlass  @bci net/sf/saxon/functions/registry/XPath20FunctionSet init ()V 1176 <appendix> argL0 ; # net/sf/saxon/functions/registry/XPath20FunctionSet$$Lambda+0x00000000377aada0
instanceKlass  @bci net/sf/saxon/functions/registry/XPath20FunctionSet init ()V 1163 <appendix> argL0 ; # net/sf/saxon/functions/registry/XPath20FunctionSet$$Lambda+0x00000000377aab58
instanceKlass  @bci net/sf/saxon/functions/registry/XPath20FunctionSet init ()V 1150 <appendix> argL0 ; # net/sf/saxon/functions/registry/XPath20FunctionSet$$Lambda+0x00000000377aa910
instanceKlass  @bci net/sf/saxon/functions/registry/XPath20FunctionSet init ()V 1137 <appendix> argL0 ; # net/sf/saxon/functions/registry/XPath20FunctionSet$$Lambda+0x00000000377aa6c8
instanceKlass  @bci net/sf/saxon/functions/registry/XPath20FunctionSet init ()V 1124 <appendix> argL0 ; # net/sf/saxon/functions/registry/XPath20FunctionSet$$Lambda+0x00000000377aa480
instanceKlass  @bci net/sf/saxon/functions/registry/XPath20FunctionSet init ()V 1111 <appendix> argL0 ; # net/sf/saxon/functions/registry/XPath20FunctionSet$$Lambda+0x00000000377aa238
instanceKlass  @bci net/sf/saxon/functions/registry/XPath20FunctionSet init ()V 1098 <appendix> argL0 ; # net/sf/saxon/functions/registry/XPath20FunctionSet$$Lambda+0x00000000377a9ff0
instanceKlass  @bci net/sf/saxon/functions/registry/XPath20FunctionSet init ()V 1085 <appendix> argL0 ; # net/sf/saxon/functions/registry/XPath20FunctionSet$$Lambda+0x00000000377a9da8
instanceKlass  @bci net/sf/saxon/functions/registry/XPath20FunctionSet init ()V 1072 <appendix> argL0 ; # net/sf/saxon/functions/registry/XPath20FunctionSet$$Lambda+0x00000000377a9b60
instanceKlass  @bci net/sf/saxon/functions/registry/XPath20FunctionSet init ()V 1059 <appendix> argL0 ; # net/sf/saxon/functions/registry/XPath20FunctionSet$$Lambda+0x00000000377a9918
instanceKlass  @bci net/sf/saxon/functions/registry/XPath20FunctionSet init ()V 1046 <appendix> argL0 ; # net/sf/saxon/functions/registry/XPath20FunctionSet$$Lambda+0x00000000377a96d0
instanceKlass  @bci net/sf/saxon/functions/registry/XPath20FunctionSet init ()V 1033 <appendix> argL0 ; # net/sf/saxon/functions/registry/XPath20FunctionSet$$Lambda+0x00000000377a9488
instanceKlass  @bci net/sf/saxon/functions/registry/XPath20FunctionSet init ()V 1020 <appendix> argL0 ; # net/sf/saxon/functions/registry/XPath20FunctionSet$$Lambda+0x00000000377a9240
instanceKlass  @bci net/sf/saxon/functions/registry/XPath20FunctionSet init ()V 1007 <appendix> argL0 ; # net/sf/saxon/functions/registry/XPath20FunctionSet$$Lambda+0x00000000377a8ff8
instanceKlass  @bci net/sf/saxon/functions/registry/XPath20FunctionSet init ()V 994 <appendix> argL0 ; # net/sf/saxon/functions/registry/XPath20FunctionSet$$Lambda+0x00000000377a8db0
instanceKlass  @bci net/sf/saxon/functions/registry/XPath20FunctionSet init ()V 981 <appendix> argL0 ; # net/sf/saxon/functions/registry/XPath20FunctionSet$$Lambda+0x00000000377a8b68
instanceKlass  @bci net/sf/saxon/functions/registry/XPath20FunctionSet init ()V 968 <appendix> argL0 ; # net/sf/saxon/functions/registry/XPath20FunctionSet$$Lambda+0x00000000377a8920
instanceKlass  @bci net/sf/saxon/functions/registry/XPath20FunctionSet init ()V 955 <appendix> argL0 ; # net/sf/saxon/functions/registry/XPath20FunctionSet$$Lambda+0x00000000377a86d8
instanceKlass  @bci net/sf/saxon/functions/registry/XPath20FunctionSet init ()V 942 <appendix> argL0 ; # net/sf/saxon/functions/registry/XPath20FunctionSet$$Lambda+0x00000000377a8490
instanceKlass  @bci net/sf/saxon/functions/registry/XPath20FunctionSet init ()V 929 <appendix> argL0 ; # net/sf/saxon/functions/registry/XPath20FunctionSet$$Lambda+0x00000000377a8248
instanceKlass  @bci net/sf/saxon/functions/registry/XPath20FunctionSet init ()V 916 <appendix> argL0 ; # net/sf/saxon/functions/registry/XPath20FunctionSet$$Lambda+0x00000000377a8000
instanceKlass  @bci net/sf/saxon/functions/registry/XPath20FunctionSet init ()V 903 <appendix> argL0 ; # net/sf/saxon/functions/registry/XPath20FunctionSet$$Lambda+0x00000000377a7d78
instanceKlass  @bci net/sf/saxon/functions/registry/XPath20FunctionSet init ()V 890 <appendix> argL0 ; # net/sf/saxon/functions/registry/XPath20FunctionSet$$Lambda+0x00000000377a7b30
instanceKlass  @bci net/sf/saxon/functions/registry/XPath20FunctionSet init ()V 877 <appendix> argL0 ; # net/sf/saxon/functions/registry/XPath20FunctionSet$$Lambda+0x00000000377a78e8
instanceKlass  @bci net/sf/saxon/functions/registry/XPath20FunctionSet init ()V 864 <appendix> argL0 ; # net/sf/saxon/functions/registry/XPath20FunctionSet$$Lambda+0x00000000377a76a0
instanceKlass  @bci net/sf/saxon/functions/registry/XPath20FunctionSet init ()V 851 <appendix> argL0 ; # net/sf/saxon/functions/registry/XPath20FunctionSet$$Lambda+0x00000000377a7458
instanceKlass  @bci net/sf/saxon/functions/registry/XPath20FunctionSet init ()V 837 <appendix> argL0 ; # net/sf/saxon/functions/registry/XPath20FunctionSet$$Lambda+0x00000000377a7210
instanceKlass  @bci net/sf/saxon/functions/registry/XPath20FunctionSet init ()V 824 <appendix> argL0 ; # net/sf/saxon/functions/registry/XPath20FunctionSet$$Lambda+0x00000000377a6fc8
instanceKlass  @bci net/sf/saxon/functions/registry/XPath20FunctionSet init ()V 811 <appendix> argL0 ; # net/sf/saxon/functions/registry/XPath20FunctionSet$$Lambda+0x00000000377a6d80
instanceKlass  @bci net/sf/saxon/functions/registry/XPath20FunctionSet init ()V 798 <appendix> argL0 ; # net/sf/saxon/functions/registry/XPath20FunctionSet$$Lambda+0x00000000377a6b38
instanceKlass  @bci net/sf/saxon/functions/registry/XPath20FunctionSet init ()V 785 <appendix> argL0 ; # net/sf/saxon/functions/registry/XPath20FunctionSet$$Lambda+0x00000000377a68f0
instanceKlass  @bci net/sf/saxon/functions/registry/XPath20FunctionSet init ()V 772 <appendix> argL0 ; # net/sf/saxon/functions/registry/XPath20FunctionSet$$Lambda+0x00000000377a66a8
instanceKlass  @bci net/sf/saxon/functions/registry/XPath20FunctionSet init ()V 759 <appendix> argL0 ; # net/sf/saxon/functions/registry/XPath20FunctionSet$$Lambda+0x00000000377a6460
instanceKlass  @bci net/sf/saxon/functions/registry/XPath20FunctionSet init ()V 746 <appendix> argL0 ; # net/sf/saxon/functions/registry/XPath20FunctionSet$$Lambda+0x00000000377a6218
instanceKlass  @bci net/sf/saxon/functions/registry/XPath20FunctionSet init ()V 733 <appendix> argL0 ; # net/sf/saxon/functions/registry/XPath20FunctionSet$$Lambda+0x00000000377a5fd0
instanceKlass  @bci net/sf/saxon/functions/registry/XPath20FunctionSet init ()V 720 <appendix> argL0 ; # net/sf/saxon/functions/registry/XPath20FunctionSet$$Lambda+0x00000000377a5d88
instanceKlass  @bci net/sf/saxon/functions/registry/XPath20FunctionSet init ()V 707 <appendix> argL0 ; # net/sf/saxon/functions/registry/XPath20FunctionSet$$Lambda+0x00000000377a5b40
instanceKlass  @bci net/sf/saxon/functions/registry/XPath20FunctionSet init ()V 694 <appendix> argL0 ; # net/sf/saxon/functions/registry/XPath20FunctionSet$$Lambda+0x00000000377a58f8
instanceKlass  @bci net/sf/saxon/functions/registry/XPath20FunctionSet init ()V 681 <appendix> argL0 ; # net/sf/saxon/functions/registry/XPath20FunctionSet$$Lambda+0x00000000377a56b0
instanceKlass  @bci net/sf/saxon/functions/registry/XPath20FunctionSet init ()V 668 <appendix> argL0 ; # net/sf/saxon/functions/registry/XPath20FunctionSet$$Lambda+0x00000000377a5468
instanceKlass  @bci net/sf/saxon/functions/registry/XPath20FunctionSet init ()V 655 <appendix> argL0 ; # net/sf/saxon/functions/registry/XPath20FunctionSet$$Lambda+0x00000000377a5220
instanceKlass  @bci net/sf/saxon/functions/registry/XPath20FunctionSet init ()V 642 <appendix> argL0 ; # net/sf/saxon/functions/registry/XPath20FunctionSet$$Lambda+0x00000000377a4fd8
instanceKlass  @bci net/sf/saxon/functions/registry/XPath20FunctionSet init ()V 629 <appendix> argL0 ; # net/sf/saxon/functions/registry/XPath20FunctionSet$$Lambda+0x00000000377a4d90
instanceKlass  @bci net/sf/saxon/functions/registry/XPath20FunctionSet init ()V 616 <appendix> argL0 ; # net/sf/saxon/functions/registry/XPath20FunctionSet$$Lambda+0x00000000377a4b48
instanceKlass  @bci net/sf/saxon/functions/registry/XPath20FunctionSet init ()V 603 <appendix> argL0 ; # net/sf/saxon/functions/registry/XPath20FunctionSet$$Lambda+0x00000000377a4900
instanceKlass  @bci net/sf/saxon/functions/registry/XPath20FunctionSet init ()V 590 <appendix> argL0 ; # net/sf/saxon/functions/registry/XPath20FunctionSet$$Lambda+0x00000000377a46b8
instanceKlass  @bci net/sf/saxon/functions/registry/XPath20FunctionSet init ()V 577 <appendix> argL0 ; # net/sf/saxon/functions/registry/XPath20FunctionSet$$Lambda+0x00000000377a4470
instanceKlass  @bci net/sf/saxon/functions/registry/XPath20FunctionSet init ()V 564 <appendix> argL0 ; # net/sf/saxon/functions/registry/XPath20FunctionSet$$Lambda+0x00000000377a4228
instanceKlass  @bci net/sf/saxon/functions/registry/XPath20FunctionSet init ()V 551 <appendix> argL0 ; # net/sf/saxon/functions/registry/XPath20FunctionSet$$Lambda+0x00000000377a3fe0
instanceKlass  @bci net/sf/saxon/functions/registry/XPath20FunctionSet init ()V 538 <appendix> argL0 ; # net/sf/saxon/functions/registry/XPath20FunctionSet$$Lambda+0x00000000377a3d98
instanceKlass  @bci net/sf/saxon/functions/registry/XPath20FunctionSet init ()V 525 <appendix> argL0 ; # net/sf/saxon/functions/registry/XPath20FunctionSet$$Lambda+0x00000000377a3b50
instanceKlass  @bci net/sf/saxon/functions/registry/XPath20FunctionSet init ()V 512 <appendix> argL0 ; # net/sf/saxon/functions/registry/XPath20FunctionSet$$Lambda+0x00000000377a3908
instanceKlass  @bci net/sf/saxon/functions/registry/XPath20FunctionSet init ()V 499 <appendix> argL0 ; # net/sf/saxon/functions/registry/XPath20FunctionSet$$Lambda+0x00000000377a36c0
instanceKlass  @bci net/sf/saxon/functions/registry/XPath20FunctionSet init ()V 486 <appendix> argL0 ; # net/sf/saxon/functions/registry/XPath20FunctionSet$$Lambda+0x00000000377a3478
instanceKlass  @bci net/sf/saxon/functions/registry/XPath20FunctionSet init ()V 473 <appendix> argL0 ; # net/sf/saxon/functions/registry/XPath20FunctionSet$$Lambda+0x00000000377a3230
instanceKlass  @bci net/sf/saxon/functions/registry/XPath20FunctionSet init ()V 460 <appendix> argL0 ; # net/sf/saxon/functions/registry/XPath20FunctionSet$$Lambda+0x00000000377a2fe8
instanceKlass  @bci net/sf/saxon/functions/registry/XPath20FunctionSet init ()V 447 <appendix> argL0 ; # net/sf/saxon/functions/registry/XPath20FunctionSet$$Lambda+0x00000000377a2da0
instanceKlass  @bci net/sf/saxon/functions/registry/XPath20FunctionSet init ()V 434 <appendix> argL0 ; # net/sf/saxon/functions/registry/XPath20FunctionSet$$Lambda+0x00000000377a2b58
instanceKlass  @bci net/sf/saxon/functions/registry/XPath20FunctionSet init ()V 421 <appendix> argL0 ; # net/sf/saxon/functions/registry/XPath20FunctionSet$$Lambda+0x00000000377a2910
instanceKlass  @bci net/sf/saxon/functions/registry/XPath20FunctionSet init ()V 408 <appendix> argL0 ; # net/sf/saxon/functions/registry/XPath20FunctionSet$$Lambda+0x00000000377a26c8
instanceKlass  @bci net/sf/saxon/functions/registry/XPath20FunctionSet init ()V 395 <appendix> argL0 ; # net/sf/saxon/functions/registry/XPath20FunctionSet$$Lambda+0x00000000377a2480
instanceKlass  @bci net/sf/saxon/functions/registry/XPath20FunctionSet init ()V 381 <appendix> argL0 ; # net/sf/saxon/functions/registry/XPath20FunctionSet$$Lambda+0x00000000377a2238
instanceKlass  @bci net/sf/saxon/functions/registry/XPath20FunctionSet init ()V 368 <appendix> argL0 ; # net/sf/saxon/functions/registry/XPath20FunctionSet$$Lambda+0x00000000377a1ff0
instanceKlass  @bci net/sf/saxon/functions/registry/XPath20FunctionSet init ()V 355 <appendix> argL0 ; # net/sf/saxon/functions/registry/XPath20FunctionSet$$Lambda+0x00000000377a1da8
instanceKlass  @bci net/sf/saxon/functions/registry/XPath20FunctionSet init ()V 342 <appendix> argL0 ; # net/sf/saxon/functions/registry/XPath20FunctionSet$$Lambda+0x00000000377a1b60
instanceKlass  @bci net/sf/saxon/functions/registry/XPath20FunctionSet init ()V 329 <appendix> argL0 ; # net/sf/saxon/functions/registry/XPath20FunctionSet$$Lambda+0x00000000377a1918
instanceKlass  @bci net/sf/saxon/functions/registry/XPath20FunctionSet init ()V 316 <appendix> argL0 ; # net/sf/saxon/functions/registry/XPath20FunctionSet$$Lambda+0x00000000377a16d0
instanceKlass  @bci net/sf/saxon/functions/registry/XPath20FunctionSet init ()V 303 <appendix> argL0 ; # net/sf/saxon/functions/registry/XPath20FunctionSet$$Lambda+0x00000000377a1488
instanceKlass  @bci net/sf/saxon/functions/registry/XPath20FunctionSet init ()V 290 <appendix> argL0 ; # net/sf/saxon/functions/registry/XPath20FunctionSet$$Lambda+0x00000000377a1240
instanceKlass  @bci net/sf/saxon/functions/registry/XPath20FunctionSet init ()V 277 <appendix> argL0 ; # net/sf/saxon/functions/registry/XPath20FunctionSet$$Lambda+0x00000000377a0ff8
instanceKlass  @bci net/sf/saxon/functions/registry/XPath20FunctionSet init ()V 264 <appendix> argL0 ; # net/sf/saxon/functions/registry/XPath20FunctionSet$$Lambda+0x00000000377a0db0
instanceKlass  @bci net/sf/saxon/functions/registry/XPath20FunctionSet init ()V 251 <appendix> argL0 ; # net/sf/saxon/functions/registry/XPath20FunctionSet$$Lambda+0x00000000377a0b68
instanceKlass  @bci net/sf/saxon/functions/registry/XPath20FunctionSet init ()V 238 <appendix> argL0 ; # net/sf/saxon/functions/registry/XPath20FunctionSet$$Lambda+0x00000000377a0920
instanceKlass  @bci net/sf/saxon/functions/registry/XPath20FunctionSet init ()V 225 <appendix> argL0 ; # net/sf/saxon/functions/registry/XPath20FunctionSet$$Lambda+0x00000000377a06d8
instanceKlass  @bci net/sf/saxon/functions/registry/XPath20FunctionSet init ()V 212 <appendix> argL0 ; # net/sf/saxon/functions/registry/XPath20FunctionSet$$Lambda+0x00000000377a0490
instanceKlass  @bci net/sf/saxon/functions/registry/XPath20FunctionSet init ()V 199 <appendix> argL0 ; # net/sf/saxon/functions/registry/XPath20FunctionSet$$Lambda+0x00000000377a0248
instanceKlass  @bci net/sf/saxon/functions/registry/XPath20FunctionSet init ()V 186 <appendix> argL0 ; # net/sf/saxon/functions/registry/XPath20FunctionSet$$Lambda+0x00000000377a0000
instanceKlass  @bci net/sf/saxon/functions/registry/XPath20FunctionSet init ()V 173 <appendix> argL0 ; # net/sf/saxon/functions/registry/XPath20FunctionSet$$Lambda+0x000000003779c400
instanceKlass  @bci net/sf/saxon/functions/registry/XPath20FunctionSet init ()V 160 <appendix> argL0 ; # net/sf/saxon/functions/registry/XPath20FunctionSet$$Lambda+0x000000003779cc90
instanceKlass  @bci net/sf/saxon/functions/registry/XPath20FunctionSet init ()V 147 <appendix> argL0 ; # net/sf/saxon/functions/registry/XPath20FunctionSet$$Lambda+0x000000003779ca48
instanceKlass  @bci net/sf/saxon/functions/registry/XPath20FunctionSet init ()V 134 <appendix> argL0 ; # net/sf/saxon/functions/registry/XPath20FunctionSet$$Lambda+0x000000003779c800
instanceKlass  @bci net/sf/saxon/functions/registry/XPath20FunctionSet init ()V 121 <appendix> argL0 ; # net/sf/saxon/functions/registry/XPath20FunctionSet$$Lambda+0x000000003779ddb0
instanceKlass  @bci net/sf/saxon/functions/registry/XPath20FunctionSet init ()V 108 <appendix> argL0 ; # net/sf/saxon/functions/registry/XPath20FunctionSet$$Lambda+0x000000003779db68
instanceKlass  @bci net/sf/saxon/functions/registry/XPath20FunctionSet init ()V 95 <appendix> argL0 ; # net/sf/saxon/functions/registry/XPath20FunctionSet$$Lambda+0x000000003779d920
instanceKlass  @bci net/sf/saxon/functions/registry/XPath20FunctionSet init ()V 82 <appendix> argL0 ; # net/sf/saxon/functions/registry/XPath20FunctionSet$$Lambda+0x000000003779d6d8
instanceKlass  @bci net/sf/saxon/functions/registry/XPath20FunctionSet init ()V 69 <appendix> argL0 ; # net/sf/saxon/functions/registry/XPath20FunctionSet$$Lambda+0x000000003779d490
instanceKlass  @bci net/sf/saxon/functions/registry/XPath20FunctionSet init ()V 56 <appendix> argL0 ; # net/sf/saxon/functions/registry/XPath20FunctionSet$$Lambda+0x000000003779d248
instanceKlass  @bci net/sf/saxon/functions/registry/XPath20FunctionSet init ()V 43 <appendix> argL0 ; # net/sf/saxon/functions/registry/XPath20FunctionSet$$Lambda+0x000000003779d000
instanceKlass  @bci net/sf/saxon/functions/registry/XPath20FunctionSet init ()V 30 <appendix> argL0 ; # net/sf/saxon/functions/registry/XPath20FunctionSet$$Lambda+0x000000003779fc70
instanceKlass  @bci net/sf/saxon/functions/registry/XPath20FunctionSet init ()V 17 <appendix> argL0 ; # net/sf/saxon/functions/registry/XPath20FunctionSet$$Lambda+0x000000003779fa28
instanceKlass  @bci net/sf/saxon/functions/registry/XPath20FunctionSet init ()V 4 <appendix> argL0 ; # net/sf/saxon/functions/registry/XPath20FunctionSet$$Lambda+0x000000003779f7e0
instanceKlass net/sf/saxon/functions/registry/BuiltInFunctionSet$Entry
instanceKlass net/sf/saxon/expr/Negatable
instanceKlass  @bci net/sf/saxon/sxpath/AbstractStaticContext setConfiguration (Lnet/sf/saxon/Configuration;)V 15 <appendix> member <vmtarget> ; # net/sf/saxon/sxpath/AbstractStaticContext$$Lambda+0x000000003779e000
instanceKlass net/sf/saxon/sxpath/AbstractStaticContext$WarningHandler
instanceKlass net/sf/saxon/functions/FunctionLibraryList
instanceKlass net/sf/saxon/query/XQueryFunctionBinder
instanceKlass net/sf/saxon/sxpath/AbstractStaticContext
instanceKlass net/sf/saxon/event/Outputter
instanceKlass net/sf/saxon/expr/parser/ExpressionTool
instanceKlass  @bci net/sf/saxon/expr/OperandRole <clinit> ()V 260 <appendix> argL0 ; # net/sf/saxon/expr/OperandRole$$Lambda+0x0000000037798fb0
instanceKlass  @bci net/sf/saxon/expr/OperandRole <clinit> ()V 149 <appendix> argL0 ; # net/sf/saxon/expr/OperandRole$$Lambda+0x0000000037798d58
instanceKlass  @cpi net/sf/saxon/expr/parser/Tokenizer 754 form vmentry <vmtarget> ; # java/lang/invoke/LambdaForm$DMH+0x000000003779c000
instanceKlass net/sf/saxon/expr/OperandRole
instanceKlass net/sf/saxon/expr/Operand
instanceKlass net/sf/saxon/expr/oper/OperandArray
instanceKlass net/sf/saxon/expr/ItemMappingFunction
instanceKlass net/sf/saxon/lib/ExtensionFunctionCall
instanceKlass net/sf/saxon/expr/BindingReference
instanceKlass net/sf/saxon/expr/elab/Elaborator
instanceKlass net/sf/saxon/trans/KeyManager
instanceKlass net/sf/saxon/expr/accum/AccumulatorRegistry
instanceKlass net/sf/saxon/trans/GlobalVariableManager
instanceKlass net/sf/saxon/tree/util/Navigator
instanceKlass net/sf/saxon/pattern/nodetest/AnyGNode
instanceKlass net/sf/saxon/om/NodeSource
instanceKlass net/sf/saxon/expr/instruct/Executable
instanceKlass net/sf/saxon/serialize/charcode/XMLCharacterData
instanceKlass net/sf/saxon/str/StringTool$1
instanceKlass net/sf/saxon/expr/LocalBinding
instanceKlass net/sf/saxon/expr/GeneralizedAxisExpression
instanceKlass net/sf/saxon/expr/sort/SortKeyEvaluator
instanceKlass net/sf/saxon/expr/ContextSwitchingExpression
instanceKlass net/sf/saxon/type/AnyFunctionType
instanceKlass net/sf/saxon/type/FunctionItemType
instanceKlass net/sf/saxon/pattern/nodetest/NodeVectorMatchMaker
instanceKlass net/sf/saxon/type/ChoiceItemType
instanceKlass net/sf/saxon/value/SequenceType
instanceKlass net/sf/saxon/expr/instruct/ConditionalInstruction
instanceKlass  @bci net/sf/saxon/value/Whitespace isAllWhite (Lnet/sf/saxon/str/UnicodeString;)Z 10 <appendix> argL0 ; # net/sf/saxon/value/Whitespace$$Lambda+0x0000000037782d50
instanceKlass java/util/function/IntPredicate
instanceKlass net/sf/saxon/expr/ComponentInvocation
instanceKlass net/sf/saxon/expr/instruct/ITemplateCall
instanceKlass net/sf/saxon/expr/instruct/InstructionWithComplexContent
instanceKlass net/sf/saxon/expr/instruct/ValidatingInstruction
instanceKlass net/sf/saxon/style/SourceBinding
instanceKlass net/sf/saxon/query/Declaration
instanceKlass net/sf/saxon/tree/jiter/MonoIterator
instanceKlass net/sf/saxon/expr/Binding
instanceKlass net/sf/saxon/pattern/PatternWithPredicate
instanceKlass net/sf/saxon/event/ReceiverOption
instanceKlass net/sf/saxon/type/ValidationFailure
instanceKlass net/sf/saxon/lib/Invalidity
instanceKlass net/sf/saxon/style/UseWhenFilter$ParsedAttributes
instanceKlass net/sf/saxon/om/SmallAttributeMap
instanceKlass net/sf/saxon/om/SequenceTool
instanceKlass net/sf/saxon/om/AttributeInfo
instanceKlass net/sf/saxon/om/NoNamespaceName
instanceKlass net/sf/saxon/om/NameChecker
instanceKlass net/sf/saxon/tree/linked/LineNumberMap
instanceKlass net/sf/saxon/tree/linked/SystemIdMap
instanceKlass net/sf/saxon/event/CopyInformee
instanceKlass  @bci org/hl7/fhir/r5/utils/DataTypeVisitor visitNode (Ljava/lang/String;Lorg/hl7/fhir/r5/model/Base;Lorg/hl7/fhir/r5/utils/DataTypeVisitor$IDatatypeVisitor;)V 158 <adapter> ; # java/lang/invoke/LambdaForm$MH+0x0000000037778800
instanceKlass  @bci net/sf/saxon/expr/elab/Elaborator elaborateForString (Z)Lnet/sf/saxon/expr/elab/StringEvaluator; 9 <appendix> form vmentry <vmtarget> ; # java/lang/invoke/LambdaForm$DMH+0x0000000037778400
instanceKlass  @bci net/sf/saxon/resource/ActiveSAXSource deliver (Lnet/sf/saxon/event/Receiver;Lnet/sf/saxon/lib/ParseOptions;)V 301 <appendix> member <vmtarget> ; # net/sf/saxon/resource/ActiveSAXSource$$Lambda+0x0000000037774780
instanceKlass  @cpi net/sf/saxon/resource/ActiveSAXSource 468 form vmentry <vmtarget> ; # java/lang/invoke/LambdaForm$DMH+0x0000000037778000
instanceKlass net/sf/saxon/om/Action
instanceKlass net/sf/saxon/lib/StandardErrorHandler
instanceKlass net/sf/saxon/lib/SchemaURIResolver
instanceKlass net/sf/saxon/lib/FeatureData
instanceKlass net/sf/saxon/lib/FeatureIndex
instanceKlass net/sf/saxon/om/NamespaceMap
instanceKlass net/sf/saxon/expr/parser/Loc
instanceKlass net/sf/saxon/event/ReceivingContentHandler$LocalLocator
instanceKlass net/sf/saxon/event/ReceivingContentHandler
instanceKlass net/sf/saxon/event/Sender
instanceKlass net/sf/saxon/lib/AugmentedSource
instanceKlass net/sf/saxon/lib/DigestMaker
instanceKlass net/sf/saxon/str/UnicodeWriter$1
instanceKlass net/sf/saxon/str/UnicodeWriter
instanceKlass net/sf/saxon/str/UniStringConsumer
instanceKlass  @bci net/sf/saxon/event/CommentStripper <init> (Lnet/sf/saxon/event/Receiver;)V 16 <appendix> argL0 ; # net/sf/saxon/event/CommentStripper$$Lambda+0x000000003776f9c0
instanceKlass net/sf/saxon/event/Stripper$StripRuleTarget
instanceKlass net/sf/saxon/trans/rules/RuleTarget
instanceKlass net/sf/saxon/om/StylesheetSpaceStrippingRule
instanceKlass java/time/OffsetDateTime
instanceKlass javax/xml/datatype/XMLGregorianCalendar
instanceKlass net/sf/saxon/om/AttributeMap
instanceKlass net/sf/saxon/om/NamespaceBindingSet
instanceKlass net/sf/saxon/style/AutoDocumentInhibitor
instanceKlass net/sf/saxon/style/StylesheetComponent
instanceKlass net/sf/saxon/style/StyleNodeFactory
instanceKlass net/sf/saxon/tree/linked/LinkedTreeBuilder$DefaultNodeFactory
instanceKlass net/sf/saxon/om/MutableDocumentInfo
instanceKlass net/sf/saxon/event/PipelineConfiguration
instanceKlass net/sf/saxon/expr/instruct/SlotManager
instanceKlass net/sf/saxon/style/PackageVersion
instanceKlass net/sf/saxon/om/DocumentKey
instanceKlass net/sf/saxon/value/NestedIntegerValue
instanceKlass net/sf/saxon/lib/Feature
instanceKlass net/sf/saxon/tree/linked/NodeFactory
instanceKlass net/sf/saxon/style/StylesheetModule
instanceKlass net/sf/saxon/om/QNameParser
instanceKlass net/sf/saxon/trans/rules/BuiltInRuleSet
instanceKlass net/sf/saxon/expr/Component
instanceKlass net/sf/saxon/tree/util/IndexedStack
instanceKlass net/sf/saxon/tree/linked/NodeImpl
instanceKlass net/sf/saxon/tree/wrapper/SiblingCountingNode
instanceKlass net/sf/saxon/tree/util/SteppingNode
instanceKlass net/sf/saxon/om/MutableNodeInfo
instanceKlass net/sf/saxon/expr/PackageData
instanceKlass net/sf/saxon/style/Compilation
instanceKlass net/sf/saxon/lib/ErrorReporterToListener
instanceKlass net/sf/saxon/s9api/XsltCompiler
instanceKlass javax/xml/transform/sax/SAXSource
instanceKlass net/sf/saxon/lib/ResourceResolverWrappingURIResolver
instanceKlass net/sf/saxon/query/Annotation
instanceKlass net/sf/saxon/lib/XQueryFunctionAnnotationHandler$DisallowedCombination
instanceKlass net/sf/saxon/lib/XQueryFunctionAnnotationHandler
instanceKlass net/sf/saxon/transpile/CSharp
instanceKlass  @bci net/sf/saxon/resource/UnknownResource <clinit> ()V 0 <appendix> argL0 ; # net/sf/saxon/resource/UnknownResource$$Lambda+0x00000000376f70f0
instanceKlass net/sf/saxon/resource/UnknownResource
instanceKlass net/sf/saxon/om/FingerprintedQName
instanceKlass net/sf/saxon/om/NodeName
instanceKlass net/sf/saxon/om/StandardNames
instanceKlass net/sf/saxon/pattern/qname/QNameTest
instanceKlass net/sf/saxon/type/gnode/GNodeType
instanceKlass net/sf/saxon/pattern/nodetest/NodeTest
instanceKlass net/sf/saxon/pattern/nodetest/NodePredicate
instanceKlass net/sf/saxon/type/UnionType
instanceKlass net/sf/saxon/type/ChoiceType
instanceKlass net/sf/saxon/type/ComplexType
instanceKlass net/sf/saxon/type/BuiltInType
instanceKlass net/sf/saxon/type/coercion/CoercionPlan
instanceKlass net/sf/saxon/type/BuiltInAtomicType
instanceKlass net/sf/saxon/type/ItemTypeWithSequenceTypeCache
instanceKlass net/sf/saxon/type/AtomicType
instanceKlass net/sf/saxon/type/CastingTarget
instanceKlass net/sf/saxon/type/SimpleType
instanceKlass net/sf/saxon/type/SchemaType
instanceKlass net/sf/saxon/type/SchemaComponent
instanceKlass net/sf/saxon/type/AtomicMetadata
instanceKlass net/sf/saxon/tree/iter/SingletonIterator
instanceKlass net/sf/saxon/tree/iter/LookaheadIterator
instanceKlass net/sf/saxon/tree/iter/GroundedIterator
instanceKlass net/sf/saxon/expr/LastPositionFinder
instanceKlass net/sf/saxon/tree/iter/ReversibleIterator
instanceKlass net/sf/saxon/om/FocusIterator
instanceKlass net/sf/saxon/tree/iter/AtomicIterator
instanceKlass  @bci net/sf/saxon/resource/JSONResource <clinit> ()V 0 <appendix> argL0 ; # net/sf/saxon/resource/JSONResource$$Lambda+0x00000000376ec930
instanceKlass net/sf/saxon/resource/JSONResource
instanceKlass  @bci net/sf/saxon/resource/BinaryResource <clinit> ()V 0 <appendix> argL0 ; # net/sf/saxon/resource/BinaryResource$$Lambda+0x00000000376ec150
instanceKlass net/sf/saxon/resource/BinaryResource
instanceKlass  @bci net/sf/saxon/resource/UnparsedTextResource <clinit> ()V 0 <appendix> argL0 ; # net/sf/saxon/resource/UnparsedTextResource$$Lambda+0x00000000376ebcb8
instanceKlass net/sf/saxon/resource/UnparsedTextResource
instanceKlass  @bci net/sf/saxon/resource/XmlResource <clinit> ()V 0 <appendix> argL0 ; # net/sf/saxon/resource/XmlResource$$Lambda+0x00000000376eb828
instanceKlass net/sf/saxon/resource/AbstractResourceCollection$InputDetails
instanceKlass net/sf/saxon/lib/ResourceFactory
instanceKlass net/sf/saxon/resource/XmlResource
instanceKlass net/sf/saxon/lib/Resource
instanceKlass net/sf/saxon/lib/ResourceCollection
instanceKlass net/sf/saxon/resource/StandardCollectionFinder
instanceKlass net/sf/saxon/event/Builder
instanceKlass net/sf/saxon/om/TreeInfo
instanceKlass net/sf/saxon/om/NodeInfo
instanceKlass net/sf/saxon/om/GNode
instanceKlass net/sf/saxon/om/TreeModel
instanceKlass net/sf/saxon/expr/PJConverter
instanceKlass net/sf/saxon/expr/JPConverter
instanceKlass net/sf/saxon/dom/DOMEnvelope
instanceKlass  @bci net/sf/saxon/Configuration init ()V 65 <appendix> argL0 ; # net/sf/saxon/Configuration$$Lambda+0x00000000376e6540
instanceKlass net/sf/saxon/lib/StandardUnparsedTextResolver
instanceKlass net/sf/saxon/lib/StAXResultHandler
instanceKlass net/sf/saxon/lib/TraceListener
instanceKlass net/sf/saxon/lib/SerializerFactory
instanceKlass net/sf/saxon/lib/StandardModuleURIResolver
instanceKlass net/sf/saxon/trans/packages/PackageLibrary
instanceKlass  @bci net/sf/saxon/Configuration makeErrorReporter ()Lnet/sf/saxon/lib/ErrorReporter; 8 <appendix> argL0 ; # net/sf/saxon/Configuration$$Lambda+0x00000000376e0000
instanceKlass net/sf/saxon/lib/StandardOutputResolver
instanceKlass net/sf/saxon/serialize/charcode/UTF16CharacterSet
instanceKlass net/sf/saxon/serialize/charcode/CharacterSet
instanceKlass net/sf/saxon/str/StringConstants
instanceKlass net/sf/saxon/expr/sort/XPathComparable
instanceKlass net/sf/saxon/value/AtomicValue
instanceKlass net/sf/saxon/type/ConversionResult
instanceKlass net/sf/saxon/om/AtomicSequence
instanceKlass net/sf/saxon/z/PositiveIntIterator
instanceKlass net/sf/saxon/str/StringTool
instanceKlass  @bci net/sf/saxon/om/NamespaceUri of (Ljava/lang/String;)Lnet/sf/saxon/om/NamespaceUri; 14 <appendix> argL0 ; # net/sf/saxon/om/NamespaceUri$$Lambda+0x00000000376dbdb8
instanceKlass net/sf/saxon/str/UnicodeString
instanceKlass net/sf/saxon/value/Whitespace
instanceKlass net/sf/saxon/om/NamespaceUri
instanceKlass net/sf/saxon/expr/instruct/GlobalParameterSet
instanceKlass net/sf/saxon/lib/OutputURIResolver
instanceKlass net/sf/saxon/trans/CompilerInfo
instanceKlass org/xmlresolver/XMLResolverConfiguration$FallbackLogger$Message
instanceKlass org/xmlresolver/logging/AbstractLogger
instanceKlass org/xmlresolver/logging/LogLevels
instanceKlass  @bci org/xmlresolver/ResolverFeature <clinit> ()V 361 <appendix> argL0 ; # org/xmlresolver/ResolverFeature$$Lambda+0x00000000376d99f8
instanceKlass org/xmlresolver/ResolverFeature
instanceKlass org/xmlresolver/logging/ResolverLogger
instanceKlass org/xmlresolver/XMLResolverConfiguration
instanceKlass javax/xml/stream/XMLResolver
instanceKlass org/xmlresolver/ResourceResponse
instanceKlass org/xmlresolver/ResourceRequest
instanceKlass org/xmlresolver/XMLResolver
instanceKlass org/xmlresolver/ResolverConfiguration
instanceKlass net/sf/saxon/lib/CatalogResourceResolver
instanceKlass net/sf/saxon/lib/ConfigurableResourceResolver
instanceKlass net/sf/saxon/type/MinimalSchema
instanceKlass net/sf/saxon/tree/tiny/Statistics
instanceKlass net/sf/saxon/tree/tiny/TreeStatistics
instanceKlass  @bci net/sf/saxon/lib/ProtocolRestrictor <init> (Ljava/lang/String;)V 29 <appendix> argL0 ; # net/sf/saxon/lib/ProtocolRestrictor$$Lambda+0x00000000376d6d90
instanceKlass net/sf/saxon/lib/ProtocolRestrictor
instanceKlass net/sf/saxon/type/UType
instanceKlass net/sf/saxon/type/PlainType
instanceKlass net/sf/saxon/type/HyperType
instanceKlass net/sf/saxon/type/ItemType
instanceKlass net/sf/saxon/expr/ComparisonExpression
instanceKlass net/sf/saxon/om/AtomicCounter
instanceKlass net/sf/saxon/om/StructuredQName
instanceKlass net/sf/saxon/om/NamePool
instanceKlass net/sf/saxon/functions/IntegratedFunctionLibrary
instanceKlass net/sf/saxon/om/DocumentPool
instanceKlass net/sf/saxon/z/IntHashMap
instanceKlass net/sf/saxon/event/SequenceReceiver
instanceKlass net/sf/saxon/event/ReceiverWithOutputProperties
instanceKlass net/sf/saxon/trans/DynamicLoader
instanceKlass net/sf/saxon/regex/RegularExpression
instanceKlass net/sf/saxon/lib/IDynamicLoader
instanceKlass net/sf/saxon/lib/ModuleURIResolver
instanceKlass net/sf/saxon/om/NamespaceResolver
instanceKlass net/sf/saxon/expr/sort/AtomicMatchKey
instanceKlass net/sf/saxon/lib/CollectionFinder
instanceKlass net/sf/saxon/lib/ExternalObjectModel
instanceKlass net/sf/saxon/java/JavaPlatform
instanceKlass net/sf/saxon/Platform
instanceKlass net/sf/saxon/Version
instanceKlass net/sf/saxon/tree/util/DocumentNumberAllocator
instanceKlass net/sf/saxon/expr/parser/OptimizerOptions
instanceKlass net/sf/saxon/lib/StaticQueryContextFactory
instanceKlass net/sf/saxon/ma/trie/ImmutableHashTrieMap
instanceKlass net/sf/saxon/ma/trie/ImmutableMap
instanceKlass net/sf/saxon/lib/ParseOptions
instanceKlass net/sf/saxon/lib/StandardEnvironmentVariableResolver
instanceKlass net/sf/saxon/lib/StandardCollationURIResolver
instanceKlass org/xml/sax/ext/DeclHandler
instanceKlass net/sf/saxon/z/IntIterator
instanceKlass net/sf/saxon/lib/ActiveSource
instanceKlass net/sf/saxon/event/Receiver
instanceKlass net/sf/saxon/expr/parser/CodeInjector
instanceKlass net/sf/saxon/om/SequenceIterator
instanceKlass net/sf/saxon/trans/packages/IPackageLoader
instanceKlass net/sf/saxon/lib/Numberer
instanceKlass net/sf/saxon/expr/parser/TypeChecker
instanceKlass net/sf/saxon/expr/parser/XPathParser
instanceKlass net/sf/saxon/expr/Expression
instanceKlass net/sf/saxon/expr/ExportAgent
instanceKlass net/sf/saxon/om/IdentityComparable
instanceKlass net/sf/saxon/expr/instruct/Actor
instanceKlass net/sf/saxon/expr/ExpressionOwner
instanceKlass net/sf/saxon/trace/TraceableComponent
instanceKlass net/sf/saxon/trace/Traceable
instanceKlass net/sf/saxon/expr/Locatable
instanceKlass net/sf/saxon/expr/ContextOriginator
instanceKlass net/sf/saxon/functions/registry/FunctionDefinition
instanceKlass net/sf/saxon/om/FunctionItem
instanceKlass net/sf/saxon/expr/Callable
instanceKlass net/sf/saxon/functions/registry/BuiltInFunctionSet
instanceKlass net/sf/saxon/functions/FunctionLibrary
instanceKlass net/sf/saxon/type/Converter
instanceKlass net/sf/saxon/lib/URIChecker
instanceKlass net/sf/saxon/expr/StaticContext
instanceKlass net/sf/saxon/om/SpaceStrippingRule
instanceKlass net/sf/saxon/s9api/XmlProcessingError
instanceKlass net/sf/saxon/lib/FunctionAnnotationHandler
instanceKlass net/sf/saxon/lib/UnparsedTextURIResolver
instanceKlass net/sf/saxon/type/Schema
instanceKlass net/sf/saxon/z/IntSet
instanceKlass net/sf/saxon/lib/EnvironmentVariableResolver
instanceKlass net/sf/saxon/lib/CollationURIResolver
instanceKlass net/sf/saxon/lib/StringCollator
instanceKlass net/sf/saxon/s9api/Location
instanceKlass net/sf/saxon/lib/ExtensionFunctionDefinition
instanceKlass net/sf/saxon/s9api/push/Push
instanceKlass net/sf/saxon/s9api/Processor
instanceKlass net/sf/saxon/lib/Logger
instanceKlass net/sf/saxon/om/Item
instanceKlass net/sf/saxon/om/GroundedValue
instanceKlass net/sf/saxon/om/Sequence
instanceKlass net/sf/saxon/expr/XPathContext
instanceKlass javax/xml/transform/SourceLocator
instanceKlass net/sf/saxon/lib/StandardDiagnostics
instanceKlass net/sf/saxon/Configuration
instanceKlass net/sf/saxon/lib/SourceResolver
instanceKlass javax/xml/transform/Templates
instanceKlass net/sf/saxon/lib/ResourceResolver
instanceKlass javax/xml/transform/sax/TemplatesHandler
instanceKlass javax/xml/transform/sax/TransformerHandler
instanceKlass org/xml/sax/ext/LexicalHandler
instanceKlass javax/xml/transform/Transformer
instanceKlass net/sf/saxon/lib/ErrorReporter
instanceKlass net/sf/saxon/Configuration$ApiProvider
instanceKlass  @bci javax/xml/transform/FactoryFinder find (Ljava/lang/Class;Ljava/lang/String;)Ljava/lang/Object; 24 <appendix> member <vmtarget> ; # javax/xml/transform/FactoryFinder$$Lambda+0x000000003763aaa8
instanceKlass javax/xml/transform/FactoryFinder
instanceKlass javax/xml/transform/TransformerFactory
instanceKlass org/apache/tools/ant/taskdefs/XSLTProcess$1
instanceKlass javax/xml/xpath/XPathConstants
instanceKlass  @bci org/apache/tools/ant/taskdefs/optional/TraXLiaison configure (Lorg/apache/tools/ant/taskdefs/XSLTProcess;)V 85 <appendix> member <vmtarget> ; # org/apache/tools/ant/taskdefs/optional/TraXLiaison$$Lambda+0x00000000376bb430
instanceKlass java/util/Spliterators$AbstractSpliterator
instanceKlass org/apache/tools/ant/taskdefs/optional/TraXLiaison
instanceKlass org/apache/tools/ant/taskdefs/XSLTLoggerAware
instanceKlass javax/xml/transform/ErrorListener
instanceKlass org/apache/tools/ant/taskdefs/XSLTLiaison4
instanceKlass org/apache/tools/ant/taskdefs/XSLTLiaison3
instanceKlass org/apache/tools/ant/taskdefs/XSLTLiaison2
instanceKlass org/apache/tools/ant/util/ContainerMapper
instanceKlass org/apache/tools/ant/taskdefs/XSLTProcess$Param
instanceKlass org/apache/tools/ant/taskdefs/XSLTProcess$OutputProperty
instanceKlass org/apache/tools/ant/types/Environment$Variable
instanceKlass org/apache/tools/ant/taskdefs/XSLTProcess$TraceConfiguration
instanceKlass org/apache/tools/ant/taskdefs/XSLTProcess$Factory
instanceKlass  @bci org/apache/tools/ant/taskdefs/XSLTProcess init ()V 38 <appendix> member <vmtarget> ; # org/apache/tools/ant/taskdefs/XSLTProcess$$Lambda+0x00000000376b4c90
instanceKlass javax/xml/namespace/QName
instanceKlass javax/xml/xpath/XPathVariableResolver
instanceKlass com/sun/org/apache/xpath/internal/jaxp/XPathImplUtil
instanceKlass javax/xml/xpath/XPath
instanceKlass  @bci javax/xml/xpath/XPathFactoryFinder newFactory (Ljava/lang/String;)Ljavax/xml/xpath/XPathFactory; 24 <appendix> member <vmtarget> ; # javax/xml/xpath/XPathFactoryFinder$$Lambda+0x0000000037639160
instanceKlass  @bci javax/xml/xpath/XPathFactoryFinder _newFactory (Ljava/lang/String;)Ljavax/xml/xpath/XPathFactory; 154 <appendix> argL0 ; # javax/xml/xpath/XPathFactoryFinder$$Lambda+0x0000000037638ce0
instanceKlass  @bci javax/xml/xpath/XPathFactoryFinder _newFactory (Ljava/lang/String;)Ljavax/xml/xpath/XPathFactory; 58 <appendix> argL0 ; # javax/xml/xpath/XPathFactoryFinder$$Lambda+0x0000000037638ab8
instanceKlass  @bci javax/xml/xpath/XPathFactoryFinder _newFactory (Ljava/lang/String;)Ljavax/xml/xpath/XPathFactory; 16 <appendix> member <vmtarget> ; # javax/xml/xpath/XPathFactoryFinder$$Lambda+0x0000000037638888
instanceKlass javax/xml/xpath/XPathFactoryFinder
instanceKlass javax/xml/xpath/XPathFactory
instanceKlass org/apache/tools/ant/types/Environment
instanceKlass org/apache/tools/ant/types/XMLCatalog$CatalogResolver
instanceKlass javax/xml/transform/URIResolver
instanceKlass org/apache/tools/ant/taskdefs/XSLTLiaison
instanceKlass org/apache/tools/ant/taskdefs/XSLTLogger
instanceKlass  @bci org/apache/tools/ant/DirectoryScanner isIncluded (Lorg/apache/tools/ant/types/selectors/TokenizedPath;)Z 43 <appendix> member <vmtarget> ; # org/apache/tools/ant/DirectoryScanner$$Lambda+0x00000000376b7188
instanceKlass org/apache/tools/ant/types/selectors/TokenizedPattern
instanceKlass org/apache/tools/ant/types/selectors/SelectorUtils
instanceKlass org/apache/tools/ant/types/selectors/TokenizedPath
instanceKlass  @bci org/apache/tools/ant/DirectoryScanner addDefaultExcludes ()V 38 <appendix> argL0 ; # org/apache/tools/ant/DirectoryScanner$$Lambda+0x00000000376b66b8
instanceKlass  @bci org/apache/tools/ant/DirectoryScanner addDefaultExcludes ()V 6 <appendix> argL0 ; # org/apache/tools/ant/DirectoryScanner$$Lambda+0x00000000376b6470
instanceKlass  @bci org/apache/tools/ant/DirectoryScanner setIncludes ([Ljava/lang/String;)V 27 <appendix> argL0 ; # org/apache/tools/ant/DirectoryScanner$$Lambda+0x00000000376b6248
instanceKlass  @bci org/apache/tools/ant/DirectoryScanner setIncludes ([Ljava/lang/String;)V 17 <appendix> argL0 ; # org/apache/tools/ant/DirectoryScanner$$Lambda+0x00000000376b6000
instanceKlass  @bci org/apache/tools/ant/types/PatternSet makeArray (Ljava/util/List;Lorg/apache/tools/ant/Project;)[Ljava/lang/String; 48 <appendix> argL0 ; # org/apache/tools/ant/types/PatternSet$$Lambda+0x00000000376b3d48
instanceKlass  @bci org/apache/tools/ant/types/PatternSet makeArray (Ljava/util/List;Lorg/apache/tools/ant/Project;)[Ljava/lang/String; 38 <appendix> argL0 ; # org/apache/tools/ant/types/PatternSet$$Lambda+0x00000000376b3af0
instanceKlass  @bci org/apache/tools/ant/types/PatternSet makeArray (Ljava/util/List;Lorg/apache/tools/ant/Project;)[Ljava/lang/String; 28 <appendix> argL0 ; # org/apache/tools/ant/types/PatternSet$$Lambda+0x00000000376b3898
instanceKlass  @bci org/apache/tools/ant/types/PatternSet makeArray (Ljava/util/List;Lorg/apache/tools/ant/Project;)[Ljava/lang/String; 18 <appendix> member <vmtarget> ; # org/apache/tools/ant/types/PatternSet$$Lambda+0x00000000376b3648
instanceKlass  @bci org/apache/tools/ant/types/AbstractFileSet mergePatterns (Lorg/apache/tools/ant/Project;)Lorg/apache/tools/ant/types/PatternSet; 38 <appendix> member <vmtarget> ; # org/apache/tools/ant/types/AbstractFileSet$$Lambda+0x00000000376b3408
# instanceKlass java/lang/invoke/LambdaForm$MH+0x00000000376b4000
instanceKlass org/apache/tools/ant/DynamicObjectAttribute
instanceKlass org/apache/tools/ant/DynamicAttributeNS
instanceKlass org/apache/tools/ant/types/selectors/modifiedselector/Algorithm
instanceKlass org/apache/tools/ant/types/selectors/modifiedselector/Cache
instanceKlass org/apache/tools/ant/util/FileNameMapper
instanceKlass org/apache/tools/ant/types/selectors/WritableSelector
instanceKlass org/apache/tools/ant/types/selectors/ReadableSelector
instanceKlass org/apache/tools/ant/types/selectors/PosixPermissionsSelector
instanceKlass org/apache/tools/ant/types/selectors/PosixGroupSelector
instanceKlass org/apache/tools/ant/types/selectors/ExecutableSelector
instanceKlass org/apache/tools/ant/DirectoryScanner
instanceKlass org/apache/tools/ant/types/selectors/SelectorScanner
instanceKlass org/apache/tools/ant/types/selectors/SymlinkSelector
instanceKlass org/apache/tools/ant/types/selectors/OwnedBySelector
instanceKlass org/apache/tools/ant/types/selectors/ExtendFileSelector
instanceKlass org/apache/tools/ant/types/Parameterizable
instanceKlass org/apache/tools/ant/types/PatternSet$NameEntry
instanceKlass org/apache/tools/ant/FileScanner
instanceKlass org/apache/tools/ant/types/selectors/FileSelector
instanceKlass org/apache/tools/ant/types/resources/selectors/ResourceSelector
instanceKlass org/apache/tools/ant/types/selectors/SelectorContainer
instanceKlass  @bci org/apache/tools/ant/Project topoSort ([Ljava/lang/String;Ljava/util/Hashtable;Z)Ljava/util/Vector; 146 <appendix> argL0 ; # org/apache/tools/ant/Project$$Lambda+0x00000000376a8000
instanceKlass org/hl7/fhir/r4/formats/JsonCreatorDirect
instanceKlass org/hl7/fhir/r4/model/ExtensionHelper
instanceKlass org/hl7/fhir/utilities/xml/XMLNamespace
instanceKlass org/hl7/fhir/utilities/xml/XMLWriterState
instanceKlass javax/xml/transform/Source
instanceKlass javax/xml/transform/Result
instanceKlass org/w3c/dom/Node
instanceKlass org/hl7/fhir/utilities/xml/XMLUtil
instanceKlass org/hl7/fhir/utilities/xml/XMLWriterStateStack
instanceKlass  @bci org/hl7/fhir/convertors/conv40_50/resources40_50/ImplementationGuide40_50 convertImplementationGuide (Lorg/hl7/fhir/r5/model/ImplementationGuide;Z)Lorg/hl7/fhir/r4/model/ImplementationGuide; 396 <appendix> argL0 ; # org/hl7/fhir/convertors/conv40_50/resources40_50/ImplementationGuide40_50$$Lambda+0x00000000376a38e8
instanceKlass  @bci org/hl7/fhir/convertors/conv40_50/resources40_50/Resource40_50 copyDomainResource (Lorg/hl7/fhir/r5/model/DomainResource;Lorg/hl7/fhir/r4/model/DomainResource;[Ljava/lang/String;)V 114 <appendix> member <vmtarget> ; # org/hl7/fhir/convertors/conv40_50/resources40_50/Resource40_50$$Lambda+0x00000000376a36a8
instanceKlass  @bci org/hl7/fhir/convertors/conv40_50/resources40_50/Resource40_50 copyDomainResource (Lorg/hl7/fhir/r5/model/DomainResource;Lorg/hl7/fhir/r4/model/DomainResource;[Ljava/lang/String;)V 98 <appendix> argL0 ; # org/hl7/fhir/convertors/conv40_50/resources40_50/Resource40_50$$Lambda+0x00000000376a3460
instanceKlass  @bci org/hl7/fhir/convertors/conv40_50/resources40_50/Resource40_50 copyDomainResource (Lorg/hl7/fhir/r5/model/DomainResource;Lorg/hl7/fhir/r4/model/DomainResource;[Ljava/lang/String;)V 88 <appendix> member <vmtarget> ; # org/hl7/fhir/convertors/conv40_50/resources40_50/Resource40_50$$Lambda+0x00000000376a3200
instanceKlass  @bci org/hl7/fhir/convertors/conv40_50/resources40_50/Resource40_50 copyDomainResource (Lorg/hl7/fhir/r5/model/DomainResource;Lorg/hl7/fhir/r4/model/DomainResource;[Ljava/lang/String;)V 68 <appendix> member <vmtarget> ; # org/hl7/fhir/convertors/conv40_50/resources40_50/Resource40_50$$Lambda+0x00000000376a2fc0
instanceKlass  @bci org/hl7/fhir/convertors/conv40_50/resources40_50/Resource40_50 copyDomainResource (Lorg/hl7/fhir/r5/model/DomainResource;Lorg/hl7/fhir/r4/model/DomainResource;[Ljava/lang/String;)V 51 <appendix> member <vmtarget> ; # org/hl7/fhir/convertors/conv40_50/resources40_50/Resource40_50$$Lambda+0x00000000376a2d80
instanceKlass  @bci org/hl7/fhir/convertors/conv40_50/resources40_50/Resource40_50 copyDomainResource (Lorg/hl7/fhir/r5/model/DomainResource;Lorg/hl7/fhir/r4/model/DomainResource;[Ljava/lang/String;)V 35 <appendix> member <vmtarget> ; # org/hl7/fhir/convertors/conv40_50/resources40_50/Resource40_50$$Lambda+0x00000000376a2b30
instanceKlass  @bci org/hl7/fhir/convertors/conv40_50/datatypes40_50/Element40_50 copyElement (Lorg/hl7/fhir/r5/model/Element;Lorg/hl7/fhir/r4/model/Element;Ljava/lang/String;[Ljava/lang/String;)V 40 <appendix> member <vmtarget> ; # org/hl7/fhir/convertors/conv40_50/datatypes40_50/Element40_50$$Lambda+0x00000000376a28f0
instanceKlass  @bci org/hl7/fhir/convertors/conv40_50/datatypes40_50/Element40_50 copyElement (Lorg/hl7/fhir/r5/model/Element;Lorg/hl7/fhir/r4/model/Element;Ljava/lang/String;[Ljava/lang/String;)V 27 <appendix> member <vmtarget> ; # org/hl7/fhir/convertors/conv40_50/datatypes40_50/Element40_50$$Lambda+0x00000000376a2690
instanceKlass org/hl7/fhir/igtools/publisher/PreProcessInfo
instanceKlass  @bci org/hl7/fhir/igtools/templates/TemplateFragmentTypeLoader processIncludes (Ljava/util/List;)Ljava/util/Map; 93 <appendix> member <vmtarget> ; # org/hl7/fhir/igtools/templates/TemplateFragmentTypeLoader$$Lambda+0x00000000376a7cd8
instanceKlass org/hl7/fhir/igtools/templates/TemplateFragmentTypeLoader$PrefixGroup
instanceKlass  @bci org/hl7/fhir/igtools/templates/TemplateFragmentTypeLoader findHtmlFiles (Ljava/lang/String;)Ljava/util/List; 29 <appendix> argL0 ; # org/hl7/fhir/igtools/templates/TemplateFragmentTypeLoader$$Lambda+0x00000000376a7860
instanceKlass  @bci org/hl7/fhir/igtools/templates/TemplateFragmentTypeLoader findHtmlFiles (Ljava/lang/String;)Ljava/util/List; 19 <appendix> argL0 ; # org/hl7/fhir/igtools/templates/TemplateFragmentTypeLoader$$Lambda+0x00000000376a7608
instanceKlass  @bci java/nio/file/Files walk (Ljava/nio/file/Path;I[Ljava/nio/file/FileVisitOption;)Ljava/util/stream/Stream; 43 <appendix> argL0 ; # java/nio/file/Files$$Lambda+0x0000000037636f78
instanceKlass  @bci java/nio/file/Files walk (Ljava/nio/file/Path;I[Ljava/nio/file/FileVisitOption;)Ljava/util/stream/Stream; 30 <appendix> member <vmtarget> ; # java/nio/file/Files$$Lambda+0x0000000037636d48
instanceKlass java/nio/file/FileTreeWalker$Event
instanceKlass java/nio/file/FileTreeWalker$DirectoryNode
instanceKlass java/nio/file/FileTreeWalker
instanceKlass java/nio/file/FileTreeIterator
instanceKlass org/hl7/fhir/igtools/templates/TemplateFragmentTypeLoader
instanceKlass  @bci org/apache/tools/ant/Main <clinit> ()V 57 <appendix> argL0 ; # org/apache/tools/ant/Main$$Lambda+0x00000000376a71a0
instanceKlass org/apache/tools/ant/Main
instanceKlass org/apache/tools/ant/launch/AntMain
instanceKlass org/apache/tools/ant/util/StringUtils
instanceKlass org/apache/tools/ant/DefaultLogger
instanceKlass org/apache/tools/ant/BuildLogger
instanceKlass org/apache/tools/ant/DynamicConfigurator
instanceKlass org/apache/tools/ant/taskdefs/optional/script/ScriptDef$NestedElement
instanceKlass org/apache/tools/ant/taskdefs/optional/script/ScriptDef$Attribute
instanceKlass org/apache/tools/ant/util/ScriptRunnerHelper
instanceKlass org/apache/tools/ant/IntrospectionHelper$Creator
instanceKlass org/apache/tools/ant/taskdefs/MacroDef$TemplateElement
instanceKlass org/apache/tools/ant/taskdefs/MacroDef$Attribute
instanceKlass org/apache/tools/ant/taskdefs/MacroDef$NestedSequential
instanceKlass org/apache/tools/ant/taskdefs/MacroDef$Text
# instanceKlass java/lang/invoke/LambdaForm$MH+0x00000000376a0000
# instanceKlass java/lang/invoke/LambdaForm$MH+0x0000000037698c00
instanceKlass org/apache/tools/ant/dispatch/Dispatchable
instanceKlass org/apache/tools/ant/dispatch/DispatchUtils
# instanceKlass java/lang/invoke/LambdaForm$MH+0x0000000037698800
instanceKlass org/apache/tools/ant/DynamicAttribute
instanceKlass org/apache/tools/ant/Evaluable
instanceKlass org/apache/tools/ant/RuntimeConfigurable$AttributeComponentInformation
instanceKlass org/apache/tools/ant/types/resources/AppendableResourceCollection
instanceKlass org/apache/tools/ant/types/Reference
instanceKlass org/apache/tools/ant/DynamicElementNS
instanceKlass org/apache/tools/ant/DynamicElement
instanceKlass org/apache/tools/ant/IntrospectionHelper$AttributeSetter
instanceKlass org/apache/tools/ant/IntrospectionHelper$NestedCreator
instanceKlass org/apache/tools/ant/IntrospectionHelper
instanceKlass java/io/RandomAccessFile$1
instanceKlass  @bci org/apache/tools/zip/ZipFile resolveLocalFileHeaderData (Ljava/util/Map;)V 327 <appendix> argL0 ; # org/apache/tools/zip/ZipFile$$Lambda+0x000000003769cca0
instanceKlass org/apache/tools/zip/UnparseableExtraFieldData
instanceKlass org/apache/tools/zip/Zip64ExtendedInformationExtraField
instanceKlass org/apache/tools/zip/CentralDirectoryParsingZipExtraField
instanceKlass org/apache/tools/zip/JarMarker
instanceKlass org/apache/tools/zip/AsiExtraField
instanceKlass org/apache/tools/zip/UnixStat
instanceKlass org/apache/tools/zip/ExtraFieldUtils
instanceKlass org/apache/tools/zip/ExtraFieldUtils$UnparseableExtraField
instanceKlass  @bci java/time/format/DateTimeFormatter <clinit> ()V 1075 <appendix> argL0 ; # java/time/format/DateTimeFormatter$$Lambda+0x80000001b
instanceKlass  @bci java/time/format/DateTimeFormatter <clinit> ()V 1067 <appendix> argL0 ; # java/time/format/DateTimeFormatter$$Lambda+0x80000001a
instanceKlass java/time/Period
instanceKlass java/time/chrono/ChronoPeriod
instanceKlass java/time/format/DateTimeFormatterBuilder$TextPrinterParser
instanceKlass java/time/format/DateTimeTextProvider$1
instanceKlass java/time/format/DateTimeTextProvider
instanceKlass java/time/format/DateTimeTextProvider$LocaleStore
instanceKlass java/time/format/DateTimeFormatterBuilder$InstantPrinterParser
instanceKlass java/time/format/DateTimeFormatterBuilder$StringLiteralPrinterParser
instanceKlass java/time/format/DateTimeFormatterBuilder$ZoneIdPrinterParser
instanceKlass java/time/format/DateTimeFormatterBuilder$OffsetIdPrinterParser
instanceKlass java/time/format/DecimalStyle
instanceKlass java/time/format/DateTimeFormatterBuilder$CharLiteralPrinterParser
instanceKlass java/time/format/DateTimeFormatter
instanceKlass java/time/format/DateTimeFormatterBuilder$CompositePrinterParser
instanceKlass java/time/format/DateTimeFormatterBuilder$NumberPrinterParser
instanceKlass java/time/format/DateTimeFormatterBuilder$DateTimePrinterParser
instanceKlass java/time/temporal/JulianFields
instanceKlass java/time/temporal/IsoFields
instanceKlass  @bci java/time/format/DateTimeFormatterBuilder <clinit> ()V 0 <appendix> argL0 ; # java/time/format/DateTimeFormatterBuilder$$Lambda+0x80000001c
instanceKlass java/time/temporal/TemporalQuery
instanceKlass java/time/format/DateTimeFormatterBuilder
instanceKlass java/time/Year
instanceKlass java/time/chrono/AbstractChronology
instanceKlass java/time/chrono/Chronology
instanceKlass java/time/LocalDate$1
instanceKlass  @bci java/time/temporal/TemporalAdjusters nextOrSame (Ljava/time/DayOfWeek;)Ljava/time/temporal/TemporalAdjuster; 6 <appendix> member <vmtarget> ; # java/time/temporal/TemporalAdjusters$$Lambda+0x0000000037634808
instanceKlass  @cpi java/time/temporal/TemporalAdjusters 209 form vmentry <vmtarget> ; # java/lang/invoke/LambdaForm$DMH+0x0000000037698400
instanceKlass java/time/temporal/TemporalAdjusters
instanceKlass java/time/zone/Ser
instanceKlass java/time/zone/ZoneRulesProvider
instanceKlass org/apache/tools/zip/AbstractUnicodeExtraField
instanceKlass org/apache/tools/zip/ZipUtil
instanceKlass org/apache/tools/zip/ZipShort
instanceKlass org/apache/tools/zip/GeneralPurposeBit
instanceKlass org/apache/tools/zip/ZipFile$OffsetEntry
instanceKlass org/apache/tools/zip/ZipEightByteInteger
instanceKlass org/apache/tools/zip/FallbackZipEncoding
instanceKlass org/apache/tools/zip/ZipEncodingHelper$SimpleEncodingHolder
instanceKlass org/apache/tools/zip/ZipEncoding
instanceKlass org/apache/tools/zip/ZipEncodingHelper
instanceKlass  @bci org/apache/tools/zip/ZipFile <init> (Ljava/io/File;Ljava/lang/String;Z)V 60 <appendix> argL0 ; # org/apache/tools/zip/ZipFile$$Lambda+0x0000000037695780
instanceKlass org/apache/tools/ant/types/resources/URLProvider
instanceKlass  @bci java/util/function/Function andThen (Ljava/util/function/Function;)Ljava/util/function/Function; 7 <appendix> member <vmtarget> ; # java/util/function/Function$$Lambda+0x0000000037633218
instanceKlass  @cpi java/util/function/Function 58 form vmentry <vmtarget> ; # java/lang/invoke/LambdaForm$DMH+0x0000000037698000
instanceKlass  @bci org/apache/tools/ant/AntClassLoader append (Ljava/util/Enumeration;Ljava/util/Enumeration;)Ljava/util/Enumeration; 20 <appendix> argL0 ; # org/apache/tools/ant/AntClassLoader$$Lambda+0x0000000037694b78
instanceKlass java/util/stream/Streams$2
instanceKlass java/util/stream/Streams$ConcatSpliterator
instanceKlass  @bci org/apache/tools/ant/AntClassLoader isParentFirst (Ljava/lang/String;)Z 39 <appendix> member <vmtarget> ; # org/apache/tools/ant/AntClassLoader$$Lambda+0x0000000037694918
instanceKlass  @bci org/apache/tools/ant/AntClassLoader isParentFirst (Ljava/lang/String;)Z 13 <appendix> member <vmtarget> ; # org/apache/tools/ant/AntClassLoader$$Lambda+0x00000000376946b8
instanceKlass java/util/Vector$VectorSpliterator
instanceKlass org/apache/tools/ant/AntClassLoader$ResourceEnumeration
instanceKlass  @bci org/apache/tools/ant/AntClassLoader addJavaLibraries ()V 4 <appendix> member <vmtarget> ; # org/apache/tools/ant/AntClassLoader$$Lambda+0x0000000037694218
instanceKlass java/util/stream/Sink$ChainedInt
instanceKlass java/util/stream/Sink$OfInt
instanceKlass java/util/function/IntConsumer
instanceKlass  @bci org/apache/tools/ant/util/DeweyDecimal toString ()Ljava/lang/String; 7 <appendix> argL0 ; # org/apache/tools/ant/util/DeweyDecimal$$Lambda+0x0000000037693ff0
instanceKlass java/util/Spliterators$IntArraySpliterator
instanceKlass java/util/Spliterator$OfInt
instanceKlass java/util/Spliterator$OfPrimitive
instanceKlass java/util/stream/IntStream
instanceKlass org/apache/tools/ant/util/DeweyDecimal
instanceKlass org/apache/tools/ant/util/JavaEnvUtils
instanceKlass org/apache/tools/ant/util/ClasspathUtils$Delegate
instanceKlass org/apache/tools/ant/SubBuildListener
instanceKlass org/apache/tools/ant/util/ClasspathUtils
instanceKlass  @bci org/apache/tools/ant/taskdefs/Definer <clinit> ()V 0 <appendix> argL0 ; # org/apache/tools/ant/taskdefs/Definer$$Lambda+0x0000000037692be0
instanceKlass  @bci org/apache/tools/ant/ComponentHelper updateRestrictedDefinition (Lorg/apache/tools/ant/AntTypeDefinition;)V 20 <appendix> argL0 ; # org/apache/tools/ant/ComponentHelper$$Lambda+0x0000000037691af0
instanceKlass org/apache/tools/ant/DefaultDefinitions
instanceKlass org/apache/tools/ant/TypeAdapter
instanceKlass org/apache/tools/ant/AntTypeDefinition
instanceKlass org/apache/tools/ant/ComponentHelper
instanceKlass org/apache/tools/ant/property/LocalPropertyStack
instanceKlass org/apache/tools/ant/PropertyHelper$PropertyEnumerator
instanceKlass org/apache/tools/zip/ZipLong
instanceKlass org/apache/tools/zip/ZipExtraField
instanceKlass org/apache/tools/zip/ZipFile
instanceKlass  @bci org/apache/tools/ant/Target setIf (Ljava/lang/String;)V 16 <appendix> member <vmtarget> ; # org/apache/tools/ant/Target$$Lambda+0x000000003768d000
instanceKlass org/apache/tools/ant/RuntimeConfigurable
instanceKlass org/apache/tools/ant/PropertyHelper$PropertySetter
instanceKlass java/text/CharacterIterator
instanceKlass org/apache/tools/ant/launch/Locator
instanceKlass org/apache/tools/ant/util/JAXPUtils
instanceKlass org/apache/tools/ant/helper/AntXMLContext
instanceKlass  @bci org/apache/tools/ant/property/ParseProperties parsePropertyName (Ljava/lang/String;Ljava/text/ParsePosition;)Ljava/lang/String; 22 <appendix> argL0 ; # org/apache/tools/ant/property/ParseProperties$$Lambda+0x000000003768e908
instanceKlass  @bci org/apache/tools/ant/property/ParseProperties parsePropertyName (Ljava/lang/String;Ljava/text/ParsePosition;)Ljava/lang/String; 12 <appendix> member <vmtarget> ; # org/apache/tools/ant/property/ParseProperties$$Lambda+0x000000003768e6b8
instanceKlass org/apache/tools/ant/property/ParseProperties
instanceKlass org/apache/tools/ant/PropertyHelper$2
instanceKlass  @bci org/apache/tools/ant/PropertyHelper <clinit> ()V 18 <appendix> argL0 ; # org/apache/tools/ant/PropertyHelper$$Lambda+0x000000003768e000
instanceKlass  @bci org/apache/tools/ant/PropertyHelper <clinit> ()V 10 <appendix> argL0 ; # org/apache/tools/ant/PropertyHelper$$Lambda+0x000000003768bdd0
instanceKlass  @cpi org/apache/tools/ant/PropertyHelper 462 form vmentry <vmtarget> ; # java/lang/invoke/LambdaForm$DMH+0x000000003768c400
instanceKlass org/apache/tools/ant/property/ParseNextProperty
instanceKlass org/apache/tools/ant/property/PropertyExpander
instanceKlass org/apache/tools/ant/PropertyHelper$1
instanceKlass org/apache/tools/ant/PropertyHelper$PropertyEvaluator
instanceKlass org/apache/tools/ant/PropertyHelper$Delegate
instanceKlass org/apache/tools/ant/PropertyHelper
instanceKlass org/apache/tools/ant/property/GetProperty
instanceKlass java/util/EventObject
instanceKlass org/apache/tools/ant/Target
instanceKlass org/apache/tools/ant/TaskContainer
instanceKlass  @bci java/util/stream/StreamSpliterators$WrappingSpliterator initPartialTraversalState ()V 37 <appendix> member <vmtarget> ; # java/util/stream/StreamSpliterators$WrappingSpliterator$$Lambda+0x000000003762fc08
instanceKlass java/util/function/BooleanSupplier
instanceKlass  @bci java/util/stream/StreamSpliterators$WrappingSpliterator initPartialTraversalState ()V 24 <appendix> member <vmtarget> ; # java/util/stream/StreamSpliterators$WrappingSpliterator$$Lambda+0x000000003762f748
instanceKlass java/util/stream/StreamSpliterators
instanceKlass  @bci org/apache/tools/ant/ProjectHelperRepository getProjectHelperForBuildFile (Lorg/apache/tools/ant/types/Resource;)Lorg/apache/tools/ant/ProjectHelper; 8 <appendix> member <vmtarget> ; # org/apache/tools/ant/ProjectHelperRepository$$Lambda+0x0000000037689ae0
instanceKlass org/apache/tools/ant/util/StreamUtils
instanceKlass java/util/stream/StreamSpliterators$AbstractWrappingSpliterator
instanceKlass  @bci java/util/stream/AbstractPipeline spliterator ()Ljava/util/Spliterator; 103 <appendix> member <vmtarget> ; # java/util/stream/AbstractPipeline$$Lambda+0x000000003762edc8
instanceKlass  @bci org/apache/tools/ant/ProjectHelperRepository getHelpers ()Ljava/util/Iterator; 55 <appendix> member <vmtarget> ; # org/apache/tools/ant/ProjectHelperRepository$$Lambda+0x0000000037689680
instanceKlass  @bci org/apache/tools/ant/ProjectHelperRepository getHelpers ()Ljava/util/Iterator; 38 <appendix> argL0 ; # org/apache/tools/ant/ProjectHelperRepository$$Lambda+0x0000000037689438
instanceKlass  @bci org/apache/tools/ant/ProjectHelperRepository getHelpers ()Ljava/util/Iterator; 14 <appendix> member <vmtarget> ; # org/apache/tools/ant/ProjectHelperRepository$$Lambda+0x00000000376891f8
instanceKlass  @cpi org/apache/tools/ant/ProjectHelperRepository 295 form vmentry <vmtarget> ; # java/lang/invoke/LambdaForm$DMH+0x000000003768c000
instanceKlass org/apache/tools/ant/helper/ProjectHelper2$AntHandler
instanceKlass org/apache/tools/ant/util/LoaderUtils
instanceKlass org/apache/tools/ant/ProjectHelperRepository
instanceKlass  @bci org/apache/tools/ant/ProjectHelper <clinit> ()V 21 <appendix> argL0 ; # org/apache/tools/ant/ProjectHelper$$Lambda+0x0000000037683cf0
instanceKlass  @bci org/apache/tools/ant/ProjectHelper <clinit> ()V 10 <appendix> argL0 ; # org/apache/tools/ant/ProjectHelper$$Lambda+0x0000000037683ac8
instanceKlass org/apache/tools/ant/ProjectHelper
instanceKlass org/apache/tools/ant/input/DefaultInputHandler
instanceKlass  @bci org/apache/tools/ant/Project <init> ()V 102 <appendix> argL0 ; # org/apache/tools/ant/Project$$Lambda+0x0000000037683180
instanceKlass org/apache/tools/ant/types/FilterSetCollection
instanceKlass org/apache/tools/ant/types/EnumeratedAttribute
instanceKlass org/apache/tools/ant/Location
instanceKlass java/nio/file/attribute/PosixFilePermissions$1
instanceKlass java/nio/file/attribute/PosixFilePermissions
instanceKlass org/apache/tools/ant/taskdefs/condition/Os
instanceKlass org/apache/tools/ant/taskdefs/condition/Condition
instanceKlass org/apache/tools/ant/util/FileUtils
instanceKlass org/apache/tools/ant/types/resources/Appendable
instanceKlass org/apache/tools/ant/types/resources/FileProvider
instanceKlass org/apache/tools/ant/types/resources/Touchable
instanceKlass org/apache/tools/ant/ProjectComponent
instanceKlass org/apache/tools/ant/types/ResourceCollection
instanceKlass org/apache/tools/ant/input/InputHandler
instanceKlass org/apache/tools/ant/Project
instanceKlass org/apache/tools/ant/types/ResourceFactory
instanceKlass org/hl7/fhir/utilities/regex/RegexUtils
instanceKlass org/apache/tools/ant/BuildListener
instanceKlass java/util/EventListener
instanceKlass org/hl7/fhir/igtools/templates/Template
# instanceKlass java/lang/invoke/LambdaForm$MH+0x0000000037681c00
instanceKlass java/lang/invoke/MethodHandleImpl$CasesHolder
instanceKlass java/lang/invoke/MethodHandleImpl$LoopClauses
# instanceKlass java/lang/invoke/LambdaForm$MH+0x0000000037681800
# instanceKlass java/lang/invoke/LambdaForm$DMH+0x0000000037681400
# instanceKlass java/lang/invoke/LambdaForm$MH+0x0000000037681000
# instanceKlass java/lang/invoke/LambdaForm$DMH+0x0000000037680c00
# instanceKlass java/lang/invoke/LambdaForm$DMH+0x0000000037680800
# instanceKlass java/lang/invoke/LambdaForm$MH+0x0000000037680400
# instanceKlass java/lang/invoke/LambdaForm$MH+0x0000000037680000
# instanceKlass java/lang/invoke/LambdaForm$MH+0x000000003767bc00
# instanceKlass java/lang/invoke/LambdaForm$MH+0x000000003767b800
# instanceKlass java/lang/invoke/LambdaForm$BMH+0x000000003767b400
# instanceKlass java/lang/invoke/LambdaForm$DMH+0x000000003767b000
# instanceKlass java/lang/invoke/LambdaForm$MH+0x000000003767ac00
# instanceKlass java/lang/invoke/LambdaForm$BMH+0x000000003767a800
# instanceKlass java/lang/invoke/LambdaForm$DMH+0x000000003767a400
# instanceKlass java/lang/invoke/LambdaForm$DMH+0x000000003767a000
# instanceKlass java/lang/invoke/LambdaForm$DMH+0x0000000037679c00
instanceKlass sun/nio/ch/FileChannelImpl$Unmapper
instanceKlass jdk/internal/access/foreign/UnmapperProxy
instanceKlass jdk/internal/misc/ExtendedMapMode
instanceKlass java/nio/channels/FileChannel$MapMode
instanceKlass  @bci org/hl7/fhir/validation/instance/utils/NodeStack pushInternal (Lorg/hl7/fhir/r5/elementmodel/Element;ILorg/hl7/fhir/r5/model/ElementDefinition;Lorg/hl7/fhir/r5/model/ElementDefinition;Ljava/lang/String;)Lorg/hl7/fhir/validation/instance/utils/NodeStack; 89 <appendix> form vmentry <vmtarget> ; # java/lang/invoke/LambdaForm$MH+0x0000000037679800
instanceKlass  @bci org/hl7/fhir/utilities/json/model/JsonObject remove (Ljava/lang/String;)V 29 <appendix> member <vmtarget> ; # org/hl7/fhir/utilities/json/model/JsonObject$$Lambda+0x000000003767f8d8
instanceKlass java/util/concurrent/ForkJoinPool$DefaultForkJoinWorkerThreadFactory
instanceKlass java/util/concurrent/ForkJoinPool$1
instanceKlass jdk/internal/access/JavaUtilConcurrentFJPAccess
instanceKlass java/util/concurrent/ForkJoinPool$WorkQueue
instanceKlass java/util/concurrent/CountDownLatch
instanceKlass java/util/concurrent/ForkJoinPool$ForkJoinWorkerThreadFactory
instanceKlass java/util/concurrent/ScheduledExecutorService
instanceKlass java/util/concurrent/ForkJoinTask$Aux
instanceKlass java/util/concurrent/ForkJoinTask
instanceKlass java/util/concurrent/Future
instanceKlass com/fasterxml/jackson/core/util/JacksonFeatureSet
instanceKlass com/fasterxml/jackson/core/JsonStreamContext
instanceKlass com/fasterxml/jackson/core/json/ByteSourceJsonBootstrapper
instanceKlass com/fasterxml/jackson/core/util/TextBuffer
instanceKlass com/fasterxml/jackson/core/io/IOContext
instanceKlass com/fasterxml/jackson/core/util/BufferRecycler
instanceKlass com/fasterxml/jackson/core/util/BufferRecyclers
instanceKlass com/fasterxml/jackson/core/util/BufferRecycler$Gettable
instanceKlass com/fasterxml/jackson/core/io/ContentReference
instanceKlass  @bci org/sqlite/core/CorePreparedStatement <init> (Lorg/sqlite/SQLiteConnection;Ljava/lang/String;)V 63 <appendix> argL0 ; # org/sqlite/core/CorePreparedStatement$$Lambda+0x0000000037676d70
instanceKlass  @bci org/sqlite/core/CorePreparedStatement <init> (Lorg/sqlite/SQLiteConnection;Ljava/lang/String;)V 47 <appendix> argL0 ; # org/sqlite/core/CorePreparedStatement$$Lambda+0x0000000037676b48
instanceKlass  @bci org/sqlite/core/CorePreparedStatement <init> (Lorg/sqlite/SQLiteConnection;Ljava/lang/String;)V 28 <appendix> argL0 ; # org/sqlite/core/CorePreparedStatement$$Lambda+0x0000000037676920
instanceKlass org/sqlite/core/SafeStmtPtr$SafePtrFunction
instanceKlass java/sql/ParameterMetaData
instanceKlass  @bci org/sqlite/core/DB lambda$ensureAutoCommit$4 (Lorg/sqlite/core/DB;J)V 6 <appendix> form vmentry <vmtarget> ; # java/lang/invoke/LambdaForm$DMH+0x0000000037679000
instanceKlass  @bci org/sqlite/core/DB lambda$ensureAutoCommit$4 (Lorg/sqlite/core/DB;J)V 6 <appendix> member <vmtarget> ; # org/sqlite/core/DB$$Lambda+0x0000000037674a98
instanceKlass  @cpi org/sqlite/core/DB 543 form vmentry <vmtarget> ; # java/lang/invoke/LambdaForm$DMH+0x0000000037678c00
instanceKlass  @bci org/sqlite/core/DB ensureAutoCommit (Z)V 14 <appendix> member <vmtarget> ; # org/sqlite/core/DB$$Lambda+0x0000000037674868
instanceKlass  @cpi org/sqlite/core/DB 538 form vmentry <vmtarget> ; # java/lang/invoke/LambdaForm$DMH+0x0000000037678800
instanceKlass org/sqlite/core/SafeStmtPtr$SafePtrConsumer
instanceKlass  @bci org/sqlite/core/CoreStatement exec ()Z 128 <appendix> argL0 ; # org/sqlite/core/CoreStatement$$Lambda+0x0000000037674438
instanceKlass  @cpi org/sqlite/core/CoreResultSet 143 form vmentry <vmtarget> ; # java/lang/invoke/LambdaForm$DMH+0x0000000037678400
instanceKlass  @bci org/sqlite/core/DB execute (Lorg/sqlite/core/CoreStatement;[Ljava/lang/Object;)Z 6 <appendix> member <vmtarget> ; # org/sqlite/core/DB$$Lambda+0x0000000037674208
instanceKlass  @cpi org/sqlite/core/DB 495 form vmentry <vmtarget> ; # java/lang/invoke/LambdaForm$DMH+0x0000000037678000
instanceKlass org/sqlite/core/SafeStmtPtr$SafePtrIntFunction
instanceKlass org/sqlite/core/SafeStmtPtr
instanceKlass  @bci org/sqlite/core/NativeDB prepare (Ljava/lang/String;)Lorg/sqlite/core/SafeStmtPtr; 4 <appendix> member <vmtarget> ; # org/sqlite/core/NativeDB$$Lambda+0x000000003766fac0
instanceKlass org/sqlite/ExtendedCommand$SQLExtension
instanceKlass org/sqlite/ExtendedCommand
instanceKlass  @bci org/sqlite/jdbc3/JDBC3Statement execute (Ljava/lang/String;)Z 7 <appendix> member <vmtarget> ; # org/sqlite/jdbc3/JDBC3Statement$$Lambda+0x000000003766f478
instanceKlass org/sqlite/jdbc3/JDBC3Statement$SQLCallable
instanceKlass java/sql/Clob
instanceKlass  @bci java/util/regex/Pattern ALL ()Ljava/util/regex/Pattern$CharPredicate; 0 <appendix> argL0 ; # java/util/regex/Pattern$$Lambda+0x000000003762b190
instanceKlass java/sql/ResultSetMetaData
instanceKlass java/sql/ResultSet
instanceKlass org/sqlite/core/CoreResultSet
instanceKlass org/sqlite/core/CoreStatement
instanceKlass org/sqlite/BusyHandler
instanceKlass org/sqlite/ProgressHandler
instanceKlass org/sqlite/core/DB$ProgressObserver
instanceKlass org/sqlite/Collation
instanceKlass org/sqlite/Function
instanceKlass java/io/DeleteOnExitHook$1
instanceKlass java/io/DeleteOnExitHook
instanceKlass org/sqlite/util/ProcessRunner
instanceKlass org/sqlite/util/OSInfo
instanceKlass org/sqlite/util/LibraryLoaderUtil
instanceKlass  @bci org/sqlite/SQLiteJDBCLoader cleanup ()V 44 <appendix> argL0 ; # org/sqlite/SQLiteJDBCLoader$$Lambda+0x000000003766b278
instanceKlass  @bci org/sqlite/SQLiteJDBCLoader cleanup ()V 34 <appendix> member <vmtarget> ; # org/sqlite/SQLiteJDBCLoader$$Lambda+0x000000003766b018
instanceKlass  @bci java/nio/file/Files asUncheckedRunnable (Ljava/io/Closeable;)Ljava/lang/Runnable; 1 <appendix> member <vmtarget> ; # java/nio/file/Files$$Lambda+0x00000000376084d8
instanceKlass java/nio/file/Files$2
instanceKlass org/sqlite/SQLiteJDBCLoader$VersionHolder
instanceKlass org/sqlite/SQLiteJDBCLoader
instanceKlass  @bci java/util/regex/CharPredicates category (I)Ljava/util/regex/Pattern$CharPredicate; 1 <appendix> member <vmtarget> ; # java/util/regex/CharPredicates$$Lambda+0x000000003762a130
instanceKlass sun/util/locale/Extension
instanceKlass sun/util/locale/LocaleExtensions
instanceKlass org/sqlite/date/FastDateParser$Strategy
instanceKlass org/sqlite/date/FastDateParser
instanceKlass org/sqlite/date/FastDatePrinter$TwoDigitNumberField
instanceKlass org/sqlite/date/FastDatePrinter$TwoDigitMonthField
instanceKlass org/sqlite/date/FastDatePrinter$CharacterLiteral
instanceKlass org/sqlite/date/FastDatePrinter$PaddedNumberField
instanceKlass org/sqlite/date/FastDatePrinter$NumberRule
instanceKlass org/sqlite/date/FastDatePrinter$Rule
instanceKlass org/sqlite/date/FastDatePrinter
instanceKlass org/sqlite/date/FormatCache$MultipartKey
instanceKlass org/sqlite/date/FormatCache
instanceKlass org/sqlite/date/DatePrinter
instanceKlass org/sqlite/date/DateParser
instanceKlass org/sqlite/SQLiteConnectionConfig
instanceKlass org/sqlite/SQLiteConfig$OnOff
instanceKlass org/sqlite/SQLiteConfig$PragmaValue
instanceKlass org/sqlite/SQLiteConfig
instanceKlass java/sql/PreparedStatement
instanceKlass java/sql/Statement
instanceKlass java/sql/Savepoint
instanceKlass org/sqlite/core/CoreDatabaseMetaData
instanceKlass java/sql/DatabaseMetaData
instanceKlass org/sqlite/core/DB
instanceKlass org/sqlite/core/Codes
instanceKlass java/sql/DriverInfo
instanceKlass org/sqlite/util/LoggerFactory$SLF4JLogger
instanceKlass org/sqlite/util/Logger
instanceKlass org/sqlite/util/LoggerFactory
instanceKlass org/sqlite/SQLiteConnection
instanceKlass java/sql/Connection
instanceKlass java/sql/Wrapper
instanceKlass org/sqlite/JDBC
instanceKlass java/sql/Driver
instanceKlass java/sql/DriverManager
instanceKlass org/hl7/fhir/validation/SQLiteINpmPackageIndexBuilderDBImpl
instanceKlass  @bci org/apache/commons/io/input/ProxyInputStream close ()V 5 <appendix> member <vmtarget> ; # org/apache/commons/io/input/ProxyInputStream$$Lambda+0x000000003765a660
instanceKlass  @bci org/apache/commons/io/IOUtils skip (Ljava/io/InputStream;J)J 2 <appendix> argL0 ; # org/apache/commons/io/IOUtils$$Lambda+0x000000003765a438
instanceKlass org/apache/commons/compress/utils/TimeUtils
instanceKlass org/apache/commons/compress/archivers/tar/TarUtils$1
instanceKlass org/apache/commons/compress/archivers/tar/TarUtils
instanceKlass org/apache/commons/compress/archivers/tar/TarArchiveEntry
instanceKlass org/apache/commons/compress/archivers/EntryStreamOffsets
instanceKlass org/apache/commons/compress/archivers/tar/TarConstants
instanceKlass org/apache/commons/compress/utils/ArchiveUtils
instanceKlass  @bci org/apache/commons/io/IOUtils read (Ljava/io/InputStream;[BII)I 12 <appendix> member <vmtarget> ; # org/apache/commons/io/IOUtils$$Lambda+0x0000000037658858
instanceKlass  @cpi org/apache/commons/io/IOUtils 1127 form vmentry <vmtarget> ; # java/lang/invoke/LambdaForm$DMH+0x000000003765c000
instanceKlass org/apache/commons/io/function/IOTriFunction
instanceKlass  @bci org/apache/commons/io/IOUtils <clinit> ()V 53 <appendix> argL0 ; # org/apache/commons/io/IOUtils$$Lambda+0x0000000037658428
instanceKlass  @bci org/apache/commons/io/IOUtils <clinit> ()V 36 <appendix> argL0 ; # org/apache/commons/io/IOUtils$$Lambda+0x0000000037658200
instanceKlass org/apache/commons/io/IOUtils
instanceKlass org/apache/commons/compress/utils/IOUtils
instanceKlass  @bci org/apache/commons/compress/archivers/zip/ZipEncodingHelper isUTF8Alias (Ljava/lang/String;)Z 25 <appendix> member <vmtarget> ; # org/apache/commons/compress/archivers/zip/ZipEncodingHelper$$Lambda+0x0000000037656000
instanceKlass org/apache/commons/compress/archivers/zip/NioZipEncoding
instanceKlass org/apache/commons/compress/archivers/zip/CharsetAccessor
instanceKlass org/apache/commons/compress/utils/CharsetNames
instanceKlass org/apache/commons/compress/archivers/zip/ZipEncoding
instanceKlass org/apache/commons/compress/archivers/zip/ZipEncodingHelper
instanceKlass org/apache/commons/io/Charsets
instanceKlass org/apache/commons/compress/archivers/ArchiveEntry
instanceKlass org/apache/commons/compress/utils/ByteUtils
instanceKlass  @bci org/apache/commons/io/input/ProxyInputStream <init> (Ljava/io/InputStream;)V 2 <appendix> argL0 ; # org/apache/commons/io/input/ProxyInputStream$$Lambda+0x0000000037651d90
instanceKlass org/apache/commons/io/function/Erase
instanceKlass org/apache/commons/compress/compressors/gzip/GzipParameters
instanceKlass jdk/internal/util/ByteArrayLittleEndian
instanceKlass java/util/UUID$Holder
instanceKlass sun/nio/ch/FileKey
instanceKlass sun/nio/ch/FileLockTable
instanceKlass java/nio/channels/FileLock
instanceKlass sun/nio/fs/WindowsChannelFactory$2
instanceKlass  @bci org/hl7/fhir/utilities/npm/FilesystemPackageCacheManager addPackageToCache (Ljava/lang/String;Ljava/lang/String;Ljava/io/InputStream;Ljava/lang/String;)Lorg/hl7/fhir/utilities/npm/NpmPackage; 46 <appendix> form vmentry <vmtarget> ; # java/lang/invoke/LambdaForm$DMH+0x0000000037655400
instanceKlass  @bci org/hl7/fhir/utilities/npm/FilesystemPackageCacheManager addPackageToCache (Ljava/lang/String;Ljava/lang/String;Ljava/io/InputStream;Ljava/lang/String;)Lorg/hl7/fhir/utilities/npm/NpmPackage; 46 <appendix> member <vmtarget> ; # org/hl7/fhir/utilities/npm/FilesystemPackageCacheManager$$Lambda+0x00000000376510b8
instanceKlass org/hl7/fhir/utilities/npm/BasePackageCacheManager$InputStreamWithSrc
instanceKlass java/lang/StackTraceElement$HashedModules
instanceKlass sun/nio/ch/ExtendedSocketOption$1
instanceKlass sun/nio/ch/ExtendedSocketOption
instanceKlass sun/nio/ch/OptionKey
instanceKlass sun/nio/ch/SocketOptionRegistry$LazyInitialization
instanceKlass sun/nio/ch/SocketOptionRegistry$RegistryKey
instanceKlass sun/nio/ch/SocketOptionRegistry
instanceKlass java/net/StandardSocketOptions$StdSocketOption
instanceKlass java/net/StandardSocketOptions
instanceKlass okio/internal/_AtomicKt
instanceKlass sun/security/ssl/Alert$AlertMessage
instanceKlass sun/security/ssl/Alert$AlertConsumer
instanceKlass  @bci okhttp3/internal/http2/Http2Connection writeWindowUpdateLater$okhttp (IJ)V 41 <adapter> ; # java/lang/invoke/LambdaForm$MH+0x0000000037655000
# instanceKlass java/lang/invoke/LambdaForm$DMH+0x0000000037654c00
# instanceKlass okhttp3/internal/http2/Http2Connection$$Lambda+0x0000000037650a60
instanceKlass  @bci okhttp3/internal/http2/Http2Connection writeWindowUpdateLater$okhttp (IJ)V 41 <appendix> form vmentry <vmtarget> ; # java/lang/invoke/LambdaForm$DMH+0x0000000037654800
instanceKlass  @bci okhttp3/internal/http2/Http2Connection writeWindowUpdateLater$okhttp (IJ)V 41 <appendix> member <vmtarget> ; # okhttp3/internal/http2/Http2Connection$$Lambda+0x0000000037650830
instanceKlass  @cpi okhttp3/internal/http2/Http2Connection 522 form vmentry <vmtarget> ; # java/lang/invoke/LambdaForm$DMH+0x0000000037654000
instanceKlass java/lang/foreign/MemorySegment
instanceKlass java/util/IdentityHashMap$IdentityHashMapIterator
instanceKlass ch/qos/logback/classic/spi/EventArgUtil
instanceKlass java/time/Clock
instanceKlass java/time/InstantSource
instanceKlass ch/qos/logback/classic/spi/IThrowableProxy
instanceKlass ch/qos/logback/classic/spi/LoggingEvent
instanceKlass org/hl7/fhir/utilities/npm/PackageGenerator$1
instanceKlass org/hl7/fhir/utilities/http/URLUtil
instanceKlass org/hl7/fhir/utilities/npm/CIBuildClient$BuildRecordSorter
instanceKlass java/text/CalendarBuilder
instanceKlass org/hl7/fhir/utilities/npm/CIBuildClient$BuildRecord
instanceKlass org/hl7/fhir/utilities/http/HTTPResult
instanceKlass okhttp3/Dispatcher$promoteAndExecute$Effects
instanceKlass okio/InflaterSource
instanceKlass okio/GzipSource
instanceKlass kotlin/text/RegexKt
instanceKlass kotlin/text/MatchNamedGroupCollection
instanceKlass kotlin/text/MatchGroupCollection
instanceKlass kotlin/text/MatcherMatchResult
instanceKlass kotlin/text/MatchResult
instanceKlass okhttp3/MediaType$Companion
instanceKlass okhttp3/MediaType
instanceKlass okhttp3/internal/UnreadableResponseBodyKt
instanceKlass okhttp3/internal/http/CallServerInterceptor$intercept$1
instanceKlass okio/ForwardingSource
instanceKlass okhttp3/internal/http/HttpHeaders
instanceKlass okhttp3/Response
instanceKlass okhttp3/TrailersSource$Companion$EMPTY$1
instanceKlass okhttp3/TrailersSource$Companion
instanceKlass okhttp3/TrailersSource
instanceKlass okhttp3/ResponseBody$Companion
instanceKlass okhttp3/ResponseBody
instanceKlass okhttp3/Response$Builder
instanceKlass okhttp3/internal/http/StatusLine$Companion
instanceKlass okhttp3/internal/http/StatusLine
instanceKlass  @bci okhttp3/internal/http2/Http2Connection$ReaderRunnable applyAndAckSettings (ZLokhttp3/internal/http2/Settings;)V 263 <appendix> member <vmtarget> ; # okhttp3/internal/http2/Http2Connection$ReaderRunnable$$Lambda+0x00000000376493c8
instanceKlass kotlin/jvm/internal/Ref$ObjectRef
instanceKlass  @bci net/sf/saxon/expr/Atomizer$AtomizerElaborator elaborateForPull ()Lnet/sf/saxon/expr/elab/PullEvaluator; 48 <adapter> ; # java/lang/invoke/LambdaForm$MH+0x000000003764c400
instanceKlass  @bci net/sf/saxon/expr/Atomizer$AtomizerElaborator elaborateForPull ()Lnet/sf/saxon/expr/elab/PullEvaluator; 48 <appendix> form vmentry <vmtarget> ; # java/lang/invoke/LambdaForm$DMH+0x000000003764c000
instanceKlass  @bci okhttp3/internal/http2/Http2Connection$ReaderRunnable settings (ZLokhttp3/internal/http2/Settings;)V 45 <appendix> member <vmtarget> ; # okhttp3/internal/http2/Http2Connection$ReaderRunnable$$Lambda+0x0000000037648980
instanceKlass okhttp3/internal/http2/Huffman$Node
instanceKlass okhttp3/internal/http2/Huffman
instanceKlass okhttp3/internal/http2/Hpack
instanceKlass okhttp3/internal/http2/Http2Stream$FramingSink
instanceKlass okhttp3/internal/http2/Http2Stream$FramingSource
instanceKlass okhttp3/internal/http2/Http2Stream$Companion
instanceKlass okhttp3/internal/http2/Http2Stream
instanceKlass okhttp3/internal/http/RequestLine
instanceKlass okhttp3/internal/http2/Header$Companion
instanceKlass okhttp3/internal/http/HttpMethod
instanceKlass  @bci sun/security/util/MemoryCache put (Ljava/lang/Object;Ljava/lang/Object;Z)V 126 <appendix> member <vmtarget> ; # sun/security/util/MemoryCache$$TypeSwitch+0x00000000376252a8
instanceKlass okhttp3/internal/connection/Exchange
instanceKlass sun/security/util/MemoryCache$QueueCacheEntry
instanceKlass okhttp3/internal/http2/Http2ExchangeCodec$Companion
instanceKlass okhttp3/internal/http2/Http2ExchangeCodec
instanceKlass okhttp3/internal/http/ExchangeCodec
instanceKlass okhttp3/internal/http2/ErrorCode$Companion
instanceKlass okio/internal/-ByteString
instanceKlass kotlin/jvm/internal/StringCompanionObject
instanceKlass okhttp3/internal/http2/Hpack$Reader
instanceKlass okhttp3/internal/http2/Http2Reader$ContinuationSource
instanceKlass okhttp3/internal/http2/Http2Reader$Companion
instanceKlass okhttp3/internal/http2/Http2Reader
instanceKlass okhttp3/internal/http2/Http2Connection$ReaderRunnable
instanceKlass okhttp3/internal/http2/Http2Reader$Handler
instanceKlass okhttp3/internal/http2/Header
instanceKlass okhttp3/internal/http2/Hpack$Writer
instanceKlass okhttp3/internal/http2/Http2
instanceKlass okhttp3/internal/http2/Http2Writer$Companion
instanceKlass okhttp3/internal/http2/Http2Writer
instanceKlass okhttp3/internal/http2/flowcontrol/WindowCounter
instanceKlass okhttp3/internal/http2/Settings$Companion
instanceKlass okhttp3/internal/http2/Settings
instanceKlass okhttp3/internal/http2/Http2Connection$Companion
instanceKlass okhttp3/internal/http2/Http2Connection
instanceKlass okhttp3/internal/http2/PushObserver$Companion$PushObserverCancel
instanceKlass okhttp3/internal/http2/PushObserver$Companion
instanceKlass okhttp3/internal/http2/PushObserver
instanceKlass okhttp3/internal/http2/Http2Connection$Builder
instanceKlass okhttp3/internal/http2/FlowControlListener$None
instanceKlass okhttp3/internal/http2/FlowControlListener
instanceKlass okhttp3/internal/connection/RealConnection$Companion
instanceKlass okhttp3/internal/http2/Http2Connection$Listener$Companion
instanceKlass okhttp3/internal/http2/Http2Connection$Listener
instanceKlass okhttp3/Connection
instanceKlass kotlin/collections/EmptyIterator
instanceKlass  @bci okhttp3/internal/connection/ConnectPlan connectTls (Ljavax/net/ssl/SSLSocket;Lokhttp3/ConnectionSpec;)V 341 <appendix> member <vmtarget> ; # okhttp3/internal/connection/ConnectPlan$$Lambda+0x000000003759abe8
instanceKlass  @bci okhttp3/internal/connection/ConnectPlan connectTls (Ljavax/net/ssl/SSLSocket;Lokhttp3/ConnectionSpec;)V 314 <appendix> member <vmtarget> ; # okhttp3/internal/connection/ConnectPlan$$Lambda+0x000000003759a9b8
instanceKlass okio/Utf8
instanceKlass kotlin/UNINITIALIZED_VALUE
instanceKlass kotlin/SynchronizedLazyImpl
instanceKlass kotlin/Lazy
instanceKlass kotlin/LazyKt__LazyJVMKt
instanceKlass  @bci okhttp3/Handshake <init> (Lokhttp3/TlsVersion;Lokhttp3/CipherSuite;Ljava/util/List;Lkotlin/jvm/functions/Function0;)V 47 <appendix> member <vmtarget> ; # okhttp3/Handshake$$Lambda+0x00000000375998f8
instanceKlass  @bci okhttp3/Handshake$Companion get (Ljavax/net/ssl/SSLSession;)Lokhttp3/Handshake; 195 <appendix> member <vmtarget> ; # okhttp3/Handshake$Companion$$Lambda+0x00000000375996c8
instanceKlass kotlin/jvm/functions/Function0
instanceKlass kotlin/Function
instanceKlass okhttp3/Handshake$Companion
instanceKlass okhttp3/Handshake
instanceKlass com/sun/crypto/provider/GaloisCounterMode$EncryptOp
instanceKlass sun/security/ssl/SSLBasicKeyDerivation
instanceKlass sun/security/ssl/Finished$1
instanceKlass sun/security/ssl/Finished$T13VerifyDataGenerator
instanceKlass sun/security/ssl/Finished$T12VerifyDataGenerator
instanceKlass sun/security/ssl/Finished$T10VerifyDataGenerator
instanceKlass sun/security/ssl/Finished$S30VerifyDataGenerator
instanceKlass sun/security/ssl/Finished$VerifyDataGenerator
instanceKlass sun/security/ssl/X509Authentication$X509Credentials
instanceKlass sun/security/validator/ChunghwaTLSPolicy
instanceKlass sun/security/validator/CamerfirmaTLSPolicy
instanceKlass sun/security/validator/EntrustTLSPolicy
instanceKlass sun/security/validator/SymantecTLSPolicy
instanceKlass java/util/RegularEnumSet$EnumSetIterator
instanceKlass java/security/cert/PKIXCertPathValidatorResult
instanceKlass java/security/cert/CertPathValidatorResult
instanceKlass sun/security/util/math/IntegerModuloP$MultiplicativeInverser$Secp256R1Field
instanceKlass  @bci sun/security/ec/ECDSASignature engineVerify ([B)Z 37 <appendix> member <vmtarget> ; # sun/security/ec/ECDSASignature$$Lambda+0x000000003761f530
instanceKlass  @bci sun/security/ec/ECDSAOperations forParameters (Ljava/security/spec/ECParameterSpec;)Ljava/util/Optional; 7 <appendix> member <vmtarget> ; # sun/security/ec/ECDSAOperations$$Lambda+0x000000003761f078
instanceKlass sun/security/ec/ECDSAOperations
instanceKlass sun/security/util/SignatureUtil
instanceKlass java/security/interfaces/DSAPublicKey
instanceKlass java/security/interfaces/DSAKey
instanceKlass sun/security/util/Length
instanceKlass sun/security/provider/certpath/CertPathConstraintsParameters
instanceKlass sun/security/util/ConstraintsParameters
instanceKlass sun/security/provider/certpath/PKIXMasterCertPathValidator
instanceKlass sun/security/provider/certpath/PolicyNodeImpl
instanceKlass java/security/cert/PolicyNode
instanceKlass sun/security/util/DisabledAlgorithmConstraints$CertPathHolder
instanceKlass  @bci sun/security/x509/X509CertImpl getFingerprint (Ljava/lang/String;Lsun/security/util/Debug;)Ljava/lang/String; 7 <appendix> member <vmtarget> ; # sun/security/x509/X509CertImpl$$Lambda+0x000000003761cd08
instanceKlass sun/security/util/UntrustedCertificates
instanceKlass java/security/cert/X509CertSelector
instanceKlass java/security/cert/CertSelector
instanceKlass sun/security/provider/certpath/PKIX$ValidatorParams
instanceKlass sun/security/provider/certpath/PKIX
instanceKlass java/security/cert/CertPath
instanceKlass java/security/cert/CertPathValidatorSpi
instanceKlass java/security/cert/CertPathValidator
instanceKlass java/security/cert/PKIXCertPathChecker
instanceKlass java/security/cert/CertPathChecker
instanceKlass java/security/Timestamp
instanceKlass sun/security/ssl/SSLAlgorithmConstraints$SupportedSignatureAlgorithmConstraints
instanceKlass java/security/cert/PKIXParameters
instanceKlass java/security/cert/CertPathParameters
instanceKlass sun/security/provider/certpath/CertPathHelper
instanceKlass java/security/cert/TrustAnchor
instanceKlass sun/security/validator/EndEntityChecker
instanceKlass sun/security/validator/Validator
instanceKlass javax/net/ssl/SSLEngine
instanceKlass sun/security/provider/certpath/CertId
instanceKlass sun/security/provider/certpath/OCSPResponse$SingleResponse
instanceKlass sun/security/provider/certpath/OCSP$RevocationStatus
instanceKlass sun/security/provider/certpath/ResponderId
instanceKlass sun/security/provider/certpath/OCSPResponse
instanceKlass sun/security/ssl/CertStatusExtension$CertStatusResponse
instanceKlass sun/security/ssl/CertStatusExtension$CertStatusResponseSpec
instanceKlass sun/security/ssl/CertificateMessage$CertificateEntry
instanceKlass com/sun/crypto/provider/GaloisCounterMode$DecryptOp
instanceKlass com/sun/crypto/provider/GaloisCounterMode$GCMOperation
instanceKlass com/sun/crypto/provider/GHASH
instanceKlass com/sun/crypto/provider/GCM
instanceKlass com/sun/crypto/provider/GaloisCounterMode$GCMEngine
instanceKlass javax/crypto/spec/GCMParameterSpec
instanceKlass sun/security/ssl/ChangeCipherSpec$T13ChangeCipherSpecConsumer
instanceKlass sun/security/ssl/ChangeCipherSpec$T10ChangeCipherSpecProducer
instanceKlass sun/security/ssl/ChangeCipherSpec$T10ChangeCipherSpecConsumer
instanceKlass sun/security/ssl/ChangeCipherSpec
instanceKlass javax/crypto/spec/IvParameterSpec
instanceKlass sun/security/ssl/SSLTrafficKeyDerivation$T13TrafficKeyDerivation
instanceKlass sun/security/ssl/SSLTrafficKeyDerivation$1
instanceKlass sun/security/ssl/SSLTrafficKeyDerivation$T13TrafficKeyDerivationGenerator
instanceKlass sun/security/ssl/SSLTrafficKeyDerivation$T12TrafficKeyDerivationGenerator
instanceKlass sun/security/ssl/SSLTrafficKeyDerivation$T10TrafficKeyDerivationGenerator
instanceKlass sun/security/ssl/SSLTrafficKeyDerivation$S30TrafficKeyDerivationGenerator
instanceKlass sun/security/ssl/SSLKeyDerivationGenerator
instanceKlass javax/crypto/spec/HKDFParameterSpec$Expand
instanceKlass sun/security/ssl/SSLSecretDerivation
instanceKlass javax/crypto/MacSpi
instanceKlass javax/crypto/Mac
instanceKlass javax/crypto/spec/HKDFParameterSpec$Extract
instanceKlass javax/crypto/spec/HKDFParameterSpec$Builder
instanceKlass javax/crypto/spec/HKDFParameterSpec
instanceKlass javax/crypto/KDFSpi
instanceKlass javax/crypto/KDF
instanceKlass  @bci javax/crypto/spec/SecretKeySpec <clinit> ()V 0 <appendix> argL0 ; # javax/crypto/spec/SecretKeySpec$$Lambda+0x000000003760db48
instanceKlass jdk/internal/access/JavaxCryptoSpecAccess
instanceKlass javax/crypto/spec/SecretKeySpec
instanceKlass javax/crypto/SecretKey
instanceKlass  @bci sun/security/ec/XDHKeyAgreement engineDoPhase (Ljava/security/Key;Z)Ljava/security/Key; 70 <appendix> argL0 ; # sun/security/ec/XDHKeyAgreement$$Lambda+0x000000003760d238
instanceKlass  @bci sun/security/ec/XDHKeyAgreement initImpl (Ljava/security/Key;)V 66 <appendix> argL0 ; # sun/security/ec/XDHKeyAgreement$$Lambda+0x000000003760d010
instanceKlass  @bci sun/security/ec/XDHKeyAgreement initImpl (Ljava/security/Key;)V 38 <appendix> argL0 ; # sun/security/ec/XDHKeyAgreement$$Lambda+0x000000003760cdc8
instanceKlass  @bci sun/security/ec/XDHKeyAgreement initImpl (Ljava/security/Key;)V 22 <appendix> argL0 ; # sun/security/ec/XDHKeyAgreement$$Lambda+0x000000003760cb80
instanceKlass javax/crypto/KeyAgreementSpi
instanceKlass sun/security/ssl/KAKeyDerivation
instanceKlass sun/security/ssl/XDHKeyExchange$XDHEKAGenerator
instanceKlass sun/security/ssl/XDHKeyExchange
instanceKlass  @bci sun/security/util/DisabledAlgorithmConstraints getNamedParametersFromKey (Ljava/security/Key;)Ljava/util/List; 11 <appendix> member <vmtarget> ; # sun/security/util/DisabledAlgorithmConstraints$$TypeSwitch+0x000000003760be68
# instanceKlass java/lang/invoke/LambdaForm$MH+0x0000000037641c00
# instanceKlass java/lang/invoke/LambdaForm$MH+0x0000000037641800
# instanceKlass java/lang/invoke/LambdaForm$MH+0x0000000037641400
instanceKlass  @cpi net/sf/saxon/style/XSLLocalParam 516 form vmentry <vmtarget> ; # java/lang/invoke/LambdaForm$DMH+0x0000000037641000
# instanceKlass java/lang/invoke/LambdaForm$DMH+0x0000000037640c00
instanceKlass java/lang/ClassValue$RemovalToken
instanceKlass java/lang/invoke/MethodHandleImpl$ArrayAccessor
# instanceKlass java/lang/invoke/LambdaForm$MH+0x0000000037640800
instanceKlass  @cpi net/sf/saxon/expr/FunctionCall 576 form vmentry <vmtarget> ; # java/lang/invoke/LambdaForm$DMH+0x0000000037640400
instanceKlass  @bci java/lang/invoke/BootstrapMethodInvoker invoke (Ljava/lang/Class;Ljava/lang/invoke/MethodHandle;Ljava/lang/String;Ljava/lang/Object;Ljava/lang/Object;Ljava/lang/Class;)Ljava/lang/Object; 211 <adapter> ; # java/lang/invoke/LambdaForm$MH+0x0000000037640000
instanceKlass  @bci sun/security/ec/XDHKeyFactory generatePublicImpl (Ljava/security/spec/KeySpec;)Ljava/security/PublicKey; 101 <appendix> argL0 ; # sun/security/ec/XDHKeyFactory$$Lambda+0x000000003760a9d0
instanceKlass  @bci sun/security/ec/XDHKeyFactory generatePublicImpl (Ljava/security/spec/KeySpec;)Ljava/security/PublicKey; 85 <appendix> argL0 ; # sun/security/ec/XDHKeyFactory$$Lambda+0x000000003760a788
instanceKlass  @bci sun/security/ec/XDHKeyFactory generatePublicImpl (Ljava/security/spec/KeySpec;)Ljava/security/PublicKey; 6 <appendix> member <vmtarget> ; # sun/security/ec/XDHKeyFactory$$TypeSwitch+0x000000003760a310
instanceKlass java/security/spec/XECPublicKeySpec
instanceKlass sun/security/ssl/XDHKeyExchange$XDHECredentials
instanceKlass sun/security/ssl/NamedGroupCredentials
instanceKlass sun/security/ssl/KeyShareExtension$SHKeyShareSpec
instanceKlass sun/security/ssl/HandshakeHash$CloneableHash
instanceKlass sun/security/ssl/HandshakeHash$T13HandshakeHash
instanceKlass sun/security/ssl/SupportedVersionsExtension$SHSupportedVersionsSpec
instanceKlass sun/security/ssl/TransportContext$1
instanceKlass sun/security/ssl/Plaintext
instanceKlass sun/security/ssl/OutputRecord$T13PaddingHolder
instanceKlass sun/security/ssl/RenegoInfoExtension$RenegotiationInfoSpec
instanceKlass sun/security/ssl/KeyShareExtension$CHKeyShareSpec
instanceKlass sun/security/util/math/IntegerModuloP$MultiplicativeInverser$Secp256R1
instanceKlass sun/security/ec/point/MutablePoint
instanceKlass sun/security/ec/ECOperations$DefaultMultiplier
instanceKlass sun/security/ec/ECOperations$Secp256R1GeneratorMontgomeryMultiplier
instanceKlass sun/security/ec/ECOperations$PointMultiplier
instanceKlass  @bci sun/security/ec/ECPrivateKeyImpl calculatePublicKey ()Ljava/security/PublicKey; 9 <appendix> argL0 ; # sun/security/ec/ECPrivateKeyImpl$$Lambda+0x0000000037605600
instanceKlass sun/security/util/ArrayUtil
instanceKlass java/security/interfaces/ECPrivateKey
instanceKlass sun/security/ec/ECOperations
instanceKlass sun/security/ssl/ECDHKeyExchange$ECDHEPossession
instanceKlass sun/security/ssl/KeyShareExtension$KeyShareEntry
instanceKlass sun/security/ssl/XDHKeyExchange$1
instanceKlass sun/security/pkcs/PKCS8Key
instanceKlass sun/security/util/InternalPrivateKey
instanceKlass java/security/interfaces/XECPrivateKey
instanceKlass java/security/PrivateKey
instanceKlass javax/security/auth/Destroyable
instanceKlass java/security/interfaces/XECPublicKey
instanceKlass java/security/interfaces/XECKey
instanceKlass java/security/KeyPair
instanceKlass java/math/MutableBigInteger
instanceKlass sun/security/util/math/IntegerModuloP$MultiplicativeInverser$Default
instanceKlass sun/security/util/math/IntegerModuloP$MultiplicativeInverser
instanceKlass sun/security/util/math/MutableIntegerModuloP
instanceKlass sun/security/jca/JCAUtil$CachedSecureRandomHolder
instanceKlass sun/security/ec/XECOperations
instanceKlass sun/security/ec/XECParameters
instanceKlass  @bci sun/security/ec/XDHKeyPairGenerator initialize (Ljava/security/spec/AlgorithmParameterSpec;Ljava/security/SecureRandom;)V 0 <appendix> argL0 ; # sun/security/ec/XDHKeyPairGenerator$$Lambda+0x000000003759fa48
instanceKlass sun/security/ssl/XDHKeyExchange$XDHEPossession
instanceKlass sun/security/ssl/ECDHKeyExchange$ECDHEXDHKAGenerator
instanceKlass sun/security/ssl/ECDHKeyExchange$ECDHEKAGenerator
instanceKlass sun/security/ssl/ECDHKeyExchange$ECDHKAGenerator
instanceKlass sun/security/ssl/ECDHKeyExchange$ECDHEPossessionGenerator
instanceKlass sun/security/ssl/ECDHKeyExchange
instanceKlass sun/security/ssl/DHKeyExchange$DHEKAGenerator
instanceKlass sun/security/ssl/DHKeyExchange$DHEPossessionGenerator
instanceKlass sun/security/ssl/DHKeyExchange
instanceKlass sun/security/ssl/RSAKeyExchange$RSAKAGenerator
instanceKlass sun/security/ssl/RSAKeyExchange$EphemeralRSAPossessionGenerator
instanceKlass sun/security/ssl/RSAKeyExchange
instanceKlass sun/security/ssl/SSLKeyExchange$T13KeyAgreement
instanceKlass sun/security/ssl/SSLKeyAgreement
instanceKlass sun/security/ssl/SSLPossessionGenerator
instanceKlass sun/security/ssl/SSLKeyExchange
instanceKlass sun/security/ssl/SSLHandshakeBinding
instanceKlass sun/security/ssl/SSLKeyAgreementGenerator
instanceKlass sun/security/ssl/PskKeyExchangeModesExtension$PskKeyExchangeModesSpec
instanceKlass sun/security/ssl/SupportedVersionsExtension$CHSupportedVersionsSpec
instanceKlass sun/security/ssl/SignatureAlgorithmsExtension$SignatureSchemesSpec
instanceKlass  @bci sun/security/util/DisabledAlgorithmConstraints permits (Ljava/lang/String;Ljava/util/Set;)Z 20 <appendix> member <vmtarget> ; # sun/security/util/DisabledAlgorithmConstraints$$Lambda+0x00000000375bf3c8
instanceKlass sun/security/ssl/ExtendedMasterSecretExtension$ExtendedMasterSecretSpec
instanceKlass sun/security/ssl/CertStatusExtension$CertStatusRequestV2Spec
instanceKlass sun/security/ssl/AlpnExtension$AlpnSpec
instanceKlass sun/security/ssl/ECPointFormatsExtension$ECPointFormatsSpec
instanceKlass sun/security/ssl/SupportedGroupsExtension$SupportedGroupsSpec
instanceKlass sun/security/ssl/CertStatusExtension$CertStatusRequest
instanceKlass sun/security/ssl/CertStatusExtension$CertStatusRequestSpec
instanceKlass sun/security/ssl/ServerNameExtension$CHServerNamesSpec
instanceKlass sun/security/ssl/SSLExtension$SSLExtensionSpec
instanceKlass sun/security/ssl/SSLExtension$ClientExtensions
instanceKlass sun/security/ssl/PreSharedKeyExtension$SHPreSharedKeyStringizer
instanceKlass sun/security/ssl/PreSharedKeyExtension$SHPreSharedKeyAbsence
instanceKlass sun/security/ssl/PreSharedKeyExtension$SHPreSharedKeyConsumer
instanceKlass sun/security/ssl/PreSharedKeyExtension$SHPreSharedKeyProducer
instanceKlass sun/security/ssl/PreSharedKeyExtension$CHPreSharedKeyStringizer
instanceKlass sun/security/ssl/PreSharedKeyExtension$CHPreSharedKeyOnTradeAbsence
instanceKlass sun/security/ssl/PreSharedKeyExtension$CHPreSharedKeyUpdate
instanceKlass sun/security/ssl/PreSharedKeyExtension$CHPreSharedKeyOnLoadAbsence
instanceKlass sun/security/ssl/PreSharedKeyExtension$CHPreSharedKeyConsumer
instanceKlass sun/security/ssl/PreSharedKeyExtension$CHPreSharedKeyProducer
instanceKlass sun/security/ssl/PreSharedKeyExtension
instanceKlass sun/security/ssl/RenegoInfoExtension$RenegotiationInfoStringizer
instanceKlass sun/security/ssl/RenegoInfoExtension$SHRenegotiationInfoAbsence
instanceKlass sun/security/ssl/RenegoInfoExtension$SHRenegotiationInfoConsumer
instanceKlass sun/security/ssl/RenegoInfoExtension$SHRenegotiationInfoProducer
instanceKlass sun/security/ssl/RenegoInfoExtension$CHRenegotiationInfoAbsence
instanceKlass sun/security/ssl/RenegoInfoExtension$CHRenegotiationInfoConsumer
instanceKlass sun/security/ssl/RenegoInfoExtension$CHRenegotiationInfoProducer
instanceKlass sun/security/ssl/RenegoInfoExtension
instanceKlass sun/security/ssl/KeyShareExtension$HRRKeyShareStringizer
instanceKlass sun/security/ssl/KeyShareExtension$HRRKeyShareReproducer
instanceKlass sun/security/ssl/KeyShareExtension$HRRKeyShareConsumer
instanceKlass sun/security/ssl/KeyShareExtension$HRRKeyShareProducer
instanceKlass sun/security/ssl/KeyShareExtension$SHKeyShareStringizer
instanceKlass sun/security/ssl/KeyShareExtension$SHKeyShareAbsence
instanceKlass sun/security/ssl/KeyShareExtension$SHKeyShareConsumer
instanceKlass sun/security/ssl/KeyShareExtension$SHKeyShareProducer
instanceKlass sun/security/ssl/KeyShareExtension$CHKeyShareStringizer
instanceKlass sun/security/ssl/KeyShareExtension$CHKeyShareOnTradeAbsence
instanceKlass sun/security/ssl/KeyShareExtension$CHKeyShareConsumer
instanceKlass sun/security/ssl/KeyShareExtension$CHKeyShareProducer
instanceKlass sun/security/ssl/KeyShareExtension
instanceKlass sun/security/ssl/CertSignAlgsExtension$CertSignatureSchemesStringizer
instanceKlass sun/security/ssl/CertSignAlgsExtension$CRCertSignatureSchemesUpdate
instanceKlass sun/security/ssl/CertSignAlgsExtension$CRCertSignatureSchemesConsumer
instanceKlass sun/security/ssl/CertSignAlgsExtension$CRCertSignatureSchemesProducer
instanceKlass sun/security/ssl/CertSignAlgsExtension$CHCertSignatureSchemesUpdate
instanceKlass sun/security/ssl/CertSignAlgsExtension$CHCertSignatureSchemesConsumer
instanceKlass sun/security/ssl/CertSignAlgsExtension$CHCertSignatureSchemesProducer
instanceKlass sun/security/ssl/CertSignAlgsExtension
instanceKlass sun/security/ssl/CertificateAuthoritiesExtension$CertificateAuthoritiesStringizer
instanceKlass sun/security/ssl/CertificateAuthoritiesExtension$CRCertificateAuthoritiesConsumer
instanceKlass sun/security/ssl/CertificateAuthoritiesExtension$CRCertificateAuthoritiesProducer
instanceKlass sun/security/ssl/CertificateAuthoritiesExtension$CHCertificateAuthoritiesConsumer
instanceKlass sun/security/ssl/CertificateAuthoritiesExtension$CHCertificateAuthoritiesProducer
instanceKlass sun/security/ssl/CertificateAuthoritiesExtension
instanceKlass sun/security/ssl/PskKeyExchangeModesExtension$PskKeyExchangeModesStringizer
instanceKlass sun/security/ssl/PskKeyExchangeModesExtension$PskKeyExchangeModesOnTradeAbsence
instanceKlass sun/security/ssl/PskKeyExchangeModesExtension$PskKeyExchangeModesOnLoadAbsence
instanceKlass sun/security/ssl/PskKeyExchangeModesExtension$PskKeyExchangeModesConsumer
instanceKlass sun/security/ssl/PskKeyExchangeModesExtension$PskKeyExchangeModesProducer
instanceKlass sun/security/ssl/PskKeyExchangeModesExtension
instanceKlass sun/security/ssl/CookieExtension$CookieStringizer
instanceKlass sun/security/ssl/CookieExtension$HRRCookieReproducer
instanceKlass sun/security/ssl/CookieExtension$HRRCookieConsumer
instanceKlass sun/security/ssl/CookieExtension$HRRCookieProducer
instanceKlass sun/security/ssl/CookieExtension$CHCookieUpdate
instanceKlass sun/security/ssl/CookieExtension$CHCookieConsumer
instanceKlass sun/security/ssl/CookieExtension$CHCookieProducer
instanceKlass sun/security/ssl/CookieExtension
instanceKlass sun/security/ssl/SupportedVersionsExtension$HRRSupportedVersionsReproducer
instanceKlass sun/security/ssl/SupportedVersionsExtension$HRRSupportedVersionsConsumer
instanceKlass sun/security/ssl/SupportedVersionsExtension$HRRSupportedVersionsProducer
instanceKlass sun/security/ssl/SupportedVersionsExtension$SHSupportedVersionsStringizer
instanceKlass sun/security/ssl/SupportedVersionsExtension$SHSupportedVersionsConsumer
instanceKlass sun/security/ssl/SupportedVersionsExtension$SHSupportedVersionsProducer
instanceKlass sun/security/ssl/SupportedVersionsExtension$CHSupportedVersionsStringizer
instanceKlass sun/security/ssl/SupportedVersionsExtension$CHSupportedVersionsConsumer
instanceKlass sun/security/ssl/SupportedVersionsExtension$CHSupportedVersionsProducer
instanceKlass sun/security/ssl/SupportedVersionsExtension
instanceKlass sun/security/ssl/SignatureAlgorithmsExtension$SignatureSchemesStringizer
instanceKlass sun/security/ssl/SignatureAlgorithmsExtension$CRSignatureSchemesUpdate
instanceKlass sun/security/ssl/SignatureAlgorithmsExtension$CRSignatureSchemesAbsence
instanceKlass sun/security/ssl/SignatureAlgorithmsExtension$CRSignatureSchemesConsumer
instanceKlass sun/security/ssl/SignatureAlgorithmsExtension$CRSignatureSchemesProducer
instanceKlass sun/security/ssl/SignatureAlgorithmsExtension$CHSignatureSchemesOnTradeAbsence
instanceKlass sun/security/ssl/SignatureAlgorithmsExtension$CHSignatureSchemesUpdate
instanceKlass sun/security/ssl/SignatureAlgorithmsExtension$CHSignatureSchemesOnLoadAbsence
instanceKlass sun/security/ssl/SignatureAlgorithmsExtension$CHSignatureSchemesConsumer
instanceKlass sun/security/ssl/SignatureAlgorithmsExtension$CHSignatureSchemesProducer
instanceKlass sun/security/ssl/SignatureAlgorithmsExtension
instanceKlass sun/security/ssl/SessionTicketExtension$SessionTicketStringizer
instanceKlass sun/security/ssl/SessionTicketExtension$T12SHSessionTicketConsumer
instanceKlass sun/security/ssl/SessionTicketExtension$T12SHSessionTicketProducer
instanceKlass sun/security/ssl/SessionTicketExtension$T12CHSessionTicketConsumer
instanceKlass sun/security/ssl/SessionTicketExtension$T12CHSessionTicketProducer
instanceKlass sun/security/ssl/SessionTicketExtension
instanceKlass sun/security/ssl/ExtendedMasterSecretExtension$ExtendedMasterSecretStringizer
instanceKlass sun/security/ssl/ExtendedMasterSecretExtension$SHExtendedMasterSecretAbsence
instanceKlass sun/security/ssl/ExtendedMasterSecretExtension$SHExtendedMasterSecretConsumer
instanceKlass sun/security/ssl/ExtendedMasterSecretExtension$SHExtendedMasterSecretProducer
instanceKlass sun/security/ssl/ExtendedMasterSecretExtension$CHExtendedMasterSecretAbsence
instanceKlass sun/security/ssl/ExtendedMasterSecretExtension$CHExtendedMasterSecretConsumer
instanceKlass sun/security/ssl/ExtendedMasterSecretExtension$CHExtendedMasterSecretProducer
instanceKlass sun/security/ssl/ExtendedMasterSecretExtension
instanceKlass sun/security/ssl/AlpnExtension$AlpnStringizer
instanceKlass sun/security/ssl/AlpnExtension$SHAlpnAbsence
instanceKlass sun/security/ssl/AlpnExtension$SHAlpnConsumer
instanceKlass sun/security/ssl/AlpnExtension$SHAlpnProducer
instanceKlass sun/security/ssl/AlpnExtension$CHAlpnAbsence
instanceKlass sun/security/ssl/AlpnExtension$CHAlpnConsumer
instanceKlass sun/security/ssl/AlpnExtension$CHAlpnProducer
instanceKlass sun/security/ssl/AlpnExtension
instanceKlass sun/security/ssl/ECPointFormatsExtension$ECPointFormatsStringizer
instanceKlass sun/security/ssl/ECPointFormatsExtension$SHECPointFormatsConsumer
instanceKlass sun/security/ssl/ECPointFormatsExtension$CHECPointFormatsConsumer
instanceKlass sun/security/ssl/ECPointFormatsExtension$CHECPointFormatsProducer
instanceKlass sun/security/ssl/ECPointFormatsExtension
instanceKlass sun/security/ssl/SupportedGroupsExtension$EESupportedGroupsConsumer
instanceKlass sun/security/ssl/SupportedGroupsExtension$EESupportedGroupsProducer
instanceKlass sun/security/ssl/SupportedGroupsExtension$SupportedGroupsStringizer
instanceKlass sun/security/ssl/SupportedGroupsExtension$CHSupportedGroupsOnTradeAbsence
instanceKlass sun/security/ssl/SupportedGroupsExtension$CHSupportedGroupsConsumer
instanceKlass sun/security/ssl/SupportedGroupsExtension$CHSupportedGroupsProducer
instanceKlass sun/security/ssl/SupportedGroupsExtension
instanceKlass sun/security/ssl/CertStatusExtension$CertStatusRespStringizer
instanceKlass sun/security/ssl/CertStatusExtension$CertStatusRequestsStringizer
instanceKlass sun/security/ssl/CertStatusExtension$SHCertStatusReqV2Consumer
instanceKlass sun/security/ssl/CertStatusExtension$SHCertStatusReqV2Producer
instanceKlass sun/security/ssl/CertStatusExtension$CHCertStatusReqV2Consumer
instanceKlass sun/security/ssl/CertStatusExtension$CHCertStatusReqV2Producer
instanceKlass sun/security/ssl/CertStatusExtension$CertStatusRequestStringizer
instanceKlass sun/security/ssl/CertStatusExtension$CTCertStatusResponseConsumer
instanceKlass sun/security/ssl/CertStatusExtension$CTCertStatusResponseProducer
instanceKlass sun/security/ssl/CertStatusExtension$SHCertStatusReqConsumer
instanceKlass sun/security/ssl/CertStatusExtension$SHCertStatusReqProducer
instanceKlass sun/security/ssl/CertStatusExtension$CHCertStatusReqConsumer
instanceKlass sun/security/ssl/CertStatusExtension$CHCertStatusReqProducer
instanceKlass sun/security/ssl/CertStatusExtension
instanceKlass sun/security/ssl/MaxFragExtension$MaxFragLenStringizer
instanceKlass sun/security/ssl/MaxFragExtension$EEMaxFragmentLengthUpdate
instanceKlass sun/security/ssl/MaxFragExtension$EEMaxFragmentLengthConsumer
instanceKlass sun/security/ssl/MaxFragExtension$EEMaxFragmentLengthProducer
instanceKlass sun/security/ssl/MaxFragExtension$SHMaxFragmentLengthUpdate
instanceKlass sun/security/ssl/MaxFragExtension$SHMaxFragmentLengthConsumer
instanceKlass sun/security/ssl/MaxFragExtension$SHMaxFragmentLengthProducer
instanceKlass sun/security/ssl/MaxFragExtension$CHMaxFragmentLengthConsumer
instanceKlass sun/security/ssl/MaxFragExtension$CHMaxFragmentLengthProducer
instanceKlass sun/security/ssl/MaxFragExtension
instanceKlass sun/security/ssl/ServerNameExtension$EEServerNameConsumer
instanceKlass sun/security/ssl/ServerNameExtension$EEServerNameProducer
instanceKlass sun/security/ssl/ServerNameExtension$SHServerNamesStringizer
instanceKlass sun/security/ssl/ServerNameExtension$SHServerNameConsumer
instanceKlass sun/security/ssl/ServerNameExtension$SHServerNameProducer
instanceKlass sun/security/ssl/ServerNameExtension$CHServerNamesStringizer
instanceKlass sun/security/ssl/ServerNameExtension$CHServerNameConsumer
instanceKlass sun/security/ssl/SSLExtension$ExtensionConsumer
instanceKlass sun/security/ssl/ServerNameExtension$CHServerNameProducer
instanceKlass sun/security/ssl/ServerNameExtension
instanceKlass sun/security/ssl/SSLStringizer
instanceKlass sun/security/ssl/SSLExtensions
instanceKlass sun/security/ssl/SSLHandshake$HandshakeMessage
instanceKlass java/util/LinkedList$ListItr
instanceKlass sun/security/ssl/RandomCookie
instanceKlass java/util/LinkedList$Node
instanceKlass sun/security/util/KeyUtil
instanceKlass sun/security/ssl/SSLKeyDerivation
instanceKlass sun/security/ssl/SSLCredentials
instanceKlass sun/security/ssl/NamedGroupPossession
instanceKlass sun/security/ssl/SSLPossession
instanceKlass sun/security/ssl/HandshakeContext
instanceKlass sun/security/ssl/SSLConfiguration$1
instanceKlass javax/net/ssl/SSLParameters
instanceKlass okhttp3/internal/Internal
instanceKlass kotlin/comparisons/NaturalOrderComparator
instanceKlass jdk/internal/icu/impl/Trie2$UTrie2Header
instanceKlass jdk/internal/icu/impl/Trie2$1
instanceKlass jdk/internal/icu/impl/Trie2$ValueMapper
instanceKlass jdk/internal/icu/impl/Trie2
instanceKlass jdk/internal/icu/impl/UCharacterProperty$IsAcceptable
instanceKlass jdk/internal/icu/impl/UCharacterProperty$IntProperty
instanceKlass jdk/internal/icu/impl/UCharacterProperty
instanceKlass jdk/internal/icu/lang/UCharacter
instanceKlass jdk/internal/icu/impl/Trie
instanceKlass jdk/internal/icu/text/StringPrep$StringPrepTrieImpl
instanceKlass jdk/internal/icu/impl/Trie$DataManipulate
instanceKlass jdk/internal/icu/impl/StringPrepDataReader
instanceKlass jdk/internal/icu/text/StringPrep
instanceKlass java/net/IDN
instanceKlass javax/net/ssl/SNIServerName
instanceKlass sun/security/ssl/DTLSRecord
instanceKlass sun/security/ssl/SessionId
instanceKlass java/security/spec/MGF1ParameterSpec
instanceKlass sun/security/ec/ParametersMap$1
instanceKlass  @bci sun/security/ec/ed/EdDSAParameters <clinit> ()V 268 <appendix> argL0 ; # sun/security/ec/ed/EdDSAParameters$$Lambda+0x00000000375a0a18
instanceKlass sun/security/ec/ed/EdDSAParameters$SHAKE256DigesterFactory
instanceKlass sun/security/ec/point/ProjectivePoint
instanceKlass  @bci sun/security/ec/ed/EdDSAParameters <clinit> ()V 117 <appendix> argL0 ; # sun/security/ec/ed/EdDSAParameters$$Lambda+0x00000000375ff650
instanceKlass sun/security/ec/ed/EdDSAParameters$SHA512DigesterFactory
instanceKlass sun/security/ec/ed/EdDSAParameters$DigesterFactory
instanceKlass sun/security/util/math/IntegerMontgomeryFieldModuloP
instanceKlass sun/security/ec/point/ExtendedHomogeneousPoint
instanceKlass sun/security/ec/point/ImmutablePoint
instanceKlass sun/security/ec/point/Point
instanceKlass sun/security/ec/point/AffinePoint
instanceKlass sun/security/util/math/intpoly/IntegerPolynomial$Limb
instanceKlass sun/security/util/math/SmallValue
instanceKlass sun/security/ec/ed/EdECOperations
instanceKlass sun/security/util/math/intpoly/IntegerPolynomial$Element
instanceKlass sun/security/util/math/ImmutableIntegerModuloP
instanceKlass sun/security/util/math/IntegerModuloP
instanceKlass sun/security/util/math/intpoly/IntegerPolynomial
instanceKlass sun/security/util/math/IntegerFieldModuloP
instanceKlass sun/security/ec/ParametersMap
instanceKlass sun/security/ec/ed/EdDSAParameters
instanceKlass  @bci sun/security/ec/ed/EdDSASignature <init> (Ljava/security/spec/NamedParameterSpec;)V 27 <appendix> argL0 ; # sun/security/ec/ed/EdDSASignature$$Lambda+0x00000000375fbcb0
instanceKlass java/security/spec/EdDSAParameterSpec
instanceKlass javax/net/ssl/ExtendedSSLSession
instanceKlass javax/net/ssl/SSLSession
instanceKlass javax/crypto/spec/DHParameterSpec
instanceKlass sun/security/ssl/PredefinedDHParameterSpecs
instanceKlass sun/security/ssl/NamedGroup$SupportedGroups
instanceKlass sun/security/ssl/SSLConfiguration$CustomizedClientSignatureSchemes
instanceKlass javax/crypto/KeyGeneratorSpi
instanceKlass javax/crypto/KeyGenerator
instanceKlass sun/security/ssl/SSLConfiguration
instanceKlass sun/security/ssl/SSLCipher$SSLWriteCipher
instanceKlass sun/security/ssl/KeyUpdate$KeyUpdateProducer
instanceKlass sun/security/ssl/KeyUpdate$KeyUpdateConsumer
instanceKlass sun/security/ssl/KeyUpdate$KeyUpdateKickstartProducer
instanceKlass sun/security/ssl/KeyUpdate
instanceKlass sun/security/ssl/CertificateStatus$CertificateStatusAbsence
instanceKlass sun/security/ssl/HandshakeAbsence
instanceKlass sun/security/ssl/CertificateStatus$CertificateStatusProducer
instanceKlass sun/security/ssl/CertificateStatus$CertificateStatusConsumer
instanceKlass sun/security/ssl/CertificateStatus
instanceKlass sun/security/ssl/Finished$T13FinishedProducer
instanceKlass sun/security/ssl/Finished$T13FinishedConsumer
instanceKlass sun/security/ssl/Finished$T12FinishedProducer
instanceKlass sun/security/ssl/Finished$T12FinishedConsumer
instanceKlass sun/security/ssl/Finished
instanceKlass sun/security/ssl/ClientKeyExchange$ClientKeyExchangeProducer
instanceKlass sun/security/ssl/ClientKeyExchange$ClientKeyExchangeConsumer
instanceKlass sun/security/ssl/ClientKeyExchange
instanceKlass sun/security/ssl/CertificateVerify$T13CertificateVerifyProducer
instanceKlass sun/security/ssl/CertificateVerify$T13CertificateVerifyConsumer
instanceKlass sun/security/ssl/CertificateVerify$T12CertificateVerifyProducer
instanceKlass sun/security/ssl/CertificateVerify$T12CertificateVerifyConsumer
instanceKlass sun/security/ssl/CertificateVerify$T10CertificateVerifyProducer
instanceKlass sun/security/ssl/CertificateVerify$T10CertificateVerifyConsumer
instanceKlass sun/security/ssl/CertificateVerify$S30CertificateVerifyProducer
instanceKlass sun/security/ssl/CertificateVerify$S30CertificateVerifyConsumer
instanceKlass sun/security/ssl/CertificateVerify
instanceKlass sun/security/ssl/ServerHelloDone$ServerHelloDoneProducer
instanceKlass sun/security/ssl/ServerHelloDone$ServerHelloDoneConsumer
instanceKlass sun/security/ssl/ServerHelloDone
instanceKlass sun/security/ssl/CertificateRequest$T13CertificateRequestProducer
instanceKlass sun/security/ssl/CertificateRequest$T13CertificateRequestConsumer
instanceKlass sun/security/ssl/CertificateRequest$T12CertificateRequestProducer
instanceKlass sun/security/ssl/CertificateRequest$T12CertificateRequestConsumer
instanceKlass sun/security/ssl/CertificateRequest$T10CertificateRequestProducer
instanceKlass sun/security/ssl/CertificateRequest$T10CertificateRequestConsumer
instanceKlass sun/security/ssl/CertificateRequest
instanceKlass sun/security/ssl/ServerKeyExchange$ServerKeyExchangeProducer
instanceKlass sun/security/ssl/ServerKeyExchange$ServerKeyExchangeConsumer
instanceKlass sun/security/ssl/ServerKeyExchange
instanceKlass sun/security/ssl/CertificateMessage$T13CertificateProducer
instanceKlass sun/security/ssl/CertificateMessage$T13CertificateConsumer
instanceKlass sun/security/ssl/CertificateMessage$T12CertificateProducer
instanceKlass sun/security/ssl/CertificateMessage$T12CertificateConsumer
instanceKlass sun/security/ssl/CertificateMessage
instanceKlass sun/security/ssl/EncryptedExtensions$EncryptedExtensionsConsumer
instanceKlass sun/security/ssl/EncryptedExtensions$EncryptedExtensionsProducer
instanceKlass sun/security/ssl/EncryptedExtensions
instanceKlass sun/security/ssl/NewSessionTicket$T12NewSessionTicketProducer
instanceKlass sun/security/ssl/NewSessionTicket$T13NewSessionTicketProducer
instanceKlass sun/security/ssl/NewSessionTicket$T12NewSessionTicketConsumer
instanceKlass sun/security/ssl/NewSessionTicket$T13NewSessionTicketConsumer
instanceKlass sun/security/ssl/NewSessionTicket
instanceKlass sun/security/ssl/HelloVerifyRequest$HelloVerifyRequestProducer
instanceKlass sun/security/ssl/HelloVerifyRequest$HelloVerifyRequestConsumer
instanceKlass sun/security/ssl/HelloVerifyRequest
instanceKlass sun/security/ssl/ServerHello$T13HelloRetryRequestConsumer
instanceKlass sun/security/ssl/ServerHello$T13ServerHelloConsumer
instanceKlass sun/security/ssl/ServerHello$T12ServerHelloConsumer
instanceKlass sun/security/ssl/ServerHello$T13HelloRetryRequestReproducer
instanceKlass sun/security/ssl/ServerHello$T13HelloRetryRequestProducer
instanceKlass sun/security/ssl/ServerHello$T13ServerHelloProducer
instanceKlass sun/security/ssl/ServerHello$T12ServerHelloProducer
instanceKlass sun/security/ssl/ServerHello$ServerHelloConsumer
instanceKlass sun/security/ssl/ServerHello
instanceKlass sun/security/ssl/ClientHello$D13ClientHelloConsumer
instanceKlass sun/security/ssl/ClientHello$D12ClientHelloConsumer
instanceKlass sun/security/ssl/ClientHello$T13ClientHelloConsumer
instanceKlass sun/security/ssl/ClientHello$T12ClientHelloConsumer
instanceKlass sun/security/ssl/HandshakeConsumer
instanceKlass sun/security/ssl/ClientHello$ClientHelloProducer
instanceKlass sun/security/ssl/ClientHello$ClientHelloConsumer
instanceKlass sun/security/ssl/ClientHello$ClientHelloKickstartProducer
instanceKlass sun/security/ssl/ClientHello
instanceKlass sun/security/ssl/HelloRequest$HelloRequestProducer
instanceKlass sun/security/ssl/HelloRequest$HelloRequestConsumer
instanceKlass sun/security/ssl/HelloRequest$HelloRequestKickstartProducer
instanceKlass sun/security/ssl/SSLProducer
instanceKlass sun/security/ssl/HelloRequest
instanceKlass sun/security/ssl/HandshakeProducer
instanceKlass sun/security/ssl/SSLConsumer
instanceKlass sun/security/ssl/Authenticator$MacImpl
instanceKlass sun/security/ssl/Authenticator$MAC
instanceKlass sun/security/ssl/Authenticator
instanceKlass sun/security/ssl/SSLCipher$SSLReadCipher
instanceKlass sun/security/ssl/InputRecord
instanceKlass sun/security/ssl/SSLRecord
instanceKlass sun/security/ssl/Record
instanceKlass sun/security/ssl/TransportContext
instanceKlass sun/security/ssl/ConnectionContext
instanceKlass sun/security/ssl/HandshakeHash$CacheOnlyHash
instanceKlass sun/security/ssl/HandshakeHash$TranscriptHash
instanceKlass sun/security/ssl/HandshakeHash
instanceKlass sun/security/ssl/SSLTransport
instanceKlass java/util/concurrent/LinkedBlockingDeque$Node
instanceKlass okhttp3/internal/connection/RoutePlanner$ConnectResult
instanceKlass okio/RealBufferedSink
instanceKlass okio/RealBufferedSource
instanceKlass okio/Okio__OkioKt
instanceKlass okhttp3/internal/connection/BufferedSocketKt$asBufferedSocket$1
instanceKlass okhttp3/internal/connection/BufferedSocket
instanceKlass okio/internal/DefaultSocket$SocketSink
instanceKlass okio/internal/DefaultSocket$SocketSource
instanceKlass okio/internal/DefaultSocket
instanceKlass okio/Socket
instanceKlass okio/Okio__JvmOkioKt
instanceKlass okio/Okio
instanceKlass okhttp3/internal/connection/BufferedSocketKt
instanceKlass sun/net/NetHooks
instanceKlass  @bci sun/nio/ch/NioSocketImpl closerFor (Ljava/io/FileDescriptor;)Ljava/lang/Runnable; 1 <appendix> member <vmtarget> ; # sun/nio/ch/NioSocketImpl$$Lambda+0x00000000375e5e28
instanceKlass jdk/net/ExtendedSocketOptions$2
instanceKlass jdk/net/ExtendedSocketOptions$PlatformSocketOptions
instanceKlass jdk/net/ExtendedSocketOptions$ExtSocketOption
instanceKlass java/net/SocketOption
instanceKlass jdk/net/ExtendedSocketOptions
instanceKlass sun/net/ext/ExtendedSocketOptions
instanceKlass jdk/internal/lang/stable/StableValueImpl
instanceKlass java/lang/StableValue
instanceKlass sun/nio/ch/Net$1
instanceKlass java/net/ProtocolFamily
instanceKlass sun/nio/ch/Net
instanceKlass java/net/SocksConsts
instanceKlass sun/net/PlatformSocketImpl
instanceKlass java/net/SocketImpl
instanceKlass java/net/SocketOptions
instanceKlass java/net/Socket
instanceKlass okhttp3/internal/connection/ConnectPlan$WhenMappings
instanceKlass java/util/concurrent/locks/AbstractQueuedSynchronizer$Node
instanceKlass okhttp3/internal/connection/FailedPlan
instanceKlass okhttp3/internal/connection/ConnectPlan$Companion
instanceKlass okhttp3/internal/connection/ConnectPlan
instanceKlass okhttp3/internal/http/ExchangeCodec$Carrier
instanceKlass okhttp3/internal/connection/RoutePlanner$Plan
instanceKlass okhttp3/internal/connection/RouteSelector$Selection
instanceKlass okhttp3/Route
instanceKlass java/net/InetSocketAddress$InetSocketAddressHolder
instanceKlass java/net/SocketAddress
instanceKlass okhttp3/internal/connection/InetAddressOrderKt
instanceKlass java/util/concurrent/ThreadLocalRandom$Access$1
instanceKlass jdk/internal/access/JavaUtilConcurrentTLRAccess
instanceKlass java/util/concurrent/ThreadLocalRandom$Access
instanceKlass java/net/InetAddress$CachedLookup
instanceKlass sun/net/InetAddressCachePolicy
instanceKlass java/util/stream/Nodes$ArrayNode
instanceKlass  @bci java/net/InetAddress getAddressesFromNameService (Ljava/lang/String;)[Ljava/net/InetAddress; 94 <appendix> argL0 ; # java/net/InetAddress$$Lambda+0x00000000375dff70
instanceKlass  @bci java/net/InetAddress loadResolver ()Ljava/net/spi/InetAddressResolver; 8 <appendix> argL0 ; # java/net/InetAddress$$Lambda+0x00000000375dfd28
instanceKlass java/net/spi/InetAddressResolverProvider
instanceKlass java/net/InetAddress$NameServiceAddresses
instanceKlass java/net/InetAddress$Addresses
instanceKlass java/util/concurrent/ConcurrentSkipListMap$Iter
instanceKlass sun/net/spi/DefaultProxySelector$NonProxyInfo
instanceKlass okhttp3/internal/connection/RouteSelector$Companion
instanceKlass okhttp3/internal/connection/RouteSelector
instanceKlass java/util/concurrent/ConcurrentLinkedQueue$Itr
instanceKlass kotlin/time/DurationUnitKt__DurationUnitJvmKt
instanceKlass kotlin/time/DurationKt
instanceKlass kotlin/time/DurationJvmKt
instanceKlass kotlin/time/Duration$Companion
instanceKlass kotlin/time/Duration
instanceKlass okhttp3/CacheControl$Builder
instanceKlass okhttp3/internal/_CacheControlCommonKt
instanceKlass okhttp3/CacheControl$Companion
instanceKlass okhttp3/CacheControl
instanceKlass okhttp3/internal/cache/CacheStrategy$Companion
instanceKlass okhttp3/internal/cache/CacheStrategy
instanceKlass okhttp3/internal/cache/CacheStrategy$Factory
instanceKlass java/util/concurrent/BlockingDeque
instanceKlass okhttp3/internal/connection/FastFallbackExchangeFinder
instanceKlass okhttp3/internal/connection/ExchangeFinder
instanceKlass kotlin/collections/ArrayDeque$Companion
instanceKlass kotlin/jvm/internal/markers/KMutableList
instanceKlass kotlin/jvm/internal/markers/KMutableCollection
instanceKlass kotlin/jvm/internal/markers/KMutableIterable
instanceKlass okhttp3/Address
instanceKlass okhttp3/internal/connection/RealRoutePlanner
instanceKlass okhttp3/internal/connection/RoutePlanner
instanceKlass kotlin/Unit
instanceKlass okhttp3/internal/http/RealInterceptorChain
instanceKlass okhttp3/Interceptor$Chain
instanceKlass okhttp3/internal/http/CallServerInterceptor
instanceKlass okhttp3/internal/connection/ConnectInterceptor
instanceKlass okhttp3/internal/cache/CacheInterceptor$Companion
instanceKlass okhttp3/internal/cache/CacheInterceptor
instanceKlass okhttp3/internal/http/BridgeInterceptor
instanceKlass okhttp3/internal/http/RetryAndFollowUpInterceptor$Companion
instanceKlass okhttp3/internal/http/RetryAndFollowUpInterceptor
instanceKlass okio/PriorityQueue
instanceKlass okio/AsyncTimeout$Companion
instanceKlass okio/Timeout$Companion
instanceKlass okio/Timeout
instanceKlass okhttp3/internal/connection/RealCall
instanceKlass okhttp3/Headers$Companion
instanceKlass okhttp3/Headers
instanceKlass okhttp3/Request
instanceKlass okhttp3/internal/_HeadersCommonKt
instanceKlass okhttp3/Headers$Builder
instanceKlass okhttp3/internal/Tags
instanceKlass okhttp3/Request$Builder
instanceKlass com/google/common/net/InetAddresses$Scope
instanceKlass com/google/common/base/CharMatcher
instanceKlass com/google/common/base/Predicate
instanceKlass  @bci java/util/stream/Collectors toUnmodifiableSet ()Ljava/util/stream/Collector; 19 <appendix> argL0 ; # java/util/stream/Collectors$$Lambda+0x00000000375dd0d8
instanceKlass  @bci java/util/stream/Collectors toUnmodifiableSet ()Ljava/util/stream/Collector; 14 <appendix> argL0 ; # java/util/stream/Collectors$$Lambda+0x00000000375dce88
instanceKlass  @bci java/util/stream/Collectors toUnmodifiableSet ()Ljava/util/stream/Collector; 9 <appendix> argL0 ; # java/util/stream/Collectors$$Lambda+0x800000038
instanceKlass  @bci java/util/stream/Collectors toUnmodifiableSet ()Ljava/util/stream/Collector; 4 <appendix> argL0 ; # java/util/stream/Collectors$$Lambda+0x800000045
instanceKlass  @bci org/hl7/fhir/utilities/http/ManagedWebAccessUtils <clinit> ()V 27 <appendix> argL0 ; # org/hl7/fhir/utilities/http/ManagedWebAccessUtils$$Lambda+0x0000000037589380
instanceKlass com/google/common/net/InetAddresses
instanceKlass org/hl7/fhir/utilities/http/ManagedWebAccessUtils
instanceKlass kotlin/internal/ProgressionUtilKt
instanceKlass kotlin/ranges/IntRange$Companion
instanceKlass kotlin/ranges/IntProgression$Companion
instanceKlass kotlin/ranges/IntProgression
instanceKlass kotlin/ranges/OpenEndRange
instanceKlass kotlin/ranges/ClosedRange
instanceKlass kotlin/ranges/RangesKt__RangesKt
instanceKlass okio/_JvmPlatformKt
instanceKlass okhttp3/internal/idn/Punycode
instanceKlass jdk/internal/icu/impl/Norm2AllModes$NFCSingleton
instanceKlass jdk/internal/icu/text/NormalizerBase$NFCModeImpl
instanceKlass okhttp3/internal/_NormalizeJvmKt
instanceKlass kotlin/text/Charsets
instanceKlass okhttp3/internal/idn/IdnaMappingTableKt
instanceKlass okhttp3/internal/idn/IdnaMappingTable
instanceKlass okhttp3/internal/idn/IdnaMappingTableInstanceKt
instanceKlass kotlin/text/Regex$Companion
instanceKlass kotlin/text/Regex
instanceKlass okhttp3/internal/_HostnamesCommonKt
instanceKlass okhttp3/internal/url/_UrlKt
instanceKlass okio/Segment$Companion
instanceKlass okio/Segment
instanceKlass okio/SegmentPool
instanceKlass okio/Buffer
instanceKlass okio/BufferedSink
instanceKlass okio/Sink
instanceKlass okio/BufferedSource
instanceKlass okio/Source
instanceKlass okio/Buffer$UnsafeCursor
instanceKlass okio/-SegmentedByteString
instanceKlass kotlin/comparisons/ComparisonsKt__ComparisonsKt
instanceKlass okio/internal/-ByteStringNonJs
instanceKlass okio/ByteString$Companion
instanceKlass okio/ByteString
instanceKlass okio/Options$Companion
instanceKlass okhttp3/internal/_UtilCommonKt
instanceKlass kotlin/collections/ArrayAsCollection
instanceKlass okhttp3/HttpUrl$Builder
instanceKlass okhttp3/HttpUrl$Companion
instanceKlass okhttp3/HttpUrl
instanceKlass org/hl7/fhir/utilities/http/okhttpimpl/NonPublicAddressRejectingDns
instanceKlass kotlin/jvm/internal/CollectionToArray
instanceKlass jdk/internal/icu/impl/NormalizerImpl$ReorderingBuffer
instanceKlass jdk/internal/icu/impl/NormalizerImpl$UTF16Plus
instanceKlass jdk/internal/util/HexDigits
instanceKlass jdk/internal/icu/util/CodePointTrie$Data
instanceKlass jdk/internal/icu/util/CodePointMap
instanceKlass jdk/internal/icu/util/VersionInfo
instanceKlass  @bci jdk/internal/module/SystemModuleFinders$SystemModuleReader open (Ljava/lang/String;)Ljava/util/Optional; 6 <appendix> member <vmtarget> ; # jdk/internal/module/SystemModuleFinders$SystemModuleReader$$Lambda+0x00000000375d8df8
instanceKlass jdk/internal/module/SystemModuleFinders
instanceKlass jdk/internal/icu/impl/ICUBinary
instanceKlass jdk/internal/icu/impl/NormalizerImpl$IsAcceptable
instanceKlass jdk/internal/icu/impl/ICUBinary$Authenticate
instanceKlass jdk/internal/icu/impl/NormalizerImpl
instanceKlass jdk/internal/icu/impl/Norm2AllModes$Norm2AllModesSingleton
instanceKlass jdk/internal/icu/impl/Norm2AllModes$NFKCSingleton
instanceKlass jdk/internal/icu/impl/Norm2AllModes
instanceKlass jdk/internal/icu/text/Normalizer2
instanceKlass jdk/internal/icu/text/NormalizerBase$ModeImpl
instanceKlass jdk/internal/icu/text/NormalizerBase$NFKDModeImpl
instanceKlass jdk/internal/icu/text/NormalizerBase$1
instanceKlass jdk/internal/icu/text/NormalizerBase$Mode
instanceKlass jdk/internal/icu/text/NormalizerBase
instanceKlass java/text/Normalizer
instanceKlass  @bci sun/security/pkcs/PKCS9Attribute <clinit> ()V 531 <appendix> argL0 ; # sun/security/pkcs/PKCS9Attribute$$Lambda+0x00000000375d5d38
instanceKlass  @bci sun/security/pkcs/PKCS9Attribute <clinit> ()V 526 <appendix> argL0 ; # sun/security/pkcs/PKCS9Attribute$$Lambda+0x00000000375d5b10
instanceKlass  @bci sun/security/pkcs/PKCS9Attribute <clinit> ()V 504 <appendix> argL0 ; # sun/security/pkcs/PKCS9Attribute$$Lambda+0x00000000375d58e8
instanceKlass  @bci sun/security/pkcs/PKCS9Attribute <clinit> ()V 499 <appendix> argL0 ; # sun/security/pkcs/PKCS9Attribute$$Lambda+0x00000000375d56c0
instanceKlass  @bci sun/security/pkcs/PKCS9Attribute <clinit> ()V 477 <appendix> argL0 ; # sun/security/pkcs/PKCS9Attribute$$Lambda+0x00000000375d5498
instanceKlass  @bci sun/security/pkcs/PKCS9Attribute <clinit> ()V 472 <appendix> argL0 ; # sun/security/pkcs/PKCS9Attribute$$Lambda+0x00000000375d5270
instanceKlass sun/security/pkcs/SigningCertificateInfo
instanceKlass  @bci sun/security/pkcs/PKCS9Attribute <clinit> ()V 449 <appendix> argL0 ; # sun/security/pkcs/PKCS9Attribute$$Lambda+0x00000000375d4e28
instanceKlass  @cpi sun/security/pkcs/PKCS9Attribute 571 form vmentry <vmtarget> ; # java/lang/invoke/LambdaForm$DMH+0x0000000037582800
instanceKlass  @bci sun/security/pkcs/PKCS9Attribute <clinit> ()V 444 <appendix> argL0 ; # sun/security/pkcs/PKCS9Attribute$$Lambda+0x00000000375d4c00
instanceKlass  @bci sun/security/pkcs/PKCS9Attribute <clinit> ()V 401 <appendix> argL0 ; # sun/security/pkcs/PKCS9Attribute$$Lambda+0x00000000375d49d8
instanceKlass  @bci sun/security/pkcs/PKCS9Attribute <clinit> ()V 396 <appendix> argL0 ; # sun/security/pkcs/PKCS9Attribute$$Lambda+0x00000000375d47b0
instanceKlass  @bci sun/security/pkcs/PKCS9Attribute <clinit> ()V 353 <appendix> argL0 ; # sun/security/pkcs/PKCS9Attribute$$Lambda+0x00000000375d4588
instanceKlass  @bci sun/security/pkcs/PKCS9Attribute <clinit> ()V 348 <appendix> argL0 ; # sun/security/pkcs/PKCS9Attribute$$Lambda+0x00000000375d4360
instanceKlass  @bci sun/security/pkcs/PKCS9Attribute <clinit> ()V 325 <appendix> argL0 ; # sun/security/pkcs/PKCS9Attribute$$Lambda+0x00000000375d4138
instanceKlass  @bci sun/security/pkcs/PKCS9Attribute <clinit> ()V 320 <appendix> argL0 ; # sun/security/pkcs/PKCS9Attribute$$Lambda+0x00000000375d3f10
instanceKlass sun/security/pkcs/SignerInfo
instanceKlass  @bci sun/security/pkcs/PKCS9Attribute <clinit> ()V 292 <appendix> argL0 ; # sun/security/pkcs/PKCS9Attribute$$Lambda+0x00000000375d3a40
instanceKlass  @bci sun/security/pkcs/PKCS9Attribute <clinit> ()V 287 <appendix> argL0 ; # sun/security/pkcs/PKCS9Attribute$$Lambda+0x00000000375d3818
instanceKlass  @bci sun/security/pkcs/PKCS9Attribute <clinit> ()V 265 <appendix> argL0 ; # sun/security/pkcs/PKCS9Attribute$$Lambda+0x00000000375d35f0
instanceKlass  @bci sun/security/pkcs/PKCS9Attribute <clinit> ()V 260 <appendix> argL0 ; # sun/security/pkcs/PKCS9Attribute$$Lambda+0x00000000375d33c8
instanceKlass  @bci sun/security/pkcs/PKCS9Attribute <clinit> ()V 238 <appendix> argL0 ; # sun/security/pkcs/PKCS9Attribute$$Lambda+0x00000000375d31a0
instanceKlass  @bci sun/security/pkcs/PKCS9Attribute <clinit> ()V 233 <appendix> argL0 ; # sun/security/pkcs/PKCS9Attribute$$Lambda+0x00000000375d2f78
instanceKlass  @bci sun/security/pkcs/PKCS9Attribute <clinit> ()V 185 <appendix> argL0 ; # sun/security/pkcs/PKCS9Attribute$$Lambda+0x00000000375d2d50
instanceKlass  @bci sun/security/pkcs/PKCS9Attribute <clinit> ()V 180 <appendix> argL0 ; # sun/security/pkcs/PKCS9Attribute$$Lambda+0x00000000375d2b28
instanceKlass  @bci sun/security/pkcs/PKCS9Attribute <clinit> ()V 157 <appendix> argL0 ; # sun/security/pkcs/PKCS9Attribute$$Lambda+0x00000000375d26e8
instanceKlass sun/security/pkcs/PKCS9Attribute$Encoder
instanceKlass  @bci sun/security/pkcs/PKCS9Attribute <clinit> ()V 152 <appendix> argL0 ; # sun/security/pkcs/PKCS9Attribute$$Lambda+0x00000000375d22b8
instanceKlass sun/security/pkcs/PKCS9Attribute$Decoder
instanceKlass sun/security/pkcs/PKCS9Attribute
instanceKlass sun/security/x509/AVAKeyword
instanceKlass javax/security/auth/x500/X500Principal$1
instanceKlass jdk/internal/access/JavaxSecurityAccess
instanceKlass javax/security/auth/x500/X500Principal
instanceKlass okhttp3/internal/tls/BasicTrustRootIndex
instanceKlass okhttp3/internal/tls/TrustRootIndex
instanceKlass okhttp3/internal/tls/BasicCertificateChainCleaner$Companion
instanceKlass okhttp3/internal/tls/CertificateChainCleaner$Companion
instanceKlass okhttp3/internal/tls/CertificateChainCleaner
instanceKlass sun/security/provider/AbstractDrbg$NonceProvider
instanceKlass  @bci sun/security/provider/AbstractDrbg$SeederHolder <clinit> ()V 42 <appendix> member <vmtarget> ; # sun/security/provider/AbstractDrbg$SeederHolder$$Lambda+0x00000000375d0180
instanceKlass  @cpi sun/security/provider/AbstractDrbg$SeederHolder 91 form vmentry <vmtarget> ; # java/lang/invoke/LambdaForm$DMH+0x0000000037582400
# instanceKlass java/lang/invoke/LambdaForm$DMH+0x0000000037582000
instanceKlass java/nio/file/Files$AcceptAllFilter
instanceKlass java/net/NetworkInterface$1
instanceKlass java/net/DefaultInterface
instanceKlass java/net/Inet6Address$Inet6AddressHolder
instanceKlass java/net/InetAddress$PlatformResolver
instanceKlass java/net/spi/InetAddressResolver
instanceKlass java/net/spi/InetAddressResolver$LookupPolicy
instanceKlass java/net/Inet4AddressImpl
instanceKlass java/net/Inet6AddressImpl
instanceKlass java/net/InetAddressImpl
instanceKlass java/util/concurrent/ConcurrentSkipListMap$Node
instanceKlass java/util/concurrent/ConcurrentSkipListMap$Index
instanceKlass java/util/concurrent/ConcurrentNavigableMap
instanceKlass java/net/InetAddress$InetAddressHolder
instanceKlass jdk/internal/util/Exceptions
instanceKlass java/net/InetAddress$1
instanceKlass jdk/internal/access/JavaNetInetAddressAccess
instanceKlass java/net/InterfaceAddress
instanceKlass java/net/NetworkInterface
instanceKlass sun/security/provider/ByteArrayAccess$BE
instanceKlass sun/security/provider/ByteArrayAccess
instanceKlass sun/security/provider/SeedGenerator
instanceKlass sun/security/provider/AbstractDrbg$SeederHolder
instanceKlass java/security/DrbgParameters$NextBytes
instanceKlass  @bci sun/security/provider/AbstractDrbg <clinit> ()V 12 <appendix> argL0 ; # sun/security/provider/AbstractDrbg$$Lambda+0x00000000375ce848
instanceKlass  @cpi sun/security/provider/AbstractDrbg 383 form vmentry <vmtarget> ; # java/lang/invoke/LambdaForm$DMH+0x0000000037581c00
# instanceKlass java/lang/invoke/LambdaForm$DMH+0x0000000037581800
instanceKlass sun/security/provider/EntropySource
instanceKlass sun/security/provider/AbstractDrbg
instanceKlass java/security/DrbgParameters$Instantiation
instanceKlass java/security/DrbgParameters
instanceKlass sun/security/provider/MoreDrbgParameters
instanceKlass java/security/SecureRandomSpi
instanceKlass  @bci sun/security/ssl/SSLContextImpl engineInit ([Ljavax/net/ssl/KeyManager;[Ljavax/net/ssl/TrustManager;Ljava/security/SecureRandom;)V 57 <appendix> argL0 ; # sun/security/ssl/SSLContextImpl$$Lambda+0x00000000375cce10
instanceKlass javax/net/ssl/X509ExtendedKeyManager
instanceKlass javax/net/ssl/X509KeyManager
instanceKlass javax/net/ssl/KeyManager
instanceKlass sun/security/ssl/SSLSessionContextImpl
instanceKlass javax/net/ssl/SSLSessionContext
instanceKlass sun/security/ssl/EphemeralKeyManager$EphemeralKeyPair
instanceKlass sun/security/ssl/EphemeralKeyManager
instanceKlass sun/security/ssl/SSLContextImpl$CustomizedSSLProtocols
instanceKlass java/security/spec/NamedParameterSpec
instanceKlass sun/security/util/ECKeySizeParameterSpec
instanceKlass java/security/KeyPairGeneratorSpi
instanceKlass javax/crypto/KeyAgreement
instanceKlass sun/security/util/MessageDigestSpi2
instanceKlass java/security/MessageDigestSpi
instanceKlass java/security/Signature$1
instanceKlass jdk/internal/access/JavaSecuritySignatureAccess
instanceKlass java/security/SignatureSpi
instanceKlass sun/security/ssl/JsseJce$EcAvailability
instanceKlass sun/security/ssl/SSLAlgorithmDecomposer$1
instanceKlass sun/security/ssl/Utilities
instanceKlass sun/security/ssl/JsseJce
instanceKlass sun/security/ssl/NamedGroup$XDHScheme
instanceKlass sun/security/ssl/NamedGroup$FFDHEScheme
instanceKlass sun/security/ssl/NamedGroup$ECDHEScheme
instanceKlass sun/security/ssl/NamedGroup$NamedGroupScheme
instanceKlass sun/security/ssl/SSLCipher$T13CC20P1305WriteCipherGenerator
instanceKlass sun/security/ssl/SSLCipher$T12CC20P1305WriteCipherGenerator
instanceKlass sun/security/ssl/SSLCipher$T13CC20P1305ReadCipherGenerator
instanceKlass sun/security/ssl/SSLCipher$T12CC20P1305ReadCipherGenerator
instanceKlass sun/security/ssl/SSLCipher$T13GcmWriteCipherGenerator
instanceKlass sun/security/ssl/SSLCipher$T13GcmReadCipherGenerator
instanceKlass sun/security/ssl/SSLCipher$T12GcmWriteCipherGenerator
instanceKlass sun/security/ssl/SSLCipher$T12GcmReadCipherGenerator
instanceKlass com/sun/crypto/provider/AESConstants
instanceKlass java/util/Vector$1
instanceKlass javax/crypto/JceSecurityManager
instanceKlass sun/security/ssl/SSLCipher$T11BlockWriteCipherGenerator
instanceKlass sun/security/ssl/SSLCipher$T11BlockReadCipherGenerator
instanceKlass com/sun/crypto/provider/PKCS5Padding
instanceKlass com/sun/crypto/provider/Padding
instanceKlass com/sun/crypto/provider/FeedbackCipher
instanceKlass com/sun/crypto/provider/SymmetricCipher
instanceKlass com/sun/crypto/provider/DESConstants
instanceKlass com/sun/crypto/provider/CipherCore
instanceKlass sun/security/ssl/SSLCipher$T10BlockWriteCipherGenerator
instanceKlass sun/security/ssl/SSLCipher$T10BlockReadCipherGenerator
instanceKlass javax/crypto/CipherSpi
instanceKlass javax/crypto/ProviderVerifier
instanceKlass java/lang/Class$Holder
instanceKlass javax/crypto/JceSecurity$1
instanceKlass java/net/spi/URLStreamHandlerProvider
instanceKlass java/net/URL$ThreadTrackHolder
instanceKlass java/util/Vector$Itr
instanceKlass javax/crypto/CryptoPolicyParser$CryptoPermissionEntry
instanceKlass javax/crypto/CryptoPolicyParser$GrantEntry
instanceKlass java/io/StreamTokenizer
instanceKlass javax/crypto/CryptoPolicyParser
instanceKlass sun/nio/fs/BasicFileAttributesHolder
instanceKlass sun/nio/fs/WindowsDirectoryStream$WindowsDirectoryIterator
instanceKlass java/nio/file/Files$1
instanceKlass java/nio/file/DirectoryStream$Filter
instanceKlass sun/nio/fs/WindowsFileSystem$1
instanceKlass  @bci java/util/regex/Pattern negate (Ljava/util/regex/Pattern$CharPredicate;)Ljava/util/regex/Pattern$CharPredicate; 1 <appendix> member <vmtarget> ; # java/util/regex/Pattern$$Lambda+0x80000002f
instanceKlass sun/nio/fs/Globs
instanceKlass sun/nio/fs/WindowsDirectoryStream
instanceKlass java/nio/file/DirectoryStream
instanceKlass sun/nio/fs/WindowsFileSystemProvider$1
instanceKlass javax/crypto/JceSecurity
instanceKlass sun/security/jca/ServiceId
instanceKlass javax/crypto/Cipher$Transform
instanceKlass javax/crypto/Cipher
instanceKlass sun/security/ssl/SSLCipher$StreamWriteCipherGenerator
instanceKlass sun/security/ssl/SSLCipher$StreamReadCipherGenerator
instanceKlass sun/security/ssl/SSLCipher$NullWriteCipherGenerator
instanceKlass sun/security/ssl/SSLCipher$WriteCipherGenerator
instanceKlass sun/security/ssl/SSLCipher$NullReadCipherGenerator
instanceKlass sun/security/ssl/SSLCipher$ReadCipherGenerator
instanceKlass java/util/AbstractMap$SimpleImmutableEntry
instanceKlass  @bci sun/security/util/DisabledAlgorithmConstraints checkDisabledPatterns (Ljava/lang/String;)Z 17 <appendix> member <vmtarget> ; # sun/security/util/DisabledAlgorithmConstraints$$Lambda+0x0000000037178720
instanceKlass java/time/zone/ZoneOffsetTransition
instanceKlass java/time/LocalTime
instanceKlass java/time/Instant
instanceKlass java/time/temporal/ValueRange
instanceKlass java/time/temporal/TemporalUnit
instanceKlass java/time/temporal/TemporalField
instanceKlass java/time/LocalDate
instanceKlass java/time/chrono/ChronoLocalDate
instanceKlass java/time/ZonedDateTime
instanceKlass java/time/chrono/ChronoZonedDateTime
instanceKlass java/time/LocalDateTime
instanceKlass java/time/chrono/ChronoLocalDateTime
instanceKlass java/time/temporal/Temporal
instanceKlass java/time/zone/ZoneOffsetTransitionRule
instanceKlass java/time/zone/ZoneRules
instanceKlass java/util/concurrent/atomic/AtomicReferenceArray
instanceKlass java/time/temporal/TemporalAdjuster
instanceKlass  @bci java/util/regex/CharPredicates ASCII_DIGIT ()Ljava/util/regex/Pattern$BmpCharPredicate; 0 <appendix> argL0 ; # java/util/regex/CharPredicates$$Lambda+0x800000024
instanceKlass sun/security/util/DisabledAlgorithmConstraints$Constraints$Holder
instanceKlass sun/security/util/DisabledAlgorithmConstraints$Constraint
instanceKlass sun/security/util/DisabledAlgorithmConstraints$Constraints
instanceKlass java/util/TreeMap$PrivateEntryIterator
instanceKlass java/util/NavigableSet
instanceKlass java/util/SortedSet
instanceKlass sun/security/util/AlgorithmDecomposer
instanceKlass sun/security/ssl/SSLAlgorithmConstraints
instanceKlass javax/net/ssl/SSLContextSpi
instanceKlass javax/net/ssl/SSLContext
instanceKlass javax/net/ssl/X509ExtendedTrustManager
instanceKlass javax/net/ssl/X509TrustManager
instanceKlass javax/net/ssl/TrustManager
instanceKlass sun/security/validator/TrustStoreUtil
# instanceKlass java/lang/invoke/LambdaForm$MH+0x0000000037581400
# instanceKlass java/lang/invoke/LambdaForm$MH+0x0000000037581000
# instanceKlass java/lang/invoke/LambdaForm$MH+0x0000000037580c00
# instanceKlass java/lang/invoke/LambdaForm$DMH+0x0000000037580800
instanceKlass java/lang/invoke/MethodHandle$1
instanceKlass sun/security/x509/NetscapeCertTypeExtension$MapEntry
instanceKlass sun/security/x509/RFC822Name
instanceKlass sun/security/x509/DistributionPoint
instanceKlass java/security/cert/PolicyQualifierInfo
instanceKlass sun/security/x509/DNSName
instanceKlass sun/security/x509/URIName
instanceKlass sun/security/x509/GeneralName
instanceKlass sun/security/x509/AccessDescription
instanceKlass sun/security/util/ECUtil
instanceKlass java/security/interfaces/ECPublicKey
instanceKlass java/security/interfaces/ECKey
instanceKlass  @bci sun/security/ec/ECKeyFactory implGeneratePublic (Ljava/security/spec/KeySpec;)Ljava/security/PublicKey; 6 <appendix> member <vmtarget> ; # sun/security/ec/ECKeyFactory$$TypeSwitch+0x000000003716cb60
instanceKlass java/security/spec/ECPublicKeySpec
instanceKlass java/security/AlgorithmParametersSpi
instanceKlass java/security/AlgorithmParameters
instanceKlass java/security/PKCS12Attribute
instanceKlass java/security/KeyStore$Entry$Attribute
instanceKlass sun/security/pkcs12/PKCS12KeyStore$Entry
instanceKlass jdk/internal/event/EventHelper$ThreadTrackHolder
instanceKlass jdk/internal/event/EventHelper
instanceKlass sun/security/jca/JCAUtil
instanceKlass sun/security/util/MemoryCache$CacheEntry
instanceKlass sun/security/x509/CertificatePolicyId
instanceKlass sun/security/x509/PolicyInformation
instanceKlass sun/security/x509/GeneralNames
instanceKlass sun/security/x509/KeyIdentifier
# instanceKlass java/lang/invoke/LambdaForm$MH+0x0000000037580400
instanceKlass sun/security/x509/OIDMap$OIDInfo
instanceKlass sun/security/x509/PKIXExtensions
instanceKlass sun/security/x509/OIDMap
instanceKlass sun/security/x509/Extension
instanceKlass java/security/cert/Extension
instanceKlass sun/security/x509/CertificateExtensions
instanceKlass sun/security/rsa/RSAUtil
instanceKlass java/security/interfaces/RSAPublicKey
instanceKlass java/security/interfaces/RSAKey
instanceKlass  @bci sun/security/rsa/RSAKeyFactory generatePublic (Ljava/security/spec/KeySpec;)Ljava/security/PublicKey; 6 <appendix> member <vmtarget> ; # sun/security/rsa/RSAKeyFactory$$TypeSwitch+0x0000000037166a40
instanceKlass java/lang/classfile/MethodModel
instanceKlass java/lang/classfile/FieldModel
instanceKlass  @bci jdk/internal/classfile/impl/ClassFileImpl attributeMapper ()Ljava/util/function/Function; 7 <appendix> argL0 ; # jdk/internal/classfile/impl/ClassFileImpl$$Lambda+0x80000004b
instanceKlass java/lang/classfile/ClassModel
instanceKlass java/lang/classfile/AttributedElement
instanceKlass java/lang/classfile/CompoundElement
instanceKlass java/lang/classfile/instruction/SwitchCase
instanceKlass  @bci java/lang/runtime/SwitchBootstraps generateTypeSwitchSkeleton (Ljava/lang/Class;[Ljava/lang/Object;Ljava/util/List;Ljava/util/List;)Ljava/util/function/Consumer; 45 <appendix> member <vmtarget> ; # java/lang/runtime/SwitchBootstraps$$Lambda+0x800000019
instanceKlass java/lang/classfile/AccessFlags
instanceKlass  @bci java/lang/runtime/SwitchBootstraps generateTypeSwitch (Ljava/lang/invoke/MethodHandles$Lookup;Ljava/lang/Class;[Ljava/lang/Object;)Ljava/lang/invoke/MethodHandle; 70 <appendix> member <vmtarget> ; # java/lang/runtime/SwitchBootstraps$$Lambda+0x800000018
instanceKlass java/lang/invoke/DirectMethodHandle$1
instanceKlass java/util/function/BiPredicate
instanceKlass jdk/internal/misc/PreviewFeatures
instanceKlass java/lang/runtime/SwitchBootstraps
instanceKlass java/security/spec/PSSParameterSpec
instanceKlass java/security/spec/RSAPrivateKeySpec
instanceKlass java/security/spec/RSAPublicKeySpec
instanceKlass java/security/KeyFactorySpi
instanceKlass sun/security/jca/ProviderList$ServiceIterator
instanceKlass java/security/KeyFactory
instanceKlass  @bci java/security/spec/EncodedKeySpec <clinit> ()V 0 <appendix> argL0 ; # java/security/spec/EncodedKeySpec$$Lambda+0x0000000037163588
instanceKlass  @cpi net/sf/saxon/style/PrincipalStylesheetModule 1728 form vmentry <vmtarget> ; # java/lang/invoke/LambdaForm$DMH+0x0000000037580000
instanceKlass jdk/internal/access/JavaSecuritySpecAccess
instanceKlass java/security/spec/EncodedKeySpec
instanceKlass java/security/spec/KeySpec
instanceKlass sun/security/util/BitArray
instanceKlass sun/security/x509/X509Key
instanceKlass java/security/PublicKey
instanceKlass java/security/AsymmetricKey
instanceKlass java/security/Key
instanceKlass sun/security/x509/CertificateX509Key
instanceKlass sun/security/x509/CertificateValidity
instanceKlass sun/security/x509/AVA
instanceKlass sun/security/x509/RDN
instanceKlass sun/security/x509/X500Name
instanceKlass sun/security/x509/GeneralNameInterface
instanceKlass sun/security/x509/CertificateAlgorithmId
instanceKlass sun/security/x509/SerialNumber
instanceKlass sun/security/x509/CertificateSerialNumber
instanceKlass sun/security/x509/CertificateVersion
instanceKlass sun/security/x509/X509CertInfo
instanceKlass sun/security/x509/AlgorithmId
instanceKlass java/security/DEREncodable
instanceKlass java/security/cert/X509Extension
instanceKlass sun/security/util/Cache$EqualByteArray
instanceKlass sun/security/util/Cache
instanceKlass java/security/cert/CertificateFactorySpi
instanceKlass java/security/cert/CertificateFactory
instanceKlass sun/security/pkcs/ContentInfo
instanceKlass sun/security/util/IOUtils
instanceKlass sun/security/util/DerInputStream
instanceKlass sun/security/util/DerValue
instanceKlass java/security/KeyStoreSpi
instanceKlass sun/security/util/SecurityProperties
instanceKlass sun/security/util/CryptoAlgorithmConstraints$CryptoHolder
instanceKlass sun/security/util/AbstractAlgorithmConstraints
instanceKlass java/security/AlgorithmConstraints
instanceKlass sun/security/ssl/SSLLogger
instanceKlass java/security/KeyStore
instanceKlass sun/security/util/FilePaths
instanceKlass sun/security/ssl/TrustStoreManager$TrustStoreDescriptor
instanceKlass sun/security/ssl/TrustStoreManager$TrustAnchorManager
instanceKlass sun/security/ssl/TrustStoreManager
instanceKlass sun/security/jca/GetInstance$Instance
instanceKlass sun/security/jca/GetInstance
instanceKlass javax/net/ssl/TrustManagerFactorySpi
instanceKlass javax/net/ssl/TrustManagerFactory
instanceKlass kotlin/text/CharsKt__CharJVMKt
instanceKlass okhttp3/internal/platform/Jdk9Platform$Companion
instanceKlass java/util/AbstractList$Itr
instanceKlass sun/security/smartcardio/SunPCSC$1
instanceKlass org/jcp/xml/dsig/internal/dom/XMLDSigRI$2
instanceKlass org/jcp/xml/dsig/internal/dom/XMLDSigRI$1
instanceKlass  @bci sun/security/pkcs11/SunPKCS11 register (Lsun/security/pkcs11/SunPKCS11$Descriptor;)V 27 <appendix> argL0 ; # sun/security/pkcs11/SunPKCS11$$Lambda+0x000000003757a000
instanceKlass sun/security/pkcs11/SunPKCS11$Descriptor
instanceKlass javax/security/auth/callback/CallbackHandler
instanceKlass javax/security/auth/Subject
instanceKlass sun/security/jca/ProviderConfig$ProviderLoader
instanceKlass java/security/spec/ECFieldF2m
instanceKlass sun/security/util/ObjectIdentifier
instanceKlass sun/security/util/ByteArrayTagOrder
instanceKlass sun/security/util/ByteArrayLexOrder
instanceKlass sun/security/util/DerEncoder
instanceKlass java/security/spec/ECParameterSpec
instanceKlass java/security/spec/AlgorithmParameterSpec
instanceKlass java/security/spec/ECPoint
instanceKlass java/security/spec/EllipticCurve
instanceKlass java/security/spec/ECFieldFp
instanceKlass java/security/spec/ECField
instanceKlass sun/security/util/CurveDB
instanceKlass sun/security/rsa/SunRsaSignEntries
instanceKlass sun/security/util/SecurityProviderConstants
instanceKlass java/security/Provider$UString
instanceKlass java/security/Provider$Service
instanceKlass sun/security/provider/NativePRNG$NonBlocking
instanceKlass sun/security/provider/NativePRNG$Blocking
instanceKlass sun/security/provider/NativePRNG
instanceKlass sun/security/provider/SunEntries
instanceKlass java/security/Permission
instanceKlass java/security/Guard
instanceKlass sun/security/util/SecurityConstants
instanceKlass javax/security/auth/login/Configuration$Parameters
instanceKlass java/security/Policy$Parameters
instanceKlass javax/crypto/KDFParameters
instanceKlass java/security/cert/CertStoreParameters
instanceKlass java/security/SecureRandomParameters
instanceKlass java/security/Provider$EngineDescription
instanceKlass  @bci java/security/Provider <clinit> ()V 28 <appendix> argL0 ; # java/security/Provider$$Lambda+0x0000000037150aa0
instanceKlass java/security/Provider$ServiceKey
instanceKlass sun/security/jca/ProviderConfig
instanceKlass sun/security/jca/ProviderList
instanceKlass sun/security/jca/Providers
instanceKlass java/security/Security$2
instanceKlass jdk/internal/access/JavaSecurityPropertiesAccess
instanceKlass sun/nio/fs/WindowsLinkSupport
instanceKlass java/security/Security$SecPropLoader
instanceKlass java/security/Security
instanceKlass okhttp3/internal/platform/PlatformRegistry
instanceKlass okhttp3/internal/platform/Platform$Companion
instanceKlass okhttp3/internal/platform/Platform
instanceKlass java/util/concurrent/ConcurrentLinkedQueue$Node
instanceKlass okhttp3/internal/concurrent/Task
instanceKlass okhttp3/internal/concurrent/TaskQueue
instanceKlass okhttp3/internal/connection/RealConnectionPool$Companion
instanceKlass okhttp3/internal/connection/RealConnectionPool
instanceKlass okhttp3/internal/connection/ConnectionListener$Companion
instanceKlass okhttp3/internal/connection/ConnectionListener
instanceKlass okhttp3/ConnectionPool
instanceKlass okhttp3/internal/concurrent/TaskRunner$runnable$1
instanceKlass  @bci net/sf/saxon/expr/instruct/CallTemplate$CallTemplateElaborator elaborateForPush ()Lnet/sf/saxon/expr/elab/PushEvaluator; 30 <appendix> form vmentry <vmtarget> ; # java/lang/invoke/LambdaForm$DMH+0x0000000037578000
instanceKlass  @bci okhttp3/internal/_UtilJvmKt threadFactory (Ljava/lang/String;Z)Ljava/util/concurrent/ThreadFactory; 8 <appendix> member <vmtarget> ; # okhttp3/internal/_UtilJvmKt$$Lambda+0x0000000037577600
instanceKlass  @cpi okhttp3/internal/http2/Http2Connection$ReaderRunnable 289 form vmentry <vmtarget> ; # java/lang/invoke/LambdaForm$DMH+0x0000000037568400
instanceKlass okhttp3/internal/concurrent/TaskRunner$RealBackend
instanceKlass okhttp3/internal/concurrent/TaskRunner$Backend
instanceKlass java/util/logging/Logger$SystemLoggerHelper
instanceKlass jdk/internal/logger/BootstrapLogger$BootstrapExecutors
instanceKlass jdk/internal/logger/LoggerFinderLoader
instanceKlass java/util/stream/Streams
instanceKlass java/util/stream/Stream$Builder
instanceKlass java/util/stream/Streams$AbstractStreamBuilderImpl
instanceKlass java/util/stream/ReferencePipeline$7$1FlatMap
instanceKlass java/util/stream/FindOps$FindOp
instanceKlass  @bci java/util/stream/FindOps$FindSink$OfRef <clinit> ()V 6 <appendix> argL0 ; # java/util/stream/FindOps$FindSink$OfRef$$Lambda+0x800000048
instanceKlass  @bci java/util/stream/FindOps$FindSink$OfRef <clinit> ()V 0 <appendix> argL0 ; # java/util/stream/FindOps$FindSink$OfRef$$Lambda+0x800000049
instanceKlass java/util/stream/FindOps$FindSink
instanceKlass java/util/stream/FindOps
instanceKlass  @bci java/util/logging/Level$KnownLevel findByName (Ljava/lang/String;Ljava/util/function/Function;)Ljava/util/Optional; 29 <appendix> argL0 ; # java/util/logging/Level$KnownLevel$$Lambda+0x800000022
instanceKlass  @bci java/util/logging/Level findLevel (Ljava/lang/String;)Ljava/util/logging/Level; 13 <appendix> argL0 ; # java/util/logging/Level$$Lambda+0x80000001f
instanceKlass java/util/Hashtable$Enumerator
instanceKlass java/util/concurrent/ConcurrentHashMap$MapEntry
instanceKlass java/util/Collections$SynchronizedCollection
instanceKlass java/util/Properties$EntrySet
instanceKlass java/util/Collections$3
instanceKlass java/util/logging/LogManager$VisitedLoggers
instanceKlass java/util/logging/LogManager$LoggingProviderAccess
instanceKlass java/lang/Shutdown$Lock
instanceKlass java/lang/Shutdown
instanceKlass java/lang/ApplicationShutdownHooks$1
instanceKlass java/lang/ApplicationShutdownHooks
instanceKlass java/util/Collections$SynchronizedMap
instanceKlass java/util/logging/LogManager$LogNode
instanceKlass java/util/logging/LogManager$LoggerContext
instanceKlass java/util/logging/LogManager
instanceKlass java/util/logging/Logger$ConfigurationData
instanceKlass java/util/logging/Logger$LoggerBundle
instanceKlass  @bci java/util/logging/Level$KnownLevel add (Ljava/util/logging/Level;)V 49 <appendix> argL0 ; # java/util/logging/Level$KnownLevel$$Lambda+0x800000021
instanceKlass  @bci java/util/logging/Level$KnownLevel add (Ljava/util/logging/Level;)V 19 <appendix> argL0 ; # java/util/logging/Level$KnownLevel$$Lambda+0x800000020
instanceKlass java/util/logging/Level
instanceKlass java/util/logging/Handler
instanceKlass java/util/logging/Logger
instanceKlass okhttp3/internal/concurrent/TaskRunner$Companion
instanceKlass okhttp3/internal/concurrent/TaskRunner
instanceKlass okhttp3/internal/concurrent/Lockable
instanceKlass okhttp3/internal/connection/RouteDatabase
instanceKlass sun/net/NetProperties
instanceKlass java/net/Proxy
instanceKlass java/net/ProxySelector
instanceKlass kotlin/collections/EmptyList
instanceKlass org/hl7/fhir/utilities/http/okhttpimpl/RetryInterceptor
instanceKlass org/hl7/fhir/utilities/http/okhttpimpl/ProxyAuthenticator
instanceKlass kotlin/collections/EmptySet
instanceKlass kotlin/collections/SetsKt__SetsJVMKt
instanceKlass okhttp3/CertificatePinner$Builder
instanceKlass okhttp3/CertificatePinner$Companion
instanceKlass okhttp3/CertificatePinner
instanceKlass okhttp3/internal/tls/OkHostnameVerifier
instanceKlass javax/net/ssl/HostnameVerifier
instanceKlass okhttp3/TlsVersion$Companion
instanceKlass okhttp3/ConnectionSpec$Builder
instanceKlass kotlin/collections/CollectionsKt__CollectionsJVMKt
instanceKlass okhttp3/CipherSuite$Companion$ORDER_BY_NAME$1
instanceKlass okhttp3/CipherSuite$Companion
instanceKlass okhttp3/CipherSuite
instanceKlass okhttp3/ConnectionSpec$Companion
instanceKlass okhttp3/ConnectionSpec
instanceKlass kotlin/collections/ArraysUtilJVM
instanceKlass kotlin/collections/ArraysKt__ArraysJVMKt
instanceKlass okhttp3/Protocol$Companion
instanceKlass kotlin/collections/AbstractList$Companion
instanceKlass kotlin/collections/AbstractCollection
instanceKlass kotlin/enums/EnumEntries
instanceKlass kotlin/jvm/internal/markers/KMappedMarker
instanceKlass kotlin/enums/EnumEntriesKt
instanceKlass okhttp3/OkHttpClient$Companion
instanceKlass javax/net/SocketFactory
instanceKlass okhttp3/CookieJar$Companion$NoCookies
instanceKlass okhttp3/CookieJar$Companion
instanceKlass okhttp3/CookieJar
instanceKlass okhttp3/Dns$Companion$DnsSystem
instanceKlass okhttp3/Dns$Companion
instanceKlass okhttp3/internal/authenticator/JavaNetAuthenticator
instanceKlass okhttp3/Authenticator$Companion$AuthenticatorNone
instanceKlass okhttp3/Authenticator$Companion
instanceKlass  @bci okhttp3/internal/_UtilJvmKt asFactory (Lokhttp3/EventListener;)Lokhttp3/EventListener$Factory; 7 <appendix> member <vmtarget> ; # okhttp3/internal/_UtilJvmKt$$Lambda+0x000000003756b2d8
instanceKlass okhttp3/Call
instanceKlass okhttp3/EventListener$Factory
instanceKlass kotlin/text/StringsKt__AppendableKt
instanceKlass okhttp3/OkHttpClient
instanceKlass okhttp3/WebSocket$Factory
instanceKlass okhttp3/Call$Factory
instanceKlass kotlin/jvm/internal/Intrinsics
instanceKlass okhttp3/internal/_UtilJvmKt
instanceKlass okhttp3/EventListener$Companion
instanceKlass okhttp3/EventListener
instanceKlass okhttp3/Dispatcher
instanceKlass okhttp3/OkHttpClient$Builder
instanceKlass org/hl7/fhir/utilities/http/HTTPHeader
instanceKlass org/hl7/fhir/utilities/http/ManagedHTTPClient$ManagedHTTPClientBuilder
instanceKlass okhttp3/Dns
instanceKlass okhttp3/Interceptor
instanceKlass okhttp3/Authenticator
instanceKlass org/hl7/fhir/utilities/http/ManagedHTTPClient
instanceKlass org/hl7/fhir/utilities/http/ManagedWebAccessor$1
instanceKlass org/hl7/fhir/utilities/http/ManagedWebAccessorBase
instanceKlass  @bci org/sqlite/core/DB lambda$ensureAutoCommit$4 (Lorg/sqlite/core/DB;J)V 6 <adapter> ; # java/lang/invoke/LambdaForm$MH+0x0000000037568000
instanceKlass  @bci org/hl7/fhir/utilities/http/URLUtil getUrlWithNoCacheParam (Ljava/lang/String;)Ljava/lang/String; 25 <appendix> form vmentry <vmtarget> ; # java/lang/invoke/LambdaForm$MH+0x0000000037565c00
instanceKlass  @bci org/hl7/fhir/utilities/http/URLUtil getUrlWithNoCacheParam (Ljava/lang/String;)Ljava/lang/String; 25 <appendix> form names 5 function resolvedHandle form vmentry <vmtarget> ; # java/lang/invoke/LambdaForm$DMH+0x0000000037565800
instanceKlass org/hl7/fhir/utilities/npm/NpmPackage$NpmPackageFolder
instanceKlass org/hl7/fhir/utilities/npm/PackageHacker
instanceKlass org/hl7/fhir/utilities/json/model/JsonProperty
instanceKlass org/hl7/fhir/utilities/json/parser/JsonParser$1
instanceKlass org/hl7/fhir/utilities/json/parser/JsonLexer$State
instanceKlass org/hl7/fhir/utilities/json/model/JsonLocationData
instanceKlass org/hl7/fhir/utilities/json/parser/JsonLexer
instanceKlass org/hl7/fhir/utilities/json/parser/JsonParser
instanceKlass  @bci org/hl7/fhir/utilities/npm/FilesystemPackageCacheManager loadPackageFromCacheOnly (Ljava/lang/String;Ljava/lang/String;)Lorg/hl7/fhir/utilities/npm/NpmPackage; 169 <appendix> member <vmtarget> ; # org/hl7/fhir/utilities/npm/FilesystemPackageCacheManager$$Lambda+0x0000000037562f98
instanceKlass  @bci org/hl7/fhir/utilities/npm/FilesystemPackageCacheManagerLocks getPackageLock (Ljava/lang/String;)Lorg/hl7/fhir/utilities/npm/FilesystemPackageCacheManagerLocks$PackageLock; 36 <appendix> member <vmtarget> ; # org/hl7/fhir/utilities/npm/FilesystemPackageCacheManagerLocks$$Lambda+0x0000000037562d48
instanceKlass org/hl7/fhir/utilities/npm/FilesystemPackageCacheManagerLocks$PackageLock
instanceKlass java/util/Collections$ReverseComparator
instanceKlass  @bci net/sf/saxon/expr/instruct/MessageInstr$MessageInstrElaborator elaborateForPush ()Lnet/sf/saxon/expr/elab/PushEvaluator; 49 <appendix> form vmentry <vmtarget> ; # java/lang/invoke/LambdaForm$DMH+0x0000000037565000
instanceKlass  @bci org/apache/commons/io/function/IOStream forAll (Lorg/apache/commons/io/function/IOConsumer;Ljava/util/function/BiFunction;)V 38 <appendix> member <vmtarget> ; # org/apache/commons/io/function/IOStream$$Lambda+0x0000000037562610
instanceKlass  @cpi net/sf/saxon/trans/SimpleMode 1113 form vmentry <vmtarget> ; # java/lang/invoke/LambdaForm$DMH+0x0000000037564c00
instanceKlass  @bci org/apache/commons/io/function/IOStreams forAll (Ljava/util/stream/Stream;Lorg/apache/commons/io/function/IOConsumer;Ljava/util/function/BiFunction;)V 5 <appendix> argL0 ; # org/apache/commons/io/function/IOStreams$$Lambda+0x00000000375623d8
instanceKlass java/lang/invoke/TypeConvertingMethodAdapter$BoxHolder
instanceKlass java/lang/invoke/TypeConvertingMethodAdapter$1
instanceKlass  @bci net/sf/saxon/expr/instruct/CallTemplate$CallTemplateElaborator elaborateForPush ()Lnet/sf/saxon/expr/elab/PushEvaluator; 22 <appendix> form vmentry <vmtarget> ; # java/lang/invoke/LambdaForm$DMH+0x0000000037564800
instanceKlass org/apache/commons/io/function/IOBaseStreamAdapter
instanceKlass org/apache/commons/io/function/IOBiFunction
instanceKlass org/apache/commons/io/function/IOSpliterator
instanceKlass org/apache/commons/io/function/IOIterator
instanceKlass org/apache/commons/io/function/IOStream
instanceKlass org/apache/commons/io/function/IOBaseStream
instanceKlass  @bci org/apache/commons/io/function/IOStreams forAll (Ljava/util/stream/Stream;Lorg/apache/commons/io/function/IOConsumer;)V 2 <appendix> argL0 ; # org/apache/commons/io/function/IOStreams$$Lambda+0x0000000037560cb8
instanceKlass org/apache/commons/io/function/IOStreams
instanceKlass  @bci org/apache/commons/io/function/IOConsumer <clinit> ()V 0 <appendix> argL0 ; # org/apache/commons/io/function/IOConsumer$$Lambda+0x0000000037560860
instanceKlass  @cpi org/apache/commons/io/function/IOConsumer 141 form vmentry <vmtarget> ; # java/lang/invoke/LambdaForm$DMH+0x0000000037564400
instanceKlass  @bci org/apache/commons/io/FileUtils cleanDirectory (Ljava/io/File;)V 0 <appendix> argL0 ; # org/apache/commons/io/FileUtils$$Lambda+0x0000000037560618
instanceKlass  @cpi java/util/concurrent/Executors$AutoShutdownDelegatedExecutorService 73 form vmentry <vmtarget> ; # java/lang/invoke/LambdaForm$DMH+0x0000000037564000
instanceKlass org/apache/commons/io/function/IOConsumer
instanceKlass org/apache/commons/io/filefilter/IOFileFilter
instanceKlass java/nio/file/PathMatcher
instanceKlass java/io/FileFilter
instanceKlass java/nio/file/FileVisitor
instanceKlass org/apache/commons/io/file/PathFilter
instanceKlass org/apache/commons/io/FileUtils
instanceKlass org/hl7/fhir/r4/utils/ToolingExtensions
instanceKlass org/hl7/fhir/convertors/conv40_50/resources40_50/ImplementationGuide40_50$1
instanceKlass org/hl7/fhir/convertors/conv40_50/datatypes40_50/primitive40_50/Url40_50
instanceKlass org/hl7/fhir/convertors/conv40_50/datatypes40_50/primitive40_50/Boolean40_50
instanceKlass  @bci org/hl7/fhir/convertors/conv40_50/resources40_50/ImplementationGuide40_50 convertImplementationGuideDefinitionResourceComponent (Lorg/hl7/fhir/r4/model/ImplementationGuide$ImplementationGuideDefinitionResourceComponent;)Lorg/hl7/fhir/r5/model/ImplementationGuide$ImplementationGuideDefinitionResourceComponent; 58 <appendix> argL0 ; # org/hl7/fhir/convertors/conv40_50/resources40_50/ImplementationGuide40_50$$Lambda+0x000000003755bcf8
instanceKlass org/hl7/fhir/convertors/conv40_50/datatypes40_50/special40_50/Reference40_50
instanceKlass  @bci org/apache/commons/lang3/Validate toSupplier (Ljava/lang/String;[Ljava/lang/Object;)Ljava/util/function/Supplier; 2 <appendix> member <vmtarget> ; # org/apache/commons/lang3/Validate$$Lambda+0x000000003755b4b8
instanceKlass org/apache/commons/lang3/Validate
instanceKlass org/hl7/fhir/convertors/conv40_50/datatypes40_50/primitive40_50/Canonical40_50
instanceKlass  @bci org/hl7/fhir/convertors/conv40_50/resources40_50/ImplementationGuide40_50 convertImplementationGuide (Lorg/hl7/fhir/r4/model/ImplementationGuide;)Lorg/hl7/fhir/r5/model/ImplementationGuide; 390 <appendix> argL0 ; # org/hl7/fhir/convertors/conv40_50/resources40_50/ImplementationGuide40_50$$Lambda+0x000000003755ae50
instanceKlass org/hl7/fhir/convertors/conv40_50/datatypes40_50/primitive40_50/Code40_50
instanceKlass org/hl7/fhir/convertors/conv40_50/datatypes40_50/general40_50/Coding40_50
instanceKlass org/hl7/fhir/convertors/conv40_50/datatypes40_50/general40_50/CodeableConcept40_50
instanceKlass org/hl7/fhir/convertors/conv40_50/datatypes40_50/primitive40_50/MarkDown40_50
instanceKlass org/hl7/fhir/convertors/conv40_50/datatypes40_50/general40_50/ContactPoint40_50$1
instanceKlass org/hl7/fhir/convertors/conv40_50/datatypes40_50/general40_50/ContactPoint40_50
instanceKlass org/hl7/fhir/convertors/conv40_50/datatypes40_50/metadata40_50/ContactDetail40_50
instanceKlass org/hl7/fhir/convertors/conv40_50/resources40_50/Enumerations40_50$1
instanceKlass org/hl7/fhir/convertors/conv40_50/resources40_50/Enumerations40_50
instanceKlass org/hl7/fhir/convertors/conv40_50/datatypes40_50/primitive40_50/String40_50
instanceKlass org/hl7/fhir/convertors/conv40_50/datatypes40_50/primitive40_50/Uri40_50
instanceKlass  @bci ca/uhn/fhir/util/ElementUtil <clinit> ()V 16 <appendix> argL0 ; # ca/uhn/fhir/util/ElementUtil$$Lambda+0x000000003755d8a8
instanceKlass  @bci ca/uhn/fhir/util/ElementUtil <clinit> ()V 8 <appendix> argL0 ; # ca/uhn/fhir/util/ElementUtil$$Lambda+0x000000003755d660
instanceKlass  @bci ca/uhn/fhir/util/ElementUtil <clinit> ()V 0 <appendix> argL0 ; # ca/uhn/fhir/util/ElementUtil$$Lambda+0x000000003755d418
instanceKlass ca/uhn/fhir/util/ElementUtil
instanceKlass  @bci org/hl7/fhir/convertors/conv40_50/resources40_50/Resource40_50 copyDomainResource (Lorg/hl7/fhir/r4/model/DomainResource;Lorg/hl7/fhir/r5/model/DomainResource;[Ljava/lang/String;)V 114 <appendix> member <vmtarget> ; # org/hl7/fhir/convertors/conv40_50/resources40_50/Resource40_50$$Lambda+0x000000003755cfc8
instanceKlass  @bci org/hl7/fhir/convertors/conv40_50/resources40_50/Resource40_50 copyDomainResource (Lorg/hl7/fhir/r4/model/DomainResource;Lorg/hl7/fhir/r5/model/DomainResource;[Ljava/lang/String;)V 98 <appendix> argL0 ; # org/hl7/fhir/convertors/conv40_50/resources40_50/Resource40_50$$Lambda+0x000000003755cd80
instanceKlass org/hl7/fhir/convertors/conv40_50/datatypes40_50/special40_50/Extension40_50
instanceKlass  @bci org/hl7/fhir/convertors/conv40_50/resources40_50/Resource40_50 copyDomainResource (Lorg/hl7/fhir/r4/model/DomainResource;Lorg/hl7/fhir/r5/model/DomainResource;[Ljava/lang/String;)V 88 <appendix> member <vmtarget> ; # org/hl7/fhir/convertors/conv40_50/resources40_50/Resource40_50$$Lambda+0x000000003755c910
instanceKlass  @bci org/hl7/fhir/convertors/conv40_50/resources40_50/Resource40_50 copyDomainResource (Lorg/hl7/fhir/r4/model/DomainResource;Lorg/hl7/fhir/r5/model/DomainResource;[Ljava/lang/String;)V 68 <appendix> member <vmtarget> ; # org/hl7/fhir/convertors/conv40_50/resources40_50/Resource40_50$$Lambda+0x000000003755c6d0
instanceKlass  @bci org/hl7/fhir/convertors/conv40_50/resources40_50/Resource40_50 copyDomainResource (Lorg/hl7/fhir/r4/model/DomainResource;Lorg/hl7/fhir/r5/model/DomainResource;[Ljava/lang/String;)V 51 <appendix> member <vmtarget> ; # org/hl7/fhir/convertors/conv40_50/resources40_50/Resource40_50$$Lambda+0x000000003755c490
instanceKlass  @bci org/hl7/fhir/convertors/conv40_50/resources40_50/Resource40_50 copyDomainResource (Lorg/hl7/fhir/r4/model/DomainResource;Lorg/hl7/fhir/r5/model/DomainResource;[Ljava/lang/String;)V 35 <appendix> member <vmtarget> ; # org/hl7/fhir/convertors/conv40_50/resources40_50/Resource40_50$$Lambda+0x000000003755c240
instanceKlass  @cpi net/sf/saxon/expr/RootExpression$RootExprElaborator 40 form vmentry <vmtarget> ; # java/lang/invoke/LambdaForm$DMH+0x0000000037558400
instanceKlass java/util/stream/ForEachOps$ForEachOp
instanceKlass java/util/stream/ForEachOps
instanceKlass  @bci org/hl7/fhir/convertors/conv40_50/datatypes40_50/Element40_50 copyElement (Lorg/hl7/fhir/r4/model/Element;Lorg/hl7/fhir/r5/model/Element;Ljava/lang/String;[Ljava/lang/String;)V 40 <appendix> member <vmtarget> ; # org/hl7/fhir/convertors/conv40_50/datatypes40_50/Element40_50$$Lambda+0x000000003755c000
instanceKlass  @cpi org/hl7/fhir/convertors/conv40_50/resources40_50/Resource40_50 1998 form vmentry <vmtarget> ; # java/lang/invoke/LambdaForm$DMH+0x0000000037558000
instanceKlass  @bci org/hl7/fhir/convertors/conv40_50/datatypes40_50/Element40_50 copyElement (Lorg/hl7/fhir/r4/model/Element;Lorg/hl7/fhir/r5/model/Element;Ljava/lang/String;[Ljava/lang/String;)V 27 <appendix> member <vmtarget> ; # org/hl7/fhir/convertors/conv40_50/datatypes40_50/Element40_50$$Lambda+0x0000000037554c20
instanceKlass org/hl7/fhir/convertors/conv40_50/datatypes40_50/primitive40_50/Id40_50
instanceKlass org/hl7/fhir/convertors/conv40_50/resources40_50/ImplementationGuide40_50
instanceKlass org/hl7/fhir/convertors/context/VersionConvertorContext
instanceKlass org/hl7/fhir/convertors/conv40_50/datatypes40_50/Type40_50
instanceKlass org/hl7/fhir/convertors/conv40_50/resources40_50/Resource40_50
instanceKlass org/hl7/fhir/convertors/conv40_50/datatypes40_50/BackboneElement40_50
instanceKlass org/hl7/fhir/convertors/conv40_50/datatypes40_50/Element40_50
instanceKlass org/hl7/fhir/convertors/conv40_50/VersionConvertor_40_50
instanceKlass org/hl7/fhir/convertors/factory/VersionConvertorFactory
instanceKlass org/hl7/fhir/r4/model/ImplementationGuide$GuidePageGenerationEnumFactory
instanceKlass org/hl7/fhir/r4/model/Enumerations$FHIRVersionEnumFactory
instanceKlass org/hl7/fhir/r4/model/ContactPoint$ContactPointSystemEnumFactory
instanceKlass org/hl7/fhir/r4/model/Enumerations$PublicationStatusEnumFactory
instanceKlass  @bci org/hl7/fhir/r5/conformance/profile/ProfileUtilities destInfo (Lorg/hl7/fhir/r5/model/ElementDefinition;Ljava/util/List;)Ljava/lang/String; 34 <appendix> form vmentry <vmtarget> ; # java/lang/invoke/LambdaForm$MH+0x0000000037554400
instanceKlass org/hl7/fhir/utilities/json/JsonTrackingParser$1
instanceKlass org/hl7/fhir/utilities/json/JsonTrackingParser$State
instanceKlass org/hl7/fhir/utilities/json/JsonTrackingParser$LocationData
instanceKlass org/hl7/fhir/utilities/json/JsonTrackingParser$Lexer
instanceKlass org/hl7/fhir/utilities/json/JsonTrackingParser
instanceKlass org/hl7/fhir/r4/model/EnumFactory
instanceKlass org/hl7/fhir/r4/model/ICoding
instanceKlass org/hl7/fhir/r4/model/Base
instanceKlass org/hl7/fhir/r4/formats/JsonCreator
instanceKlass org/hl7/fhir/r4/formats/FormatUtilities$1
instanceKlass org/hl7/fhir/r4/formats/IParser
instanceKlass org/hl7/fhir/r4/formats/FormatUtilities
instanceKlass org/hl7/fhir/r5/model/ImplementationGuide$GuidePageGenerationEnumFactory
instanceKlass org/hl7/fhir/r5/model/Enumerations$FHIRVersionEnumFactory
instanceKlass org/hl7/fhir/r5/model/ContactPoint$ContactPointSystemEnumFactory
instanceKlass org/hl7/fhir/r5/model/Enumerations$PublicationStatusEnumFactory
instanceKlass ca/uhn/fhir/rest/gclient/StringClientParam$IStringMatch
instanceKlass ca/uhn/fhir/rest/gclient/ICompositeWithLeft
instanceKlass ca/uhn/fhir/rest/gclient/NumberClientParam$IMatches
instanceKlass ca/uhn/fhir/rest/gclient/UriClientParam$IUriMatch
instanceKlass ca/uhn/fhir/rest/gclient/DateClientParam$IDateSpecifier
instanceKlass ca/uhn/fhir/rest/gclient/TokenClientParam$IMatches
instanceKlass ca/uhn/fhir/rest/gclient/ICriterion
instanceKlass ca/uhn/fhir/rest/gclient/BaseClientParam
instanceKlass ca/uhn/fhir/rest/gclient/IParam
instanceKlass ca/uhn/fhir/model/api/Include
instanceKlass com/google/gson/internal/LinkedTreeMap$Node
instanceKlass com/google/gson/internal/LinkedTreeMap$1
instanceKlass com/google/gson/internal/bind/JsonElementTypeAdapter$1
instanceKlass com/google/gson/internal/bind/EnumTypeAdapter$1
instanceKlass com/google/gson/internal/bind/TypeAdapters$31
instanceKlass java/util/Currency
instanceKlass java/util/UUID
instanceKlass com/google/gson/internal/bind/TypeAdapters$32
instanceKlass java/net/InetAddress
instanceKlass java/util/concurrent/atomic/AtomicIntegerArray
instanceKlass com/google/gson/internal/bind/TypeAdapters$30
instanceKlass com/google/gson/internal/bind/TypeAdapters$29
instanceKlass com/google/gson/stream/JsonWriter
instanceKlass com/google/gson/TypeAdapterFactory
instanceKlass com/google/gson/TypeAdapter
instanceKlass com/google/gson/internal/bind/TypeAdapters
instanceKlass com/google/gson/internal/Streams
instanceKlass com/google/gson/internal/JsonReaderInternalAccess
instanceKlass com/google/gson/stream/JsonReader
instanceKlass com/google/gson/JsonParser
instanceKlass org/hl7/fhir/r5/test/utils/ClassesLoadedFlags
instanceKlass org/hl7/fhir/instance/model/api/IBaseConformance
instanceKlass org/hl7/fhir/instance/model/api/IBaseDatatypeElement
instanceKlass org/hl7/fhir/instance/model/api/IBaseEnumeration
instanceKlass org/hl7/fhir/instance/model/api/INarrative
instanceKlass org/hl7/fhir/instance/model/api/IBaseMetaType
instanceKlass org/hl7/fhir/instance/model/api/IBaseDecimalDatatype
instanceKlass org/hl7/fhir/instance/model/api/IBaseIntegerDatatype
instanceKlass org/hl7/fhir/r5/formats/IParser
instanceKlass org/hl7/fhir/r5/formats/FormatUtilities
instanceKlass org/hl7/fhir/igtools/publisher/modules/NullModule
instanceKlass org/apache/commons/exec/StreamPumper
instanceKlass java/io/FileOutputStream$1
instanceKlass sun/util/logging/PlatformLogger
instanceKlass sun/util/logging/PlatformLogger$ConfigurableBridge$LoggerConfiguration
instanceKlass jdk/internal/logger/BootstrapLogger$RedirectedLoggers
instanceKlass jdk/internal/logger/LazyLoggers$LazyLoggerAccessor
instanceKlass jdk/internal/logger/LazyLoggers$LoggerAccessor
instanceKlass jdk/internal/logger/AbstractLoggerWrapper
instanceKlass sun/util/logging/internal/LoggingProviderImpl$LogManagerAccess
instanceKlass jdk/internal/foreign/MemorySessionImpl
instanceKlass java/lang/foreign/MemorySegment$Scope
instanceKlass jdk/internal/logger/BootstrapLogger$DetectBackend
instanceKlass jdk/internal/logger/BootstrapLogger
instanceKlass sun/util/logging/PlatformLogger$ConfigurableBridge
instanceKlass sun/util/logging/PlatformLogger$Bridge
instanceKlass java/lang/System$Logger
instanceKlass java/lang/System$LoggerFinder
instanceKlass jdk/internal/logger/LazyLoggers$LazyLoggerFactories
instanceKlass jdk/internal/logger/LazyLoggers$1
instanceKlass jdk/internal/logger/LazyLoggers
instanceKlass jdk/internal/event/Event
instanceKlass jdk/internal/vm/ThreadContainers
instanceKlass jdk/internal/vm/StackableScope
instanceKlass java/util/concurrent/LinkedTransferQueue$DualNode
instanceKlass java/util/concurrent/ForkJoinPool$ManagedBlocker
instanceKlass java/util/concurrent/TransferQueue
instanceKlass java/util/concurrent/ThreadPoolExecutor$AbortPolicy
instanceKlass java/util/concurrent/RejectedExecutionHandler
instanceKlass java/util/concurrent/AbstractExecutorService
instanceKlass java/util/concurrent/Executors
instanceKlass  @bci java/lang/ProcessHandleImpl initReaper ()Ljava/util/concurrent/Executor; 45 <appendix> member <vmtarget> ; # java/lang/ProcessHandleImpl$$Lambda+0x0000000037141720
instanceKlass  @cpi java/lang/ProcessHandleImpl 358 form vmentry <vmtarget> ; # java/lang/invoke/LambdaForm$DMH+0x0000000037101400
# instanceKlass java/lang/invoke/LambdaForm$DMH+0x0000000037101000
instanceKlass jdk/internal/util/random/RandomSupport
instanceKlass java/util/Random
instanceKlass java/util/random/RandomGenerator
instanceKlass java/lang/ProcessHandleImpl
instanceKlass java/lang/ProcessHandle
instanceKlass  @bci java/lang/ProcessHandleImpl initReaper ()Ljava/util/concurrent/Executor; 45 <appendix> form vmentry <vmtarget> ; # java/lang/invoke/LambdaForm$DMH+0x0000000037100c00
instanceKlass  @bci java/lang/ProcessImpl <init> ([Ljava/lang/String;Ljava/lang/String;Ljava/lang/String;[JZZ)V 251 <appendix> member <vmtarget> ; # java/lang/ProcessImpl$$Lambda+0x0000000037140e48
instanceKlass  @cpi java/lang/ProcessImpl 633 form vmentry <vmtarget> ; # java/lang/invoke/LambdaForm$DMH+0x0000000037100800
instanceKlass org/apache/commons/exec/environment/DefaultProcessingEnvironment
instanceKlass org/apache/commons/exec/environment/EnvironmentUtils
instanceKlass org/apache/commons/exec/CommandLine$Argument
instanceKlass org/apache/commons/exec/util/StringUtils
instanceKlass org/apache/commons/exec/CommandLine
instanceKlass org/apache/commons/lang3/CharSequenceUtils
instanceKlass org/apache/commons/lang3/Strings
instanceKlass  @bci org/apache/commons/lang3/SystemUtils <clinit> ()V 222 <appendix> argL0 ; # org/apache/commons/lang3/SystemUtils$$Lambda+0x0000000037107878
instanceKlass jdk/internal/math/ToDecimal
instanceKlass jdk/internal/math/FloatingDecimal$ASCIIToBinaryBuffer
instanceKlass jdk/internal/math/MathUtils
instanceKlass jdk/internal/math/FloatingDecimal$PreparedASCIIToBinaryBuffer
instanceKlass jdk/internal/math/FloatingDecimal$ASCIIToBinaryConverter
instanceKlass jdk/internal/math/FloatingDecimal$BinaryToASCIIBuffer
instanceKlass jdk/internal/math/FloatingDecimal$ExceptionalBinaryToASCIIBuffer
instanceKlass jdk/internal/math/FloatingDecimal$BinaryToASCIIConverter
instanceKlass jdk/internal/math/FloatingDecimal
instanceKlass org/apache/commons/lang3/math/NumberUtils
instanceKlass  @bci org/apache/commons/lang3/SystemProperties getProperty (Ljava/lang/String;Ljava/lang/String;)Ljava/lang/String; 2 <appendix> member <vmtarget> ; # org/apache/commons/lang3/SystemProperties$$Lambda+0x0000000037107238
instanceKlass  @bci org/apache/commons/lang3/function/Suppliers <clinit> ()V 0 <appendix> argL0 ; # org/apache/commons/lang3/function/Suppliers$$Lambda+0x0000000037106dc0
instanceKlass org/apache/commons/lang3/function/Suppliers
instanceKlass org/apache/commons/lang3/SystemProperties
instanceKlass org/apache/commons/lang3/SystemUtils
instanceKlass org/apache/commons/exec/Watchdog
instanceKlass org/apache/commons/exec/ExecuteWatchdog
instanceKlass org/apache/commons/exec/TimeoutObserver
instanceKlass  @bci org/hl7/fhir/igtools/publisher/FSHRunner runFsh (Ljava/io/File;Lorg/hl7/fhir/igtools/publisher/PublisherUtils$IGBuildMode;)V 142 <appendix> member <vmtarget> ; # org/hl7/fhir/igtools/publisher/FSHRunner$$Lambda+0x0000000037105e78
instanceKlass org/apache/commons/exec/OS
instanceKlass org/apache/commons/exec/launcher/CommandLauncherImpl
instanceKlass org/apache/commons/exec/launcher/CommandLauncher
instanceKlass org/apache/commons/exec/launcher/CommandLauncherFactory
instanceKlass org/apache/commons/exec/PumpStreamHandler
instanceKlass org/apache/commons/exec/DefaultExecutor
instanceKlass org/apache/commons/exec/Executor
instanceKlass java/io/FilenameFilter
instanceKlass org/hl7/fhir/utilities/FileUtilities
instanceKlass org/hl7/fhir/igtools/publisher/FSHRunner
instanceKlass java/util/ComparableTimSort
instanceKlass sun/nio/ch/IOStatus
instanceKlass sun/nio/ch/Util$BufferCache
instanceKlass sun/nio/ch/Util
instanceKlass sun/nio/ch/NativeThread
instanceKlass sun/nio/ch/SelChImpl
instanceKlass java/nio/channels/NetworkChannel
instanceKlass sun/nio/ch/Streams
instanceKlass java/nio/channels/Channels
instanceKlass sun/nio/ch/FileChannelImpl$Closer
instanceKlass sun/nio/ch/NativeThreadSet
instanceKlass java/nio/channels/spi/AbstractInterruptibleChannel$1
instanceKlass sun/nio/ch/Interruptible
instanceKlass sun/nio/ch/IOUtil
instanceKlass sun/nio/ch/NativeDispatcher
instanceKlass java/nio/channels/ScatteringByteChannel
instanceKlass java/nio/channels/GatheringByteChannel
instanceKlass java/nio/channels/SeekableByteChannel
instanceKlass java/nio/channels/ByteChannel
instanceKlass java/nio/channels/WritableByteChannel
instanceKlass java/nio/channels/ReadableByteChannel
instanceKlass java/nio/channels/spi/AbstractInterruptibleChannel
instanceKlass java/nio/channels/InterruptibleChannel
instanceKlass java/nio/channels/Channel
instanceKlass sun/nio/fs/WindowsChannelFactory$Flags
instanceKlass sun/nio/fs/WindowsChannelFactory$1
instanceKlass sun/nio/fs/WindowsChannelFactory
instanceKlass sun/nio/fs/WindowsSecurityDescriptor
instanceKlass java/nio/file/attribute/FileAttribute
instanceKlass  @bci java/awt/EventQueue <init> ()V 53 <appendix> form vmentry <vmtarget> ; # java/lang/invoke/LambdaForm$MH+0x0000000037100400
instanceKlass org/apache/http/client/HttpClient
instanceKlass org/apache/http/client/methods/HttpUriRequest
instanceKlass org/apache/http/HttpRequest
instanceKlass org/apache/http/HttpMessage
instanceKlass org/apache/http/HttpEntity
instanceKlass com/google/gson/JsonElement
instanceKlass org/hl7/fhir/igtools/publisher/ExtensionTracker
instanceKlass org/hl7/fhir/igtools/publisher/IGPublisherLiquidTemplateServices
instanceKlass org/hl7/fhir/igtools/templates/TemplateManager
instanceKlass  @bci org/hl7/fhir/validation/instance/InstanceValidator time ()Ljava/lang/String; 10 <appendix> form vmentry <vmtarget> ; # java/lang/invoke/LambdaForm$MH+0x0000000037100000
instanceKlass java/util/Formatter$FormatSpecifierParser
instanceKlass org/hl7/fhir/utilities/DurationUtil
instanceKlass  @bci java/util/regex/Pattern union (Ljava/util/regex/Pattern$CharPredicate;Ljava/util/regex/Pattern$CharPredicate;Z)Ljava/util/regex/Pattern$CharPredicate; 6 <appendix> member <vmtarget> ; # java/util/regex/Pattern$$Lambda+0x800000030
instanceKlass  @bci java/util/regex/Pattern Range (II)Ljava/util/regex/Pattern$CharPredicate; 23 <appendix> member <vmtarget> ; # java/util/regex/Pattern$$Lambda+0x800000028
instanceKlass org/hl7/fhir/utilities/UUIDUtilities
instanceKlass org/hl7/fhir/utilities/IniFile$INIProperty
instanceKlass org/hl7/fhir/utilities/IniFile$INISection
instanceKlass java/lang/Process
instanceKlass java/lang/ProcessBuilder
instanceKlass  @bci org/hl7/fhir/utilities/npm/FilesystemPackageCacheManager prepareCacheFolder ()V 8 <appendix> member <vmtarget> ; # org/hl7/fhir/utilities/npm/FilesystemPackageCacheManager$$Lambda+0x00000000370f77b8
instanceKlass org/hl7/fhir/utilities/npm/FilesystemPackageCacheManager$CacheLockFunction
instanceKlass  @bci org/hl7/fhir/utilities/npm/BasePackageCacheManager <init> (Ljava/util/List;)V 5 <appendix> argL0 ; # org/hl7/fhir/utilities/npm/BasePackageCacheManager$$Lambda+0x00000000370f7368
instanceKlass org/hl7/fhir/utilities/npm/PackageClient
instanceKlass java/util/concurrent/locks/ReentrantReadWriteLock$WriteLock
instanceKlass java/util/concurrent/locks/ReentrantReadWriteLock$ReadLock
instanceKlass java/util/concurrent/locks/ReentrantReadWriteLock
instanceKlass org/hl7/fhir/utilities/npm/FilesystemPackageCacheManagerLocks$CacheLock
instanceKlass  @bci org/hl7/fhir/utilities/npm/FilesystemPackageCacheManagerLocks getFilesystemPackageCacheManagerLocks (Ljava/io/File;)Lorg/hl7/fhir/utilities/npm/FilesystemPackageCacheManagerLocks; 4 <appendix> argL0 ; # org/hl7/fhir/utilities/npm/FilesystemPackageCacheManagerLocks$$Lambda+0x00000000370f6c68
instanceKlass org/hl7/fhir/utilities/npm/FilesystemPackageCacheManagerLocks$LockParameters
instanceKlass java/util/concurrent/locks/ReadWriteLock
instanceKlass org/hl7/fhir/utilities/npm/FilesystemPackageCacheManagerLocks
instanceKlass org/hl7/fhir/utilities/npm/CIBuildClient
instanceKlass  @bci org/hl7/fhir/utilities/npm/PackageServer getConfiguredServers ()Ljava/util/List; 18 <appendix> argL0 ; # org/hl7/fhir/utilities/npm/PackageServer$$Lambda+0x00000000370f5ac8
instanceKlass  @bci org/hl7/fhir/utilities/npm/PackageServer getConfiguredServers ()Ljava/util/List; 8 <appendix> argL0 ; # org/hl7/fhir/utilities/npm/PackageServer$$Lambda+0x00000000370f5870
instanceKlass org/hl7/fhir/utilities/npm/PackageServer
instanceKlass org/hl7/fhir/utilities/npm/FilesystemPackageCacheManager$Builder
instanceKlass org/hl7/fhir/utilities/TimeTracker
instanceKlass org/hl7/fhir/igtools/publisher/SimpleFetcher
instanceKlass org/hl7/fhir/igtools/publisher/IFetchFile
instanceKlass org/hl7/fhir/igtools/publisher/SuppressedMessageInformation
instanceKlass org/hl7/fhir/r5/model/Configuration
instanceKlass org/hl7/fhir/utilities/xhtml/XhtmlFluent
instanceKlass org/hl7/fhir/instance/model/api/IBaseXhtml
instanceKlass sun/util/resources/provider/NonBaseLocaleDataMetaInfo
instanceKlass sun/util/locale/provider/BaseLocaleDataMetaInfo
instanceKlass sun/util/locale/provider/TimeZoneNameUtility$TimeZoneNameGetter
instanceKlass sun/util/locale/provider/TimeZoneNameUtility
instanceKlass java/text/DontCareFieldPosition$1
instanceKlass java/text/Format$FieldDelegate
instanceKlass java/text/StringBufFactory$StringBuilderImpl
instanceKlass java/text/Format$StringBuf
instanceKlass java/text/StringBufFactory
instanceKlass java/text/DigitList
instanceKlass java/text/FieldPosition
instanceKlass java/text/DecimalFormatSymbols
instanceKlass sun/util/resources/LocaleData$LocaleDataResourceBundleProvider
instanceKlass java/util/spi/ResourceBundleProvider
instanceKlass java/text/DateFormatSymbols
instanceKlass java/text/AttributedCharacterIterator$Attribute
instanceKlass java/util/TreeMap$Entry
instanceKlass java/lang/ProcessEnvironment$CheckedEntry
instanceKlass java/lang/ProcessEnvironment$CheckedEntrySet$1
instanceKlass java/util/NavigableMap
instanceKlass java/util/SortedMap
instanceKlass java/lang/ProcessEnvironment$EntryComparator
instanceKlass java/lang/ProcessEnvironment$NameComparator
instanceKlass  @bci org/hl7/fhir/igtools/publisher/Publisher main ([Ljava/lang/String;)V 2025 <appendix> form vmentry <vmtarget> ; # java/lang/invoke/LambdaForm$MH+0x00000000370f0c00
instanceKlass jdk/internal/misc/Blocker
instanceKlass java/util/Arrays$ArrayItr
instanceKlass  @bci org/hl7/fhir/validation/instance/utils/ChildIterator path ()Ljava/lang/String; 166 <appendix> form vmentry <vmtarget> ; # java/lang/invoke/LambdaForm$MH+0x00000000370f0400
instanceKlass java/time/Duration
instanceKlass java/time/temporal/TemporalAmount
instanceKlass org/hl7/fhir/r5/model/InstantType$1
instanceKlass java/util/Date
instanceKlass  @bci org/hl7/fhir/r5/model/BaseDateTimeType getTimeZone (Ljava/lang/String;)Ljava/util/TimeZone; 4 <appendix> argL0 ; # org/hl7/fhir/r5/model/BaseDateTimeType$$Lambda+0x00000000370ece28
instanceKlass  @bci java/util/regex/CharPredicates forUnicodeBlock (Ljava/lang/String;)Ljava/util/regex/Pattern$CharPredicate; 6 <appendix> member <vmtarget> ; # java/util/regex/CharPredicates$$Lambda+0x000000003703e3a8
instanceKlass java/lang/Character$Subset
instanceKlass org/apache/commons/lang3/StringUtils
instanceKlass ca/uhn/fhir/util/VersionUtil
instanceKlass org/hl7/fhir/igtools/publisher/IGVersionUtil
instanceKlass org/hl7/fhir/igtools/publisher/PublisherFields
instanceKlass org/hl7/fhir/igtools/web/PublisherConsoleLogger
instanceKlass com/fasterxml/jackson/core/sym/CharsToNameCanonicalizer$Bucket
instanceKlass com/fasterxml/jackson/core/sym/CharsToNameCanonicalizer$TableInfo
instanceKlass com/fasterxml/jackson/core/sym/CharsToNameCanonicalizer
instanceKlass com/fasterxml/jackson/core/ErrorReportConfiguration
instanceKlass com/fasterxml/jackson/core/StreamWriteConstraints
instanceKlass com/fasterxml/jackson/core/StreamReadConstraints
instanceKlass com/fasterxml/jackson/core/util/RecyclerPool$WithPool
instanceKlass com/fasterxml/jackson/core/util/RecyclerPool$ThreadLocalPoolBase
instanceKlass com/fasterxml/jackson/core/util/RecyclerPool
instanceKlass com/fasterxml/jackson/core/util/JsonRecyclerPools
instanceKlass com/fasterxml/jackson/core/sym/ByteQuadsCanonicalizer$TableInfo
instanceKlass java/util/concurrent/atomic/AtomicReference
instanceKlass com/fasterxml/jackson/core/sym/ByteQuadsCanonicalizer
instanceKlass com/fasterxml/jackson/core/io/CharTypes
instanceKlass com/fasterxml/jackson/core/io/JsonStringEncoder
instanceKlass com/fasterxml/jackson/core/io/SerializedString
instanceKlass com/fasterxml/jackson/core/util/JacksonFeature
instanceKlass com/fasterxml/jackson/core/JsonGenerator
instanceKlass com/fasterxml/jackson/core/async/ByteBufferFeeder
instanceKlass com/fasterxml/jackson/core/async/ByteArrayFeeder
instanceKlass com/fasterxml/jackson/core/async/NonBlockingInputFeeder
instanceKlass com/fasterxml/jackson/core/JsonParser
instanceKlass com/fasterxml/jackson/core/TSFBuilder
instanceKlass com/fasterxml/jackson/core/SerializableString
instanceKlass com/fasterxml/jackson/core/TokenStreamFactory
instanceKlass com/fasterxml/jackson/core/Versioned
instanceKlass org/hl7/fhir/utilities/npm/NpmPackageIndexBuilder
instanceKlass org/hl7/fhir/utilities/npm/NpmPackageIndexBuilder$INpmPackageIndexBuilderDBImpl
instanceKlass org/hl7/fhir/validation/SQLiteINpmPackageIndexBuilderDBImpl$SQLiteINpmPackageIndexBuilderDBImplFactory
instanceKlass org/apache/commons/exec/ExecuteStreamHandler
instanceKlass org/hl7/fhir/r5/formats/JsonCreator
instanceKlass org/hl7/fhir/utilities/xml/IXMLWriter
instanceKlass org/hl7/fhir/r5/elementmodel/ParserBase$ILinkResolver
instanceKlass org/hl7/fhir/instance/model/api/IIdType
instanceKlass org/hl7/fhir/instance/model/api/IBaseOperationOutcome
instanceKlass org/hl7/fhir/r5/utils/sql/Storage
instanceKlass org/hl7/fhir/r5/utils/sql/Provider
instanceKlass org/hl7/fhir/instance/model/api/IBaseCoding
instanceKlass org/hl7/fhir/igtools/renderers/BaseRenderer$ReferenceResolver
instanceKlass org/hl7/fhir/r5/utils/structuremap/ITransformerServices
instanceKlass org/hl7/fhir/instance/model/api/IBaseParameters
instanceKlass org/hl7/fhir/r5/elementmodel/JsonParser$ILogicalModelResolver
instanceKlass org/hl7/fhir/instance/model/api/IBaseBundle
instanceKlass org/hl7/fhir/utilities/i18n/LanguageFileProducer
instanceKlass org/hl7/fhir/instance/model/api/IBaseBinary
instanceKlass org/hl7/fhir/igtools/publisher/realm/RealmBusinessRules
instanceKlass org/hl7/fhir/r5/context/IContextResourceLoader
instanceKlass org/hl7/fhir/convertors/loaders/loaderR5/ILoaderKnowledgeProviderR5
instanceKlass org/hl7/fhir/r5/utils/validation/IValidationPolicyAdvisor
instanceKlass org/hl7/fhir/r5/utils/validation/IValidatorResourceFetcher
instanceKlass org/hl7/fhir/r5/fhirpath/IHostApplicationServices
instanceKlass org/hl7/fhir/r5/fhirpath/FHIRPathFunctionDefinition
instanceKlass org/hl7/fhir/r5/terminologies/client/TerminologyClientManager$ITerminologyClientFactory
instanceKlass org/hl7/fhir/instance/model/api/IBaseBooleanDatatype
instanceKlass org/hl7/fhir/instance/model/api/IBaseExtension
instanceKlass org/hl7/fhir/igtools/publisher/modules/IPublisherModule
instanceKlass org/hl7/fhir/r5/renderers/utils/RenderingContext$ILiquidTemplateProvider
instanceKlass org/hl7/fhir/instance/model/api/IBaseReference
instanceKlass org/hl7/fhir/instance/model/api/ICompositeType
instanceKlass org/hl7/fhir/igtools/publisher/CqlSubSystem$ICqlResourceReader
instanceKlass sun/util/calendar/CalendarDate
instanceKlass sun/util/resources/Bundles$CacheKeyReference
instanceKlass java/util/ResourceBundle$ResourceBundleProviderHelper
instanceKlass  @bci sun/util/cldr/CLDRLocaleProviderAdapter applyAliases (Ljava/util/Locale;)Ljava/util/Locale; 4 <appendix> argL0 ; # sun/util/cldr/CLDRLocaleProviderAdapter$$Lambda+0x80000005a
instanceKlass sun/util/resources/Bundles$CacheKey
instanceKlass java/util/ResourceBundle$1
instanceKlass jdk/internal/access/JavaUtilResourceBundleAccess
instanceKlass sun/util/resources/Bundles
instanceKlass sun/util/resources/LocaleData$LocaleDataStrategy
instanceKlass sun/util/resources/Bundles$Strategy
instanceKlass sun/util/resources/LocaleData
instanceKlass sun/util/locale/provider/LocaleResources
instanceKlass java/util/stream/Node$Builder
instanceKlass java/util/stream/AbstractSpinedBuffer
instanceKlass java/util/stream/Node$OfDouble
instanceKlass java/util/stream/Node$OfLong
instanceKlass java/util/stream/Node$OfInt
instanceKlass java/util/stream/Node$OfPrimitive
instanceKlass java/util/stream/Nodes$EmptyNode
instanceKlass java/util/stream/Node
instanceKlass java/util/stream/Nodes
instanceKlass  @bci sun/util/locale/provider/LocaleProviderAdapter toLocaleArray (Ljava/util/Set;)[Ljava/util/Locale; 21 <appendix> argL0 ; # sun/util/locale/provider/LocaleProviderAdapter$$Lambda+0x80000005d
instanceKlass java/util/function/IntFunction
instanceKlass java/util/stream/DistinctOps
instanceKlass  @bci sun/util/locale/provider/LocaleProviderAdapter toLocaleArray (Ljava/util/Set;)[Ljava/util/Locale; 6 <appendix> argL0 ; # sun/util/locale/provider/LocaleProviderAdapter$$Lambda+0x80000005b
instanceKlass java/util/Spliterators$IteratorSpliterator
instanceKlass  @bci java/util/ResourceBundle$Control getCandidateLocales (Ljava/lang/String;Ljava/util/Locale;)Ljava/util/List; 23 <appendix> argL0 ; # java/util/ResourceBundle$Control$$Lambda+0x80000001d
instanceKlass  @bci java/util/ResourceBundle$Control <clinit> ()V 39 <appendix> argL0 ; # java/util/ResourceBundle$Control$$Lambda+0x80000001e
instanceKlass java/util/ResourceBundle
instanceKlass java/util/ResourceBundle$Control
instanceKlass sun/util/locale/provider/CalendarDataUtility$CalendarWeekParameterGetter
instanceKlass sun/util/locale/provider/LocaleServiceProviderPool$LocalizedObjectGetter
instanceKlass sun/util/locale/provider/LocaleServiceProviderPool
instanceKlass java/util/Locale$Builder
instanceKlass sun/util/locale/provider/CalendarDataUtility
instanceKlass sun/util/calendar/CalendarSystem$GregorianHolder
instanceKlass sun/util/calendar/CalendarSystem
instanceKlass java/util/Calendar$Builder
instanceKlass java/util/regex/IntHashSet
instanceKlass java/util/regex/Matcher
instanceKlass java/util/regex/MatchResult
instanceKlass  @bci java/util/regex/Pattern Single (I)Ljava/util/regex/Pattern$BmpCharPredicate; 1 <appendix> member <vmtarget> ; # java/util/regex/Pattern$$Lambda+0x800000027
instanceKlass sun/util/locale/provider/AvailableLanguageTags
instanceKlass sun/util/resources/cldr/provider/CLDRLocaleDataMetaInfo
instanceKlass jdk/internal/module/ModulePatcher$PatchedModuleReader
instanceKlass java/util/concurrent/CopyOnWriteArrayList$COWIterator
instanceKlass java/util/Locale$LocaleCache
instanceKlass jdk/internal/util/ReferencedKeyMap$1
instanceKlass sun/util/locale/BaseLocale$1InterningCache
instanceKlass sun/util/locale/InternalLocaleBuilder$CaseInsensitiveChar
instanceKlass sun/util/locale/InternalLocaleBuilder
instanceKlass sun/util/locale/StringTokenIterator
instanceKlass java/text/ParsePosition
instanceKlass sun/util/cldr/CLDRBaseLocaleDataMetaInfo
instanceKlass sun/util/locale/provider/LocaleDataMetaInfo
instanceKlass sun/util/locale/provider/ResourceBundleBasedAdapter
instanceKlass java/util/Collections$UnmodifiableCollection$1
instanceKlass sun/util/locale/provider/LocaleProviderAdapter
instanceKlass java/util/spi/LocaleServiceProvider
instanceKlass sun/util/calendar/CalendarUtils
instanceKlass sun/util/calendar/ZoneInfoFile$ZoneOffsetTransitionRule
instanceKlass java/lang/invoke/VarHandle$AccessDescriptor
instanceKlass jdk/internal/util/ByteArray
instanceKlass sun/util/calendar/ZoneInfoFile
instanceKlass java/time/ZoneId
instanceKlass java/util/TimeZone
instanceKlass java/util/Calendar
instanceKlass org/hl7/fhir/igtools/publisher/PublisherSettings
instanceKlass org/hl7/fhir/igtools/publisher/TranslationOverrideArgs
instanceKlass org/hl7/fhir/r5/terminologies/client/TerminologyClientContext
instanceKlass org/hl7/fhir/utilities/http/ServerDetailsPOJOHTTPAuthProvider
instanceKlass  @bci org/hl7/fhir/utilities/settings/FhirSettingsPOJO copy ()Lorg/hl7/fhir/utilities/settings/FhirSettingsPOJO; 49 <appendix> argL0 ; # org/hl7/fhir/utilities/settings/FhirSettingsPOJO$$Lambda+0x00000000370be6a0
instanceKlass org/hl7/fhir/utilities/settings/ServerDetailsPOJO
instanceKlass org/hl7/fhir/utilities/settings/FhirSettingsPOJO$FhirSettingsPOJOBuilder
instanceKlass  @bci org/hl7/fhir/utilities/settings/FhirSettingsPOJO <clinit> ()V 0 <appendix> argL0 ; # org/hl7/fhir/utilities/settings/FhirSettingsPOJO$$Lambda+0x00000000370bded8
instanceKlass org/hl7/fhir/utilities/settings/FhirSettingsPOJO
instanceKlass org/hl7/fhir/utilities/filesystem/ManagedFileAccess$1
instanceKlass org/hl7/fhir/utilities/filesystem/ManagedFileAccess
instanceKlass org/hl7/fhir/utilities/PathBuilder
instanceKlass  @bci java/util/DualPivotQuicksort sort (Ljava/util/DualPivotQuicksort$Sorter;[IIII)V 63 <appendix> argL0 ; # java/util/DualPivotQuicksort$$Lambda+0x000000003703b1f0
instanceKlass  @cpi java/util/DualPivotQuicksort 405 form vmentry <vmtarget> ; # java/lang/invoke/LambdaForm$DMH+0x00000000370b9800
instanceKlass java/util/DualPivotQuicksort$SortOperation
instanceKlass java/util/DualPivotQuicksort
instanceKlass org/hl7/fhir/utilities/Utilities
instanceKlass org/hl7/fhir/utilities/settings/FhirSettings
instanceKlass org/hl7/fhir/utilities/http/IHTTPAuthenticationProvider
instanceKlass org/hl7/fhir/utilities/http/ManagedWebAccess
instanceKlass org/slf4j/helpers/Reporter
instanceKlass  @bci org/hl7/fhir/r5/terminologies/utilities/TerminologyOperationContext note (Ljava/lang/String;)V 20 <adapter> ; # java/lang/invoke/LambdaForm$MH+0x00000000370b9400
instanceKlass  @bci org/hl7/fhir/r5/terminologies/utilities/TerminologyOperationContext note (Ljava/lang/String;)V 20 <appendix> form vmentry <vmtarget> ; # java/lang/invoke/LambdaForm$MH+0x00000000370b9000
# instanceKlass java/lang/invoke/LambdaForm$BMH+0x00000000370b8c00
instanceKlass  @bci org/hl7/fhir/r5/terminologies/utilities/TerminologyOperationContext note (Ljava/lang/String;)V 20 <appendix> form names 6 function resolvedHandle form vmentry <vmtarget> ; # java/lang/invoke/LambdaForm$DMH+0x00000000370b8800
instanceKlass  @bci org/hl7/fhir/r5/terminologies/utilities/TerminologyOperationContext note (Ljava/lang/String;)V 20 <appendix> argL0 form vmentry <vmtarget> ; # java/lang/invoke/LambdaForm$DMH+0x00000000370b8400
instanceKlass ch/qos/logback/core/status/StatusUtil
instanceKlass ch/qos/logback/core/spi/AppenderAttachableImpl
instanceKlass ch/qos/logback/core/util/ReentryGuard$ReentryGuardImpl
instanceKlass ch/qos/logback/core/util/ReentryGuard
instanceKlass ch/qos/logback/core/util/ReentryGuardFactory
# instanceKlass java/lang/invoke/LambdaForm$MH+0x00000000370b5c00
# instanceKlass java/lang/invoke/LambdaForm$MH+0x00000000370b5800
# instanceKlass java/lang/invoke/LambdaForm$MH+0x00000000370b5400
# instanceKlass java/lang/invoke/LambdaForm$BMH+0x00000000370b5000
# instanceKlass java/lang/invoke/LambdaForm$DMH+0x00000000370b4c00
# instanceKlass java/lang/invoke/LambdaForm$MH+0x00000000370b4800
# instanceKlass java/lang/invoke/LambdaForm$DMH+0x00000000370b4400
instanceKlass java/lang/invoke/ClassSpecializer$Factory$1$5$1
instanceKlass java/lang/invoke/ClassSpecializer$Factory$1$5
instanceKlass java/lang/invoke/ClassSpecializer$Factory$1$4
instanceKlass java/lang/invoke/ClassSpecializer$Factory$1$3
instanceKlass java/lang/invoke/ClassSpecializer$Factory$1$2
instanceKlass java/lang/invoke/ClassSpecializer$Factory$1$1Var
instanceKlass java/lang/invoke/ClassSpecializer$Factory$1$1
instanceKlass java/lang/invoke/ClassSpecializer$Factory$1
instanceKlass java/lang/invoke/MethodHandles$1
instanceKlass sun/invoke/util/ValueConversions$1
instanceKlass sun/invoke/util/ValueConversions$WrapperCache
# instanceKlass java/lang/invoke/LambdaForm$DMH+0x00000000370b4000
instanceKlass ch/qos/logback/core/pattern/ConverterUtil
instanceKlass ch/qos/logback/core/pattern/util/RestrictedEscapeUtil
instanceKlass ch/qos/logback/core/pattern/parser/TokenStream
instanceKlass ch/qos/logback/core/pattern/util/RegularEscapeUtil
instanceKlass ch/qos/logback/classic/pattern/EnsureExceptionHandling
instanceKlass  @bci ch/qos/logback/classic/PatternLayout <clinit> ()V 1443 <appendix> argL0 ; # ch/qos/logback/classic/PatternLayout$$Lambda+0x00000000370b25e8
instanceKlass  @bci ch/qos/logback/classic/PatternLayout <clinit> ()V 1408 <appendix> argL0 ; # ch/qos/logback/classic/PatternLayout$$Lambda+0x00000000370b2070
instanceKlass  @bci ch/qos/logback/classic/PatternLayout <clinit> ()V 1391 <appendix> argL0 ; # ch/qos/logback/classic/PatternLayout$$Lambda+0x00000000370b1e48
instanceKlass  @bci ch/qos/logback/classic/PatternLayout <clinit> ()V 1356 <appendix> argL0 ; # ch/qos/logback/classic/PatternLayout$$Lambda+0x00000000370b18f8
instanceKlass  @bci ch/qos/logback/classic/PatternLayout <clinit> ()V 1339 <appendix> argL0 ; # ch/qos/logback/classic/PatternLayout$$Lambda+0x00000000370b13a0
instanceKlass  @bci ch/qos/logback/classic/PatternLayout <clinit> ()V 1322 <appendix> argL0 ; # ch/qos/logback/classic/PatternLayout$$Lambda+0x00000000370b0e28
instanceKlass  @bci ch/qos/logback/classic/PatternLayout <clinit> ()V 1305 <appendix> argL0 ; # ch/qos/logback/classic/PatternLayout$$Lambda+0x00000000370b08b8
instanceKlass  @bci ch/qos/logback/classic/PatternLayout <clinit> ()V 1288 <appendix> argL0 ; # ch/qos/logback/classic/PatternLayout$$Lambda+0x00000000370b0348
instanceKlass  @bci ch/qos/logback/classic/PatternLayout <clinit> ()V 1271 <appendix> argL0 ; # ch/qos/logback/classic/PatternLayout$$Lambda+0x00000000370afb28
instanceKlass  @bci ch/qos/logback/classic/PatternLayout <clinit> ()V 1254 <appendix> argL0 ; # ch/qos/logback/classic/PatternLayout$$Lambda+0x00000000370af5b8
instanceKlass  @bci ch/qos/logback/classic/PatternLayout <clinit> ()V 1237 <appendix> argL0 ; # ch/qos/logback/classic/PatternLayout$$Lambda+0x00000000370af048
instanceKlass  @bci ch/qos/logback/classic/PatternLayout <clinit> ()V 1220 <appendix> argL0 ; # ch/qos/logback/classic/PatternLayout$$Lambda+0x00000000370aead8
instanceKlass  @bci ch/qos/logback/classic/PatternLayout <clinit> ()V 1204 <appendix> argL0 ; # ch/qos/logback/classic/PatternLayout$$Lambda+0x00000000370ae568
instanceKlass  @bci ch/qos/logback/classic/PatternLayout <clinit> ()V 1188 <appendix> argL0 ; # ch/qos/logback/classic/PatternLayout$$Lambda+0x00000000370adff8
instanceKlass  @bci ch/qos/logback/classic/PatternLayout <clinit> ()V 1172 <appendix> argL0 ; # ch/qos/logback/classic/PatternLayout$$Lambda+0x00000000370ada88
instanceKlass  @bci ch/qos/logback/classic/PatternLayout <clinit> ()V 1156 <appendix> argL0 ; # ch/qos/logback/classic/PatternLayout$$Lambda+0x00000000370ad518
instanceKlass  @bci ch/qos/logback/classic/PatternLayout <clinit> ()V 1140 <appendix> argL0 ; # ch/qos/logback/classic/PatternLayout$$Lambda+0x00000000370acfa8
instanceKlass  @bci ch/qos/logback/classic/PatternLayout <clinit> ()V 1124 <appendix> argL0 ; # ch/qos/logback/classic/PatternLayout$$Lambda+0x00000000370aca38
instanceKlass  @bci ch/qos/logback/classic/PatternLayout <clinit> ()V 1108 <appendix> argL0 ; # ch/qos/logback/classic/PatternLayout$$Lambda+0x00000000370ac4c8
instanceKlass  @bci ch/qos/logback/classic/PatternLayout <clinit> ()V 1092 <appendix> argL0 ; # ch/qos/logback/classic/PatternLayout$$Lambda+0x00000000370abf58
instanceKlass  @bci ch/qos/logback/classic/PatternLayout <clinit> ()V 1076 <appendix> argL0 ; # ch/qos/logback/classic/PatternLayout$$Lambda+0x00000000370ab9e8
instanceKlass  @bci ch/qos/logback/classic/PatternLayout <clinit> ()V 1060 <appendix> argL0 ; # ch/qos/logback/classic/PatternLayout$$Lambda+0x00000000370ab130
instanceKlass  @bci ch/qos/logback/classic/PatternLayout <clinit> ()V 1044 <appendix> argL0 ; # ch/qos/logback/classic/PatternLayout$$Lambda+0x00000000370aabe0
instanceKlass  @bci ch/qos/logback/classic/PatternLayout <clinit> ()V 1012 <appendix> argL0 ; # ch/qos/logback/classic/PatternLayout$$Lambda+0x00000000370aa690
instanceKlass  @bci ch/qos/logback/classic/PatternLayout <clinit> ()V 980 <appendix> argL0 ; # ch/qos/logback/classic/PatternLayout$$Lambda+0x00000000370aa130
instanceKlass  @bci ch/qos/logback/classic/PatternLayout <clinit> ()V 948 <appendix> argL0 ; # ch/qos/logback/classic/PatternLayout$$Lambda+0x00000000370a9bd8
instanceKlass  @bci ch/qos/logback/classic/PatternLayout <clinit> ()V 916 <appendix> argL0 ; # ch/qos/logback/classic/PatternLayout$$Lambda+0x00000000370a9688
instanceKlass  @bci ch/qos/logback/classic/PatternLayout <clinit> ()V 884 <appendix> argL0 ; # ch/qos/logback/classic/PatternLayout$$Lambda+0x00000000370a9120
instanceKlass  @bci ch/qos/logback/classic/PatternLayout <clinit> ()V 868 <appendix> argL0 ; # ch/qos/logback/classic/PatternLayout$$Lambda+0x00000000370a8ef8
instanceKlass  @bci ch/qos/logback/classic/PatternLayout <clinit> ()V 852 <appendix> argL0 ; # ch/qos/logback/classic/PatternLayout$$Lambda+0x00000000370a89a8
instanceKlass  @bci ch/qos/logback/classic/PatternLayout <clinit> ()V 836 <appendix> argL0 ; # ch/qos/logback/classic/PatternLayout$$Lambda+0x00000000370a8780
instanceKlass  @bci ch/qos/logback/classic/PatternLayout <clinit> ()V 820 <appendix> argL0 ; # ch/qos/logback/classic/PatternLayout$$Lambda+0x00000000370a8228
instanceKlass  @bci ch/qos/logback/classic/PatternLayout <clinit> ()V 804 <appendix> argL0 ; # ch/qos/logback/classic/PatternLayout$$Lambda+0x00000000370a8000
instanceKlass  @bci ch/qos/logback/classic/PatternLayout <clinit> ()V 788 <appendix> argL0 ; # ch/qos/logback/classic/PatternLayout$$Lambda+0x00000000370a7cf8
instanceKlass  @bci ch/qos/logback/classic/PatternLayout <clinit> ()V 772 <appendix> argL0 ; # ch/qos/logback/classic/PatternLayout$$Lambda+0x00000000370a7ad0
instanceKlass  @bci ch/qos/logback/classic/PatternLayout <clinit> ()V 756 <appendix> argL0 ; # ch/qos/logback/classic/PatternLayout$$Lambda+0x00000000370a78a8
instanceKlass  @bci ch/qos/logback/classic/PatternLayout <clinit> ()V 740 <appendix> argL0 ; # ch/qos/logback/classic/PatternLayout$$Lambda+0x00000000370a7680
instanceKlass  @bci ch/qos/logback/classic/PatternLayout <clinit> ()V 724 <appendix> argL0 ; # ch/qos/logback/classic/PatternLayout$$Lambda+0x00000000370a6da0
instanceKlass  @bci ch/qos/logback/classic/PatternLayout <clinit> ()V 708 <appendix> argL0 ; # ch/qos/logback/classic/PatternLayout$$Lambda+0x00000000370a6b78
instanceKlass  @bci ch/qos/logback/classic/PatternLayout <clinit> ()V 692 <appendix> argL0 ; # ch/qos/logback/classic/PatternLayout$$Lambda+0x00000000370a6070
instanceKlass  @bci ch/qos/logback/classic/PatternLayout <clinit> ()V 676 <appendix> argL0 ; # ch/qos/logback/classic/PatternLayout$$Lambda+0x00000000370a5e48
instanceKlass  @bci ch/qos/logback/classic/PatternLayout <clinit> ()V 644 <appendix> argL0 ; # ch/qos/logback/classic/PatternLayout$$Lambda+0x00000000370a58e8
instanceKlass  @bci ch/qos/logback/classic/PatternLayout <clinit> ()V 628 <appendix> argL0 ; # ch/qos/logback/classic/PatternLayout$$Lambda+0x00000000370a56c0
instanceKlass  @bci ch/qos/logback/classic/PatternLayout <clinit> ()V 596 <appendix> argL0 ; # ch/qos/logback/classic/PatternLayout$$Lambda+0x00000000370a5170
instanceKlass  @bci ch/qos/logback/classic/PatternLayout <clinit> ()V 580 <appendix> argL0 ; # ch/qos/logback/classic/PatternLayout$$Lambda+0x00000000370a4f48
instanceKlass  @bci ch/qos/logback/classic/PatternLayout <clinit> ()V 548 <appendix> argL0 ; # ch/qos/logback/classic/PatternLayout$$Lambda+0x00000000370a49f8
instanceKlass  @bci ch/qos/logback/classic/PatternLayout <clinit> ()V 532 <appendix> argL0 ; # ch/qos/logback/classic/PatternLayout$$Lambda+0x00000000370a47d0
instanceKlass  @bci ch/qos/logback/classic/PatternLayout <clinit> ()V 500 <appendix> argL0 ; # ch/qos/logback/classic/PatternLayout$$Lambda+0x00000000370a4280
instanceKlass  @bci ch/qos/logback/classic/PatternLayout <clinit> ()V 484 <appendix> argL0 ; # ch/qos/logback/classic/PatternLayout$$Lambda+0x00000000370a4058
instanceKlass  @bci ch/qos/logback/classic/PatternLayout <clinit> ()V 452 <appendix> argL0 ; # ch/qos/logback/classic/PatternLayout$$Lambda+0x00000000370a3ae8
instanceKlass  @bci ch/qos/logback/classic/PatternLayout <clinit> ()V 436 <appendix> argL0 ; # ch/qos/logback/classic/PatternLayout$$Lambda+0x00000000370a38c0
instanceKlass  @bci ch/qos/logback/classic/PatternLayout <clinit> ()V 420 <appendix> argL0 ; # ch/qos/logback/classic/PatternLayout$$Lambda+0x00000000370a3698
instanceKlass  @bci ch/qos/logback/classic/PatternLayout <clinit> ()V 388 <appendix> argL0 ; # ch/qos/logback/classic/PatternLayout$$Lambda+0x00000000370a3148
instanceKlass  @bci ch/qos/logback/classic/PatternLayout <clinit> ()V 372 <appendix> argL0 ; # ch/qos/logback/classic/PatternLayout$$Lambda+0x00000000370a2f20
instanceKlass  @bci ch/qos/logback/classic/PatternLayout <clinit> ()V 356 <appendix> argL0 ; # ch/qos/logback/classic/PatternLayout$$Lambda+0x00000000370a2cf8
instanceKlass ch/qos/logback/classic/pattern/Abbreviator
instanceKlass  @bci ch/qos/logback/classic/PatternLayout <clinit> ()V 324 <appendix> argL0 ; # ch/qos/logback/classic/PatternLayout$$Lambda+0x00000000370a2238
instanceKlass  @bci ch/qos/logback/classic/PatternLayout <clinit> ()V 308 <appendix> argL0 ; # ch/qos/logback/classic/PatternLayout$$Lambda+0x00000000370a2010
instanceKlass  @bci ch/qos/logback/classic/PatternLayout <clinit> ()V 276 <appendix> argL0 ; # ch/qos/logback/classic/PatternLayout$$Lambda+0x00000000370a1ac0
instanceKlass  @bci ch/qos/logback/classic/PatternLayout <clinit> ()V 260 <appendix> argL0 ; # ch/qos/logback/classic/PatternLayout$$Lambda+0x00000000370a1898
instanceKlass  @bci ch/qos/logback/classic/PatternLayout <clinit> ()V 244 <appendix> argL0 ; # ch/qos/logback/classic/PatternLayout$$Lambda+0x00000000370a1670
instanceKlass  @bci ch/qos/logback/classic/PatternLayout <clinit> ()V 212 <appendix> argL0 ; # ch/qos/logback/classic/PatternLayout$$Lambda+0x00000000370a1120
instanceKlass  @bci ch/qos/logback/classic/PatternLayout <clinit> ()V 196 <appendix> argL0 ; # ch/qos/logback/classic/PatternLayout$$Lambda+0x00000000370a0ef8
instanceKlass  @bci ch/qos/logback/classic/PatternLayout <clinit> ()V 164 <appendix> argL0 ; # ch/qos/logback/classic/PatternLayout$$Lambda+0x00000000370a09a0
instanceKlass  @bci ch/qos/logback/classic/PatternLayout <clinit> ()V 148 <appendix> argL0 ; # ch/qos/logback/classic/PatternLayout$$Lambda+0x00000000370a0778
instanceKlass  @bci ch/qos/logback/classic/PatternLayout <clinit> ()V 116 <appendix> argL0 ; # ch/qos/logback/classic/PatternLayout$$Lambda+0x00000000370a0228
instanceKlass  @bci ch/qos/logback/classic/PatternLayout <clinit> ()V 100 <appendix> argL0 ; # ch/qos/logback/classic/PatternLayout$$Lambda+0x00000000370a0000
instanceKlass  @bci ch/qos/logback/classic/PatternLayout <clinit> ()V 68 <appendix> argL0 ; # ch/qos/logback/classic/PatternLayout$$Lambda+0x000000003709da28
instanceKlass  @bci ch/qos/logback/classic/PatternLayout <clinit> ()V 52 <appendix> argL0 ; # ch/qos/logback/classic/PatternLayout$$Lambda+0x000000003709d800
instanceKlass  @bci ch/qos/logback/core/pattern/parser/Parser <clinit> ()V 38 <appendix> argL0 ; # ch/qos/logback/core/pattern/parser/Parser$$Lambda+0x000000003709f588
instanceKlass  @bci ch/qos/logback/core/pattern/parser/Parser <clinit> ()V 22 <appendix> argL0 ; # ch/qos/logback/core/pattern/parser/Parser$$Lambda+0x000000003709f020
instanceKlass ch/qos/logback/core/pattern/Converter
instanceKlass ch/qos/logback/core/pattern/parser/Token
instanceKlass ch/qos/logback/core/pattern/parser/Node
instanceKlass ch/qos/logback/core/pattern/util/IEscapeUtil
instanceKlass ch/qos/logback/core/pattern/PostCompileProcessor
# instanceKlass java/lang/invoke/LambdaForm$MH+0x000000003709d400
# instanceKlass java/lang/invoke/LambdaForm$MH+0x000000003709d000
# instanceKlass java/lang/invoke/LambdaForm$MH+0x000000003709cc00
instanceKlass ch/qos/logback/core/joran/spi/NoAutoStart
instanceKlass ch/qos/logback/core/joran/spi/NoAutoStartUtil
# instanceKlass java/lang/invoke/LambdaForm$MH+0x000000003709c800
# instanceKlass java/lang/invoke/LambdaForm$MH+0x000000003709c400
# instanceKlass java/lang/invoke/LambdaForm$MH+0x000000003709c000
instanceKlass  @bci java/lang/ClassLoader definePackage (Ljava/lang/String;Ljava/lang/Module;)Ljava/lang/Package; 73 <appendix> member <vmtarget> ; # java/lang/ClassLoader$$Lambda+0x0000000037038568
instanceKlass  @bci jdk/internal/loader/BootLoader$PackageHelper findModule (Ljava/lang/String;)Ljava/lang/Module; 90 <appendix> member <vmtarget> ; # jdk/internal/loader/BootLoader$PackageHelper$$Lambda+0x0000000037038338
instanceKlass jdk/internal/loader/BootLoader$PackageHelper
instanceKlass ch/qos/logback/core/joran/util/PropertySetter$1
instanceKlass ch/qos/logback/core/model/processor/ImplicitModelHandler$1
instanceKlass ch/qos/logback/core/joran/util/AggregationAssessor$1
instanceKlass  @bci java/util/stream/Collectors joining (Ljava/lang/CharSequence;Ljava/lang/CharSequence;Ljava/lang/CharSequence;)Ljava/util/stream/Collector; 22 <appendix> argL0 ; # java/util/stream/Collectors$$Lambda+0x800000043
instanceKlass  @bci java/util/stream/Collectors joining (Ljava/lang/CharSequence;Ljava/lang/CharSequence;Ljava/lang/CharSequence;)Ljava/util/stream/Collector; 17 <appendix> argL0 ; # java/util/stream/Collectors$$Lambda+0x800000041
instanceKlass  @bci java/util/stream/Collectors joining (Ljava/lang/CharSequence;Ljava/lang/CharSequence;Ljava/lang/CharSequence;)Ljava/util/stream/Collector; 12 <appendix> argL0 ; # java/util/stream/Collectors$$Lambda+0x80000003e
instanceKlass  @bci java/util/stream/Collectors joining (Ljava/lang/CharSequence;Ljava/lang/CharSequence;Ljava/lang/CharSequence;)Ljava/util/stream/Collector; 7 <appendix> member <vmtarget> ; # java/util/stream/Collectors$$Lambda+0x800000046
instanceKlass  @bci java/lang/Class methodToString (Ljava/lang/String;[Ljava/lang/Class;)Ljava/lang/String; 42 <appendix> argL0 ; # java/lang/Class$$Lambda+0x0000000037037ee0
instanceKlass ch/qos/logback/core/joran/util/StringToObjectConverter
instanceKlass ch/qos/logback/core/util/StringUtil
instanceKlass ch/qos/logback/core/joran/util/beans/BeanDescription
instanceKlass ch/qos/logback/core/joran/util/beans/BeanUtil
instanceKlass ch/qos/logback/core/util/SimpleTimeBasedGuard
instanceKlass java/lang/invoke/VarForm
instanceKlass java/lang/invoke/VarHandleGuards
instanceKlass java/lang/invoke/VarHandles
instanceKlass jdk/internal/invoke/MhUtil
instanceKlass java/util/concurrent/atomic/AtomicBoolean
instanceKlass ch/qos/logback/core/util/COWArrayList
instanceKlass ch/qos/logback/core/spi/FilterAttachableImpl
instanceKlass ch/qos/logback/classic/util/LoggerNameUtil
instanceKlass  @bci ch/qos/logback/core/model/processor/DefaultProcessor process (Lch/qos/logback/core/model/Model;)V 32 <appendix> member <vmtarget> ; # ch/qos/logback/core/model/processor/DefaultProcessor$$Lambda+0x0000000037093118
instanceKlass  @cpi ch/qos/logback/core/model/processor/DefaultProcessor 402 form vmentry <vmtarget> ; # java/lang/invoke/LambdaForm$DMH+0x0000000037090800
instanceKlass ch/qos/logback/core/model/processor/DefaultProcessor$TraverseMethod
instanceKlass ch/qos/logback/core/model/processor/DependencyDefinition
instanceKlass ch/qos/logback/core/subst/NodeToStringTransformer$1
instanceKlass ch/qos/logback/core/subst/Node
instanceKlass ch/qos/logback/core/subst/Parser$1
instanceKlass ch/qos/logback/core/subst/Parser
instanceKlass ch/qos/logback/core/subst/Token
instanceKlass ch/qos/logback/core/subst/Tokenizer
instanceKlass ch/qos/logback/core/subst/NodeToStringTransformer
instanceKlass  @bci ch/qos/logback/core/model/processor/AppenderRefDependencyAnalyser collectAllAppenderRefModels (Ljava/util/List;Lch/qos/logback/core/model/Model;)V 29 <appendix> member <vmtarget> ; # ch/qos/logback/core/model/processor/AppenderRefDependencyAnalyser$$Lambda+0x0000000037096020
instanceKlass ch/qos/logback/core/status/NopStatusListener
instanceKlass java/util/regex/Pattern$TreeInfo
instanceKlass  @bci java/util/regex/Pattern SingleI (II)Ljava/util/regex/Pattern$BmpCharPredicate; 2 <appendix> member <vmtarget> ; # java/util/regex/Pattern$$Lambda+0x0000000037037068
instanceKlass java/util/regex/ASCII
instanceKlass  @bci java/util/regex/CharPredicates ASCII_SPACE ()Ljava/util/regex/Pattern$BmpCharPredicate; 0 <appendix> argL0 ; # java/util/regex/CharPredicates$$Lambda+0x800000025
instanceKlass java/util/regex/CharPredicates
instanceKlass  @bci java/util/regex/Pattern DOT ()Ljava/util/regex/Pattern$CharPredicate; 0 <appendix> argL0 ; # java/util/regex/Pattern$$Lambda+0x0000000037036bc8
instanceKlass  @bci java/util/regex/Pattern CIRange (II)Ljava/util/regex/Pattern$CharPredicate; 2 <appendix> member <vmtarget> ; # java/util/regex/Pattern$$Lambda+0x0000000037036760
instanceKlass java/util/regex/Pattern$BitClass
instanceKlass java/util/regex/Pattern$BmpCharPredicate
instanceKlass java/util/regex/Pattern$CharPredicate
instanceKlass java/util/regex/Pattern$Node
instanceKlass java/util/regex/Pattern
instanceKlass ch/qos/logback/core/util/Duration
instanceKlass ch/qos/logback/core/model/processor/ChainedModelFilter$1
instanceKlass ch/qos/logback/core/model/processor/AllowAllModelFilter
instanceKlass ch/qos/logback/core/model/processor/DenyAllModelFilter
instanceKlass  @bci ch/qos/logback/classic/joran/ModelClassToModelHandlerLinker link (Lch/qos/logback/core/model/processor/DefaultProcessor;)V 166 <appendix> member <vmtarget> ; # ch/qos/logback/classic/joran/ModelClassToModelHandlerLinker$$Lambda+0x0000000037094230
instanceKlass  @bci ch/qos/logback/classic/joran/ModelClassToModelHandlerLinker link (Lch/qos/logback/core/model/processor/DefaultProcessor;)V 154 <appendix> member <vmtarget> ; # ch/qos/logback/classic/joran/ModelClassToModelHandlerLinker$$Lambda+0x0000000037094000
instanceKlass  @bci ch/qos/logback/classic/joran/ModelClassToModelHandlerLinker link (Lch/qos/logback/core/model/processor/DefaultProcessor;)V 142 <appendix> member <vmtarget> ; # ch/qos/logback/classic/joran/ModelClassToModelHandlerLinker$$Lambda+0x000000003708fd90
instanceKlass  @bci ch/qos/logback/classic/joran/ModelClassToModelHandlerLinker link (Lch/qos/logback/core/model/processor/DefaultProcessor;)V 130 <appendix> member <vmtarget> ; # ch/qos/logback/classic/joran/ModelClassToModelHandlerLinker$$Lambda+0x000000003708fb60
instanceKlass  @bci ch/qos/logback/core/model/processor/DefaultProcessor addAnalyser (Ljava/lang/Class;Ljava/util/function/Supplier;)V 5 <appendix> argL0 ; # ch/qos/logback/core/model/processor/DefaultProcessor$$Lambda+0x000000003708f918
instanceKlass  @bci ch/qos/logback/classic/joran/ModelClassToModelHandlerLinker link (Lch/qos/logback/core/model/processor/DefaultProcessor;)V 118 <appendix> member <vmtarget> ; # ch/qos/logback/classic/joran/ModelClassToModelHandlerLinker$$Lambda+0x000000003708f6e8
instanceKlass  @bci ch/qos/logback/classic/joran/ModelClassToModelHandlerLinker link (Lch/qos/logback/core/model/processor/DefaultProcessor;)V 106 <appendix> argL0 ; # ch/qos/logback/classic/joran/ModelClassToModelHandlerLinker$$Lambda+0x000000003708f4c0
instanceKlass  @bci ch/qos/logback/classic/joran/ModelClassToModelHandlerLinker link (Lch/qos/logback/core/model/processor/DefaultProcessor;)V 95 <appendix> argL0 ; # ch/qos/logback/classic/joran/ModelClassToModelHandlerLinker$$Lambda+0x000000003708ecf0
instanceKlass  @bci ch/qos/logback/classic/joran/ModelClassToModelHandlerLinker link (Lch/qos/logback/core/model/processor/DefaultProcessor;)V 84 <appendix> argL0 ; # ch/qos/logback/classic/joran/ModelClassToModelHandlerLinker$$Lambda+0x000000003708e7e0
instanceKlass  @bci ch/qos/logback/classic/joran/ModelClassToModelHandlerLinker link (Lch/qos/logback/core/model/processor/DefaultProcessor;)V 73 <appendix> argL0 ; # ch/qos/logback/classic/joran/ModelClassToModelHandlerLinker$$Lambda+0x000000003708e2d0
# instanceKlass java/lang/invoke/LambdaForm$MH+0x0000000037090400
instanceKlass jdk/internal/classfile/impl/StackMapDecoder$1
instanceKlass jdk/internal/classfile/impl/StackMapDecoder
instanceKlass jdk/internal/classfile/impl/StackCounter
instanceKlass  @bci java/lang/reflect/ProxyGenerator lambda$generateLookupAccessor$0 (Ljava/lang/classfile/MethodBuilder;)V 30 <appendix> member <vmtarget> ; # java/lang/reflect/ProxyGenerator$$Lambda+0x0000000037035228
instanceKlass  @bci java/lang/reflect/ProxyGenerator generateLookupAccessor (Ljava/lang/classfile/ClassBuilder;)V 10 <appendix> member <vmtarget> ; # java/lang/reflect/ProxyGenerator$$Lambda+0x0000000037034fe8
instanceKlass java/lang/classfile/constantpool/StringEntry
instanceKlass java/lang/classfile/constantpool/ConstantValueEntry
instanceKlass  @bci java/lang/reflect/ProxyGenerator generateStaticInitializer (Ljava/lang/classfile/ClassBuilder;)V 10 <appendix> member <vmtarget> ; # java/lang/reflect/ProxyGenerator$$Lambda+0x0000000037034640
instanceKlass java/lang/classfile/attribute/StackMapTableAttribute
instanceKlass java/lang/classfile/attribute/StackMapFrameInfo
instanceKlass java/lang/classfile/instruction/ExceptionCatch
instanceKlass  @bci java/lang/reflect/ProxyGenerator$ProxyMethod lambda$generateMethod$0 (Ljava/lang/classfile/MethodBuilder;)V 30 <appendix> member <vmtarget> ; # java/lang/reflect/ProxyGenerator$ProxyMethod$$Lambda+0x00000000370338d0
instanceKlass java/lang/classfile/attribute/ExceptionsAttribute
instanceKlass  @bci java/lang/reflect/ProxyGenerator$ProxyMethod generateMethod (Ljava/lang/classfile/ClassBuilder;)V 42 <appendix> member <vmtarget> ; # java/lang/reflect/ProxyGenerator$ProxyMethod$$Lambda+0x0000000037032f68
instanceKlass  @bci java/lang/reflect/ProxyGenerator generateConstructor (Ljava/lang/classfile/ClassBuilder;)V 8 <appendix> member <vmtarget> ; # java/lang/reflect/ProxyGenerator$$Lambda+0x0000000037032d28
instanceKlass  @bci java/lang/reflect/ProxyGenerator generateClassFile ()[B 197 <appendix> member <vmtarget> ; # java/lang/reflect/ProxyGenerator$$Lambda+0x0000000037032ae8
instanceKlass  @cpi net/sf/saxon/expr/sort/DocumentOrderIterator 120 form vmentry <vmtarget> ; # java/lang/invoke/LambdaForm$DMH+0x0000000037090000
instanceKlass  @bci java/lang/reflect/ProxyGenerator proxyMethodsFor (Ljava/lang/String;)Ljava/util/List; 5 <appendix> argL0 ; # java/lang/reflect/ProxyGenerator$$Lambda+0x00000000370328a0
instanceKlass java/lang/reflect/ProxyGenerator$ProxyMethod
instanceKlass java/lang/classfile/attribute/StackMapFrameInfo$ObjectVerificationTypeInfo
instanceKlass java/lang/classfile/attribute/StackMapFrameInfo$VerificationTypeInfo
instanceKlass java/util/StringJoiner
instanceKlass java/lang/classfile/ClassFile$Option
instanceKlass java/lang/reflect/ProxyGenerator
instanceKlass  @bci java/lang/WeakPairMap computeIfAbsent (Ljava/lang/Object;Ljava/lang/Object;Ljava/util/function/BiFunction;)Ljava/lang/Object; 18 <appendix> member <vmtarget> ; # java/lang/WeakPairMap$$Lambda+0x00000000370319a0
instanceKlass  @bci java/lang/Module implAddExportsOrOpens (Ljava/lang/String;Ljava/lang/Module;ZZ)V 151 <appendix> argL0 ; # java/lang/Module$$Lambda+0x0000000037031768
instanceKlass  @bci java/lang/module/ModuleDescriptor$Builder packages (Ljava/util/Set;)Ljava/lang/module/ModuleDescriptor$Builder; 17 <appendix> argL0 ; # java/lang/module/ModuleDescriptor$Builder$$Lambda+0x80000000e
instanceKlass java/lang/WeakPairMap$Pair$Lookup
instanceKlass java/lang/WeakPairMap$Pair
instanceKlass java/lang/WeakPairMap
instanceKlass java/lang/Module$ReflectionData
instanceKlass jdk/internal/module/Checks
instanceKlass java/lang/module/ModuleDescriptor$Builder
instanceKlass  @bci java/lang/reflect/Proxy$ProxyBuilder getDynamicModule (Ljava/lang/ClassLoader;)Ljava/lang/Module; 4 <appendix> argL0 ; # java/lang/reflect/Proxy$ProxyBuilder$$Lambda+0x0000000037030dd8
instanceKlass java/lang/PublicMethods
instanceKlass java/util/Collections$1
instanceKlass java/lang/reflect/Proxy$ProxyBuilder
instanceKlass  @bci java/lang/reflect/Proxy getProxyConstructor (Ljava/lang/ClassLoader;[Ljava/lang/Class;)Ljava/lang/reflect/Constructor; 18 <appendix> argL0 ; # java/lang/reflect/Proxy$$Lambda+0x000000003702fad8
instanceKlass java/lang/ClassValue$Identity
instanceKlass java/lang/ClassValue$Entry
instanceKlass java/lang/ClassValue
instanceKlass java/lang/reflect/Proxy
instanceKlass sun/reflect/annotation/AnnotationInvocationHandler
instanceKlass java/lang/reflect/InvocationHandler
instanceKlass java/lang/annotation/Target
instanceKlass java/lang/annotation/Inherited
instanceKlass java/lang/annotation/Retention
instanceKlass sun/reflect/annotation/ExceptionProxy
instanceKlass sun/reflect/annotation/AnnotationType
instanceKlass java/lang/reflect/GenericArrayType
instanceKlass sun/reflect/generics/visitor/Reifier
instanceKlass sun/reflect/generics/visitor/TypeTreeVisitor
instanceKlass sun/reflect/generics/factory/CoreReflectionFactory
instanceKlass sun/reflect/generics/factory/GenericsFactory
instanceKlass sun/reflect/generics/scope/AbstractScope
instanceKlass sun/reflect/generics/scope/Scope
instanceKlass sun/reflect/generics/tree/ClassTypeSignature
instanceKlass sun/reflect/generics/tree/SimpleClassTypeSignature
instanceKlass sun/reflect/generics/tree/FieldTypeSignature
instanceKlass sun/reflect/generics/tree/BaseType
instanceKlass sun/reflect/generics/tree/TypeSignature
instanceKlass sun/reflect/generics/tree/ReturnType
instanceKlass sun/reflect/generics/tree/TypeArgument
instanceKlass sun/reflect/generics/tree/TypeTree
instanceKlass sun/reflect/generics/tree/Tree
instanceKlass sun/reflect/generics/parser/SignatureParser
instanceKlass  @bci ch/qos/logback/classic/joran/ModelClassToModelHandlerLinker link (Lch/qos/logback/core/model/processor/DefaultProcessor;)V 62 <appendix> argL0 ; # ch/qos/logback/classic/joran/ModelClassToModelHandlerLinker$$Lambda+0x000000003708db58
instanceKlass  @bci ch/qos/logback/classic/joran/ModelClassToModelHandlerLinker link (Lch/qos/logback/core/model/processor/DefaultProcessor;)V 51 <appendix> argL0 ; # ch/qos/logback/classic/joran/ModelClassToModelHandlerLinker$$Lambda+0x000000003708d648
instanceKlass  @bci ch/qos/logback/classic/joran/ModelClassToModelHandlerLinker link (Lch/qos/logback/core/model/processor/DefaultProcessor;)V 40 <appendix> argL0 ; # ch/qos/logback/classic/joran/ModelClassToModelHandlerLinker$$Lambda+0x000000003708ce50
instanceKlass  @bci ch/qos/logback/classic/joran/ModelClassToModelHandlerLinker link (Lch/qos/logback/core/model/processor/DefaultProcessor;)V 29 <appendix> argL0 ; # ch/qos/logback/classic/joran/ModelClassToModelHandlerLinker$$Lambda+0x000000003708c5f8
instanceKlass  @bci ch/qos/logback/classic/joran/ModelClassToModelHandlerLinker link (Lch/qos/logback/core/model/processor/DefaultProcessor;)V 18 <appendix> argL0 ; # ch/qos/logback/classic/joran/ModelClassToModelHandlerLinker$$Lambda+0x000000003708be20
instanceKlass  @bci ch/qos/logback/core/joran/ModelClassToModelHandlerLinkerBase link (Lch/qos/logback/core/model/processor/DefaultProcessor;)V 190 <appendix> argL0 ; # ch/qos/logback/core/joran/ModelClassToModelHandlerLinkerBase$$Lambda+0x000000003708b628
instanceKlass ch/qos/logback/core/sift/AppenderFactory
instanceKlass  @bci ch/qos/logback/core/joran/ModelClassToModelHandlerLinkerBase link (Lch/qos/logback/core/model/processor/DefaultProcessor;)V 179 <appendix> argL0 ; # ch/qos/logback/core/joran/ModelClassToModelHandlerLinkerBase$$Lambda+0x000000003708af10
instanceKlass  @bci ch/qos/logback/core/joran/ModelClassToModelHandlerLinkerBase link (Lch/qos/logback/core/model/processor/DefaultProcessor;)V 168 <appendix> argL0 ; # ch/qos/logback/core/joran/ModelClassToModelHandlerLinkerBase$$Lambda+0x000000003708aa00
instanceKlass  @bci ch/qos/logback/core/joran/ModelClassToModelHandlerLinkerBase link (Lch/qos/logback/core/model/processor/DefaultProcessor;)V 157 <appendix> argL0 ; # ch/qos/logback/core/joran/ModelClassToModelHandlerLinkerBase$$Lambda+0x000000003708a4f0
instanceKlass  @bci ch/qos/logback/core/joran/ModelClassToModelHandlerLinkerBase link (Lch/qos/logback/core/model/processor/DefaultProcessor;)V 146 <appendix> argL0 ; # ch/qos/logback/core/joran/ModelClassToModelHandlerLinkerBase$$Lambda+0x0000000037089fe0
instanceKlass  @bci ch/qos/logback/core/joran/ModelClassToModelHandlerLinkerBase link (Lch/qos/logback/core/model/processor/DefaultProcessor;)V 135 <appendix> argL0 ; # ch/qos/logback/core/joran/ModelClassToModelHandlerLinkerBase$$Lambda+0x0000000037089ad0
instanceKlass ch/qos/logback/core/joran/action/ImplicitModelData
instanceKlass  @bci ch/qos/logback/core/joran/ModelClassToModelHandlerLinkerBase link (Lch/qos/logback/core/model/processor/DefaultProcessor;)V 124 <appendix> argL0 ; # ch/qos/logback/core/joran/ModelClassToModelHandlerLinkerBase$$Lambda+0x0000000037088f30
instanceKlass  @bci ch/qos/logback/core/joran/ModelClassToModelHandlerLinkerBase link (Lch/qos/logback/core/model/processor/DefaultProcessor;)V 113 <appendix> argL0 ; # ch/qos/logback/core/joran/ModelClassToModelHandlerLinkerBase$$Lambda+0x0000000037088a20
instanceKlass  @bci ch/qos/logback/core/joran/ModelClassToModelHandlerLinkerBase link (Lch/qos/logback/core/model/processor/DefaultProcessor;)V 102 <appendix> argL0 ; # ch/qos/logback/core/joran/ModelClassToModelHandlerLinkerBase$$Lambda+0x0000000037088510
instanceKlass  @bci ch/qos/logback/core/joran/ModelClassToModelHandlerLinkerBase link (Lch/qos/logback/core/model/processor/DefaultProcessor;)V 91 <appendix> argL0 ; # ch/qos/logback/core/joran/ModelClassToModelHandlerLinkerBase$$Lambda+0x0000000037088000
instanceKlass  @bci ch/qos/logback/core/joran/ModelClassToModelHandlerLinkerBase link (Lch/qos/logback/core/model/processor/DefaultProcessor;)V 80 <appendix> argL0 ; # ch/qos/logback/core/joran/ModelClassToModelHandlerLinkerBase$$Lambda+0x0000000037084b38
instanceKlass  @bci ch/qos/logback/core/joran/ModelClassToModelHandlerLinkerBase link (Lch/qos/logback/core/model/processor/DefaultProcessor;)V 69 <appendix> argL0 ; # ch/qos/logback/core/joran/ModelClassToModelHandlerLinkerBase$$Lambda+0x00000000370852e8
instanceKlass  @bci ch/qos/logback/core/joran/ModelClassToModelHandlerLinkerBase link (Lch/qos/logback/core/model/processor/DefaultProcessor;)V 58 <appendix> argL0 ; # ch/qos/logback/core/joran/ModelClassToModelHandlerLinkerBase$$Lambda+0x0000000037087b68
instanceKlass  @bci ch/qos/logback/core/joran/ModelClassToModelHandlerLinkerBase link (Lch/qos/logback/core/model/processor/DefaultProcessor;)V 47 <appendix> argL0 ; # ch/qos/logback/core/joran/ModelClassToModelHandlerLinkerBase$$Lambda+0x0000000037087658
instanceKlass  @bci ch/qos/logback/core/joran/ModelClassToModelHandlerLinkerBase link (Lch/qos/logback/core/model/processor/DefaultProcessor;)V 36 <appendix> argL0 ; # ch/qos/logback/core/joran/ModelClassToModelHandlerLinkerBase$$Lambda+0x0000000037087148
instanceKlass java/time/temporal/TemporalAccessor
instanceKlass  @bci ch/qos/logback/core/joran/ModelClassToModelHandlerLinkerBase link (Lch/qos/logback/core/model/processor/DefaultProcessor;)V 25 <appendix> argL0 ; # ch/qos/logback/core/joran/ModelClassToModelHandlerLinkerBase$$Lambda+0x0000000037086c38
instanceKlass  @bci ch/qos/logback/core/joran/ModelClassToModelHandlerLinkerBase link (Lch/qos/logback/core/model/processor/DefaultProcessor;)V 14 <appendix> argL0 ; # ch/qos/logback/core/joran/ModelClassToModelHandlerLinkerBase$$Lambda+0x0000000037086728
instanceKlass ch/qos/logback/core/hook/ShutdownHook
instanceKlass ch/qos/logback/core/model/processor/AllowModelFilter
instanceKlass ch/qos/logback/core/model/processor/DefaultProcessor$1
instanceKlass java/util/Collections$EmptyIterator
instanceKlass java/lang/Class$AnnotationData
instanceKlass ch/qos/logback/core/model/processor/PhaseIndicator
instanceKlass  @bci ch/qos/logback/core/joran/ModelClassToModelHandlerLinkerBase link (Lch/qos/logback/core/model/processor/DefaultProcessor;)V 3 <appendix> argL0 ; # ch/qos/logback/core/joran/ModelClassToModelHandlerLinkerBase$$Lambda+0x00000000370833f0
instanceKlass  @bci ch/qos/logback/classic/joran/JoranConfigurator addModelHandlerAssociations (Lch/qos/logback/core/model/processor/DefaultProcessor;)V 13 <appendix> argL0 ; # ch/qos/logback/classic/joran/JoranConfigurator$$Lambda+0x0000000037082ed8
instanceKlass  @cpi net/sf/saxon/resource/JSONResource 148 form vmentry <vmtarget> ; # java/lang/invoke/LambdaForm$DMH+0x0000000037084000
instanceKlass ch/qos/logback/core/model/ModelHandlerFactoryMethod
instanceKlass ch/qos/logback/core/joran/ModelClassToModelHandlerLinkerBase
instanceKlass ch/qos/logback/core/model/processor/ChainedModelFilter
instanceKlass ch/qos/logback/core/model/processor/ModelFilter
instanceKlass  @bci ch/qos/logback/classic/joran/JoranConfigurator buildModelInterpretationContext ()V 9 <appendix> member <vmtarget> ; # ch/qos/logback/classic/joran/JoranConfigurator$$Lambda+0x0000000037080ad0
instanceKlass ch/qos/logback/core/net/ssl/SSLComponent
instanceKlass ch/qos/logback/core/net/ssl/SSLNestedComponentRegistryRules
instanceKlass ch/qos/logback/core/boolex/EventEvaluator
instanceKlass ch/qos/logback/core/joran/spi/HostClassAndPropertyDouble
instanceKlass ch/qos/logback/core/Appender
instanceKlass ch/qos/logback/core/spi/FilterAttachable
instanceKlass ch/qos/logback/core/net/ssl/SecureRandomFactoryBean
instanceKlass ch/qos/logback/core/net/ssl/TrustManagerFactoryFactoryBean
instanceKlass ch/qos/logback/core/net/ssl/KeyManagerFactoryFactoryBean
instanceKlass ch/qos/logback/core/net/ssl/KeyStoreFactoryBean
instanceKlass ch/qos/logback/core/net/ssl/SSLContextFactoryBean
instanceKlass ch/qos/logback/core/Layout
instanceKlass ch/qos/logback/core/encoder/Encoder
instanceKlass ch/qos/logback/core/joran/util/ParentTag_Tag_Class_Tuple
instanceKlass ch/qos/logback/classic/model/processor/LogbackClassicDefaultNestedComponentRules
instanceKlass ch/qos/logback/core/joran/spi/DefaultNestedComponentRegistry
instanceKlass ch/qos/logback/core/spi/ContextAwarePropertyContainer
instanceKlass java/util/stream/Sink$ChainedReference
instanceKlass  @bci java/util/stream/Collectors toList ()Ljava/util/stream/Collector; 14 <appendix> argL0 ; # java/util/stream/Collectors$$Lambda+0x000000003702a760
instanceKlass  @bci java/util/stream/Collectors toList ()Ljava/util/stream/Collector; 9 <appendix> argL0 ; # java/util/stream/Collectors$$Lambda+0x000000003702a528
instanceKlass  @bci java/util/stream/Collectors toList ()Ljava/util/stream/Collector; 4 <appendix> argL0 ; # java/util/stream/Collectors$$Lambda+0x000000003702a300
instanceKlass  @bci ch/qos/logback/core/joran/sanity/AppenderWithinAppenderSanityChecker check (Lch/qos/logback/core/model/Model;)V 36 <appendix> member <vmtarget> ; # ch/qos/logback/core/joran/sanity/AppenderWithinAppenderSanityChecker$$Lambda+0x000000003707c9a0
instanceKlass ch/qos/logback/core/joran/sanity/Pair
instanceKlass  @bci ch/qos/logback/core/joran/sanity/SanityChecker deepFindNestedSubModelsOfType (Ljava/lang/Class;Ljava/util/List;)Ljava/util/List; 76 <appendix> member <vmtarget> ; # ch/qos/logback/core/joran/sanity/SanityChecker$$Lambda+0x000000003707c548
instanceKlass  @cpi org/apache/tools/ant/types/AbstractFileSet 500 form vmentry <vmtarget> ; # java/lang/invoke/LambdaForm$DMH+0x0000000037078c00
instanceKlass  @bci ch/qos/logback/core/joran/sanity/SanityChecker deepFindNestedSubModelsOfType (Ljava/lang/Class;Ljava/util/List;)Ljava/util/List; 61 <appendix> member <vmtarget> ; # ch/qos/logback/core/joran/sanity/SanityChecker$$Lambda+0x000000003707c308
instanceKlass  @cpi ch/qos/logback/core/joran/sanity/SanityChecker 107 form vmentry <vmtarget> ; # java/lang/invoke/LambdaForm$DMH+0x0000000037078800
instanceKlass ch/qos/logback/core/joran/JoranConstants
instanceKlass  @bci java/util/stream/MatchOps makeRef (Ljava/util/function/Predicate;Ljava/util/stream/MatchOps$MatchKind;)Ljava/util/stream/TerminalOp; 20 <appendix> member <vmtarget> ; # java/util/stream/MatchOps$$Lambda+0x800000004
instanceKlass java/util/stream/MatchOps$BooleanTerminalSink
instanceKlass java/util/stream/MatchOps$MatchOp
instanceKlass java/util/stream/MatchOps
instanceKlass  @bci ch/qos/logback/core/joran/spi/SimpleRuleStore removeTransparentPathParts (Lch/qos/logback/core/joran/spi/ElementPath;)Lch/qos/logback/core/joran/spi/ElementPath; 54 <appendix> member <vmtarget> ; # ch/qos/logback/core/joran/spi/SimpleRuleStore$$Lambda+0x0000000037077760
instanceKlass java/util/function/Predicate
instanceKlass java/util/ArrayList$ArrayListSpliterator
instanceKlass  @bci org/hl7/fhir/r5/terminologies/validation/ValueSetValidator validateCode (Ljava/lang/String;Lorg/hl7/fhir/r5/model/CodeableConcept;)Lorg/hl7/fhir/r5/terminologies/utilities/ValidationResult; 566 <appendix> form vmentry <vmtarget> ; # java/lang/invoke/LambdaForm$MH+0x0000000037078400
instanceKlass  @bci ch/qos/logback/core/joran/JoranConfiguratorBase setImplicitRuleSupplier (Lch/qos/logback/core/joran/spi/SaxEventInterpreter;)V 1 <appendix> argL0 ; # ch/qos/logback/core/joran/JoranConfiguratorBase$$Lambda+0x0000000037076960
instanceKlass ch/qos/logback/core/joran/spi/EventPlayer
instanceKlass ch/qos/logback/core/joran/spi/SaxEventInterpreter
instanceKlass  @bci ch/qos/logback/classic/joran/JoranConfigurator addElementSelectorAndActionAssociations (Lch/qos/logback/core/joran/spi/RuleStore;)V 255 <appendix> argL0 ; # ch/qos/logback/classic/joran/JoranConfigurator$$Lambda+0x0000000037075138
instanceKlass  @bci ch/qos/logback/classic/joran/JoranConfigurator addElementSelectorAndActionAssociations (Lch/qos/logback/core/joran/spi/RuleStore;)V 235 <appendix> argL0 ; # ch/qos/logback/classic/joran/JoranConfigurator$$Lambda+0x0000000037074f10
instanceKlass  @bci ch/qos/logback/classic/joran/JoranConfigurator addElementSelectorAndActionAssociations (Lch/qos/logback/core/joran/spi/RuleStore;)V 215 <appendix> argL0 ; # ch/qos/logback/classic/joran/JoranConfigurator$$Lambda+0x0000000037074ce8
instanceKlass  @bci ch/qos/logback/classic/joran/JoranConfigurator addElementSelectorAndActionAssociations (Lch/qos/logback/core/joran/spi/RuleStore;)V 195 <appendix> argL0 ; # ch/qos/logback/classic/joran/JoranConfigurator$$Lambda+0x0000000037074ac0
instanceKlass  @bci ch/qos/logback/classic/joran/JoranConfigurator addElementSelectorAndActionAssociations (Lch/qos/logback/core/joran/spi/RuleStore;)V 175 <appendix> argL0 ; # ch/qos/logback/classic/joran/JoranConfigurator$$Lambda+0x0000000037074898
instanceKlass  @bci ch/qos/logback/classic/joran/JoranConfigurator addElementSelectorAndActionAssociations (Lch/qos/logback/core/joran/spi/RuleStore;)V 155 <appendix> argL0 ; # ch/qos/logback/classic/joran/JoranConfigurator$$Lambda+0x0000000037074670
instanceKlass  @bci ch/qos/logback/classic/joran/JoranConfigurator addElementSelectorAndActionAssociations (Lch/qos/logback/core/joran/spi/RuleStore;)V 135 <appendix> argL0 ; # ch/qos/logback/classic/joran/JoranConfigurator$$Lambda+0x0000000037074448
instanceKlass  @bci ch/qos/logback/classic/joran/JoranConfigurator addElementSelectorAndActionAssociations (Lch/qos/logback/core/joran/spi/RuleStore;)V 115 <appendix> argL0 ; # ch/qos/logback/classic/joran/JoranConfigurator$$Lambda+0x0000000037074220
instanceKlass  @bci ch/qos/logback/classic/joran/JoranConfigurator addElementSelectorAndActionAssociations (Lch/qos/logback/core/joran/spi/RuleStore;)V 95 <appendix> argL0 ; # ch/qos/logback/classic/joran/JoranConfigurator$$Lambda+0x0000000037073ff8
instanceKlass  @bci ch/qos/logback/classic/joran/JoranConfigurator addElementSelectorAndActionAssociations (Lch/qos/logback/core/joran/spi/RuleStore;)V 75 <appendix> argL0 ; # ch/qos/logback/classic/joran/JoranConfigurator$$Lambda+0x0000000037073dd0
instanceKlass  @bci ch/qos/logback/classic/joran/JoranConfigurator addElementSelectorAndActionAssociations (Lch/qos/logback/core/joran/spi/RuleStore;)V 55 <appendix> argL0 ; # ch/qos/logback/classic/joran/JoranConfigurator$$Lambda+0x0000000037073ba8
instanceKlass  @bci ch/qos/logback/classic/joran/JoranConfigurator addElementSelectorAndActionAssociations (Lch/qos/logback/core/joran/spi/RuleStore;)V 35 <appendix> argL0 ; # ch/qos/logback/classic/joran/JoranConfigurator$$Lambda+0x0000000037073980
instanceKlass  @bci ch/qos/logback/classic/joran/JoranConfigurator addElementSelectorAndActionAssociations (Lch/qos/logback/core/joran/spi/RuleStore;)V 15 <appendix> argL0 ; # ch/qos/logback/classic/joran/JoranConfigurator$$Lambda+0x0000000037073758
instanceKlass  @bci ch/qos/logback/core/joran/JoranConfiguratorBase addElementSelectorAndActionAssociations (Lch/qos/logback/core/joran/spi/RuleStore;)V 454 <appendix> argL0 ; # ch/qos/logback/core/joran/JoranConfiguratorBase$$Lambda+0x0000000037073530
instanceKlass  @bci ch/qos/logback/core/joran/JoranConfiguratorBase addElementSelectorAndActionAssociations (Lch/qos/logback/core/joran/spi/RuleStore;)V 426 <appendix> argL0 ; # ch/qos/logback/core/joran/JoranConfiguratorBase$$Lambda+0x0000000037072d48
instanceKlass  @bci ch/qos/logback/core/joran/JoranConfiguratorBase addElementSelectorAndActionAssociations (Lch/qos/logback/core/joran/spi/RuleStore;)V 398 <appendix> argL0 ; # ch/qos/logback/core/joran/JoranConfiguratorBase$$Lambda+0x0000000037072560
instanceKlass  @bci ch/qos/logback/core/joran/JoranConfiguratorBase addElementSelectorAndActionAssociations (Lch/qos/logback/core/joran/spi/RuleStore;)V 370 <appendix> argL0 ; # ch/qos/logback/core/joran/JoranConfiguratorBase$$Lambda+0x0000000037071d78
instanceKlass  @bci ch/qos/logback/core/joran/JoranConfiguratorBase addElementSelectorAndActionAssociations (Lch/qos/logback/core/joran/spi/RuleStore;)V 350 <appendix> argL0 ; # ch/qos/logback/core/joran/JoranConfiguratorBase$$Lambda+0x0000000037071560
instanceKlass  @bci ch/qos/logback/core/joran/JoranConfiguratorBase addElementSelectorAndActionAssociations (Lch/qos/logback/core/joran/spi/RuleStore;)V 330 <appendix> argL0 ; # ch/qos/logback/core/joran/JoranConfiguratorBase$$Lambda+0x0000000037070d60
instanceKlass  @bci ch/qos/logback/core/joran/JoranConfiguratorBase addElementSelectorAndActionAssociations (Lch/qos/logback/core/joran/spi/RuleStore;)V 310 <appendix> argL0 ; # ch/qos/logback/core/joran/JoranConfiguratorBase$$Lambda+0x0000000037070530
instanceKlass  @bci ch/qos/logback/core/joran/JoranConfiguratorBase addElementSelectorAndActionAssociations (Lch/qos/logback/core/joran/spi/RuleStore;)V 290 <appendix> argL0 ; # ch/qos/logback/core/joran/JoranConfiguratorBase$$Lambda+0x0000000037070000
instanceKlass  @bci ch/qos/logback/core/joran/JoranConfiguratorBase addElementSelectorAndActionAssociations (Lch/qos/logback/core/joran/spi/RuleStore;)V 270 <appendix> argL0 ; # ch/qos/logback/core/joran/JoranConfiguratorBase$$Lambda+0x000000003706fae0
instanceKlass  @bci ch/qos/logback/core/joran/JoranConfiguratorBase addElementSelectorAndActionAssociations (Lch/qos/logback/core/joran/spi/RuleStore;)V 250 <appendix> argL0 ; # ch/qos/logback/core/joran/JoranConfiguratorBase$$Lambda+0x000000003706f2a8
instanceKlass  @bci ch/qos/logback/core/joran/JoranConfiguratorBase addElementSelectorAndActionAssociations (Lch/qos/logback/core/joran/spi/RuleStore;)V 230 <appendix> argL0 ; # ch/qos/logback/core/joran/JoranConfiguratorBase$$Lambda+0x000000003706eaa0
instanceKlass  @bci ch/qos/logback/core/joran/JoranConfiguratorBase addElementSelectorAndActionAssociations (Lch/qos/logback/core/joran/spi/RuleStore;)V 210 <appendix> argL0 ; # ch/qos/logback/core/joran/JoranConfiguratorBase$$Lambda+0x000000003706e280
instanceKlass  @bci ch/qos/logback/core/joran/JoranConfiguratorBase addElementSelectorAndActionAssociations (Lch/qos/logback/core/joran/spi/RuleStore;)V 190 <appendix> argL0 ; # ch/qos/logback/core/joran/JoranConfiguratorBase$$Lambda+0x000000003706dd58
instanceKlass  @bci ch/qos/logback/core/joran/JoranConfiguratorBase addElementSelectorAndActionAssociations (Lch/qos/logback/core/joran/spi/RuleStore;)V 170 <appendix> argL0 ; # ch/qos/logback/core/joran/JoranConfiguratorBase$$Lambda+0x000000003706d520
instanceKlass  @bci ch/qos/logback/core/joran/JoranConfiguratorBase addElementSelectorAndActionAssociations (Lch/qos/logback/core/joran/spi/RuleStore;)V 150 <appendix> argL0 ; # ch/qos/logback/core/joran/JoranConfiguratorBase$$Lambda+0x000000003706c9e0
instanceKlass  @bci ch/qos/logback/core/joran/JoranConfiguratorBase addElementSelectorAndActionAssociations (Lch/qos/logback/core/joran/spi/RuleStore;)V 130 <appendix> argL0 ; # ch/qos/logback/core/joran/JoranConfiguratorBase$$Lambda+0x000000003706c1e8
instanceKlass  @bci ch/qos/logback/core/joran/JoranConfiguratorBase addElementSelectorAndActionAssociations (Lch/qos/logback/core/joran/spi/RuleStore;)V 110 <appendix> argL0 ; # ch/qos/logback/core/joran/JoranConfiguratorBase$$Lambda+0x000000003706b9e8
instanceKlass  @bci ch/qos/logback/core/joran/JoranConfiguratorBase addElementSelectorAndActionAssociations (Lch/qos/logback/core/joran/spi/RuleStore;)V 90 <appendix> argL0 ; # ch/qos/logback/core/joran/JoranConfiguratorBase$$Lambda+0x000000003706af28
instanceKlass  @bci ch/qos/logback/core/joran/JoranConfiguratorBase addElementSelectorAndActionAssociations (Lch/qos/logback/core/joran/spi/RuleStore;)V 70 <appendix> argL0 ; # ch/qos/logback/core/joran/JoranConfiguratorBase$$Lambda+0x000000003706a6c8
instanceKlass  @bci ch/qos/logback/core/joran/JoranConfiguratorBase addElementSelectorAndActionAssociations (Lch/qos/logback/core/joran/spi/RuleStore;)V 50 <appendix> argL0 ; # ch/qos/logback/core/joran/JoranConfiguratorBase$$Lambda+0x0000000037069ed0
instanceKlass  @bci ch/qos/logback/core/joran/JoranConfiguratorBase addElementSelectorAndActionAssociations (Lch/qos/logback/core/joran/spi/RuleStore;)V 30 <appendix> argL0 ; # ch/qos/logback/core/joran/JoranConfiguratorBase$$Lambda+0x0000000037069ca8
instanceKlass  @bci ch/qos/logback/core/joran/JoranConfiguratorBase addElementSelectorAndActionAssociations (Lch/qos/logback/core/joran/spi/RuleStore;)V 10 <appendix> argL0 ; # ch/qos/logback/core/joran/JoranConfiguratorBase$$Lambda+0x0000000037069a80
instanceKlass ch/qos/logback/core/model/INamedModel
instanceKlass ch/qos/logback/core/model/Model
instanceKlass org/xml/sax/helpers/AttributesImpl
instanceKlass org/xml/sax/helpers/LocatorImpl
instanceKlass ch/qos/logback/core/joran/event/SaxEvent
instanceKlass com/sun/org/apache/xerces/internal/impl/Constants$ArrayEnumeration
instanceKlass com/sun/org/apache/xerces/internal/impl/Constants
instanceKlass com/sun/org/apache/xerces/internal/util/XMLChar
instanceKlass com/sun/org/apache/xerces/internal/parsers/AbstractSAXParser$LocatorProxy
instanceKlass org/xml/sax/ext/Locator2
instanceKlass org/xml/sax/Locator
instanceKlass com/sun/org/apache/xerces/internal/util/XMLSymbols
instanceKlass com/sun/xml/internal/stream/Entity
instanceKlass com/sun/xml/internal/stream/util/BufferAllocator
instanceKlass com/sun/xml/internal/stream/util/ThreadLocalBufferAllocator
instanceKlass com/sun/org/apache/xerces/internal/impl/XMLEntityManager$EncodingInfo
instanceKlass com/sun/org/apache/xerces/internal/util/URI
instanceKlass jdk/xml/internal/XMLLimitAnalyzer
instanceKlass com/sun/org/apache/xerces/internal/xni/parser/XMLInputSource
instanceKlass com/sun/org/apache/xerces/internal/util/ErrorHandlerWrapper
instanceKlass com/sun/org/apache/xerces/internal/xni/parser/XMLErrorHandler
instanceKlass com/sun/org/apache/xerces/internal/impl/ExternalSubsetResolver
instanceKlass com/sun/org/apache/xerces/internal/util/EntityResolverWrapper
instanceKlass org/xml/sax/ext/EntityResolver2
instanceKlass com/sun/org/apache/xerces/internal/parsers/AbstractSAXParser$AttributesProxy
instanceKlass org/xml/sax/ext/Attributes2
instanceKlass org/xml/sax/Attributes
instanceKlass org/xml/sax/AttributeList
instanceKlass com/sun/org/apache/xerces/internal/util/FeatureState
instanceKlass com/sun/org/apache/xerces/internal/util/PropertyState
instanceKlass com/sun/org/apache/xerces/internal/impl/msg/XMLMessageFormatter
instanceKlass com/sun/org/apache/xerces/internal/util/MessageFormatter
instanceKlass com/sun/org/apache/xerces/internal/impl/XMLVersionDetector
instanceKlass com/sun/org/apache/xerces/internal/impl/validation/ValidationManager
instanceKlass com/sun/org/apache/xerces/internal/impl/dv/dtd/NMTOKENDatatypeValidator
instanceKlass com/sun/org/apache/xerces/internal/impl/dv/dtd/NOTATIONDatatypeValidator
instanceKlass com/sun/org/apache/xerces/internal/impl/dv/dtd/ENTITYDatatypeValidator
instanceKlass com/sun/org/apache/xerces/internal/impl/dv/dtd/ListDatatypeValidator
instanceKlass com/sun/org/apache/xerces/internal/impl/dv/dtd/IDREFDatatypeValidator
instanceKlass com/sun/org/apache/xerces/internal/impl/dv/dtd/IDDatatypeValidator
instanceKlass com/sun/org/apache/xerces/internal/impl/dv/dtd/StringDatatypeValidator
instanceKlass com/sun/org/apache/xerces/internal/impl/dv/DatatypeValidator
instanceKlass com/sun/org/apache/xerces/internal/impl/dv/DTDDVFactory
instanceKlass com/sun/org/apache/xerces/internal/impl/dtd/DTDGrammarBucket
instanceKlass com/sun/org/apache/xerces/internal/impl/dtd/XMLAttributeDecl
instanceKlass com/sun/org/apache/xerces/internal/impl/dtd/XMLSimpleType
instanceKlass com/sun/org/apache/xerces/internal/impl/dtd/XMLElementDecl
instanceKlass com/sun/org/apache/xerces/internal/impl/validation/ValidationState
instanceKlass com/sun/org/apache/xerces/internal/impl/dv/ValidationContext
instanceKlass com/sun/org/apache/xerces/internal/impl/dtd/XMLDTDValidator
instanceKlass com/sun/org/apache/xerces/internal/impl/RevalidationHandler
instanceKlass com/sun/org/apache/xerces/internal/impl/dtd/XMLDTDValidatorFilter
instanceKlass com/sun/org/apache/xerces/internal/xni/parser/XMLDocumentFilter
instanceKlass com/sun/org/apache/xerces/internal/impl/dtd/XMLEntityDecl
instanceKlass com/sun/org/apache/xerces/internal/impl/dtd/XMLDTDProcessor
instanceKlass com/sun/org/apache/xerces/internal/xni/parser/XMLDTDContentModelFilter
instanceKlass com/sun/org/apache/xerces/internal/xni/parser/XMLDTDFilter
instanceKlass com/sun/org/apache/xerces/internal/xni/parser/XMLDTDScanner
instanceKlass com/sun/org/apache/xerces/internal/xni/parser/XMLDTDContentModelSource
instanceKlass com/sun/org/apache/xerces/internal/xni/parser/XMLDTDSource
instanceKlass com/sun/org/apache/xerces/internal/xni/grammars/XMLDTDDescription
instanceKlass com/sun/org/apache/xerces/internal/xni/grammars/XMLGrammarDescription
instanceKlass com/sun/org/apache/xerces/internal/impl/XMLDocumentScannerImpl$TrailingMiscDriver
instanceKlass com/sun/org/apache/xerces/internal/impl/XMLDocumentScannerImpl$PrologDriver
instanceKlass com/sun/org/apache/xerces/internal/impl/XMLDocumentScannerImpl$XMLDeclDriver
instanceKlass com/sun/org/apache/xerces/internal/util/NamespaceSupport
instanceKlass com/sun/org/apache/xerces/internal/xni/NamespaceContext
instanceKlass com/sun/org/apache/xerces/internal/util/XMLAttributesImpl$Attribute
instanceKlass com/sun/org/apache/xerces/internal/util/XMLAttributesImpl
instanceKlass com/sun/org/apache/xerces/internal/xni/XMLAttributes
instanceKlass com/sun/org/apache/xerces/internal/impl/XMLDocumentFragmentScannerImpl$FragmentContentDriver
instanceKlass com/sun/org/apache/xerces/internal/impl/XMLDocumentFragmentScannerImpl$Driver
instanceKlass com/sun/org/apache/xerces/internal/impl/XMLDocumentFragmentScannerImpl$ElementStack2
instanceKlass com/sun/org/apache/xerces/internal/xni/QName
instanceKlass com/sun/org/apache/xerces/internal/impl/XMLDocumentFragmentScannerImpl$ElementStack
instanceKlass com/sun/org/apache/xerces/internal/xni/XMLString
instanceKlass com/sun/org/apache/xerces/internal/impl/XMLScanner
instanceKlass com/sun/xml/internal/stream/XMLBufferListener
instanceKlass com/sun/org/apache/xerces/internal/impl/XMLEntityHandler
instanceKlass com/sun/org/apache/xerces/internal/xni/parser/XMLDocumentScanner
instanceKlass com/sun/org/apache/xerces/internal/xni/parser/XMLDocumentSource
instanceKlass com/sun/org/apache/xerces/internal/impl/XMLErrorReporter
instanceKlass com/sun/org/apache/xerces/internal/impl/XMLEntityScanner
instanceKlass com/sun/org/apache/xerces/internal/xni/XMLLocator
instanceKlass com/sun/xml/internal/stream/XMLEntityStorage
instanceKlass com/sun/org/apache/xerces/internal/util/AugmentationsImpl$AugmentationsItemsContainer
instanceKlass com/sun/org/apache/xerces/internal/util/AugmentationsImpl
instanceKlass com/sun/org/apache/xerces/internal/xni/Augmentations
instanceKlass com/sun/org/apache/xerces/internal/util/XMLResourceIdentifierImpl
instanceKlass com/sun/org/apache/xerces/internal/xni/XMLResourceIdentifier
instanceKlass com/sun/org/apache/xerces/internal/impl/XMLEntityManager
instanceKlass com/sun/org/apache/xerces/internal/xni/parser/XMLEntityResolver
instanceKlass com/sun/org/apache/xerces/internal/xni/parser/XMLComponent
instanceKlass com/sun/org/apache/xerces/internal/util/SymbolTable$Entry
instanceKlass com/sun/org/apache/xerces/internal/util/SymbolTable
instanceKlass jdk/xml/internal/JdkConstants
instanceKlass  @bci javax/xml/catalog/CatalogFeatures setProperties (Ljavax/xml/catalog/CatalogFeatures$Builder;)V 5 <appendix> member <vmtarget> ; # javax/xml/catalog/CatalogFeatures$$Lambda+0x0000000037016120
instanceKlass javax/xml/catalog/CatalogMessages
instanceKlass javax/xml/catalog/Util
instanceKlass javax/xml/catalog/CatalogFeatures$Builder
instanceKlass javax/xml/catalog/CatalogFeatures
instanceKlass jdk/xml/internal/JdkXmlUtils
instanceKlass com/sun/org/apache/xerces/internal/util/ParserConfigurationSettings
instanceKlass com/sun/org/apache/xerces/internal/parsers/XML11Configurable
instanceKlass com/sun/org/apache/xerces/internal/xni/parser/XMLPullParserConfiguration
instanceKlass com/sun/org/apache/xerces/internal/xni/parser/XMLParserConfiguration
instanceKlass com/sun/org/apache/xerces/internal/xni/parser/XMLComponentManager
instanceKlass com/sun/org/apache/xerces/internal/parsers/XMLParser
instanceKlass com/sun/org/apache/xerces/internal/xni/XMLDTDContentModelHandler
instanceKlass com/sun/org/apache/xerces/internal/xni/XMLDTDHandler
instanceKlass com/sun/org/apache/xerces/internal/xni/XMLDocumentHandler
instanceKlass org/xml/sax/XMLReader
instanceKlass org/xml/sax/Parser
instanceKlass javax/xml/parsers/SAXParser
instanceKlass com/sun/org/apache/xerces/internal/xs/PSVIProvider
instanceKlass com/sun/org/apache/xerces/internal/jaxp/JAXPConstants
instanceKlass  @bci javax/xml/parsers/FactoryFinder newInstance (Ljava/lang/Class;Ljava/lang/String;Ljava/lang/ClassLoader;ZZ)Ljava/lang/Object; 80 <appendix> member <vmtarget> ; # javax/xml/parsers/FactoryFinder$$Lambda+0x0000000037010700
instanceKlass  @bci javax/xml/parsers/FactoryFinder find (Ljava/lang/Class;Ljava/lang/String;)Ljava/lang/Object; 93 <appendix> member <vmtarget> ; # javax/xml/parsers/FactoryFinder$$Lambda+0x0000000037010260
instanceKlass jdk/xml/internal/JdkXmlFeatures
instanceKlass jdk/xml/internal/FeaturePropertyBase
instanceKlass java/util/Collections$UnmodifiableMap$UnmodifiableEntrySet$UnmodifiableEntry
instanceKlass  @bci java/util/Collections$UnmodifiableMap$UnmodifiableEntrySet entryConsumer (Ljava/util/function/Consumer;)Ljava/util/function/Consumer; 1 <appendix> member <vmtarget> ; # java/util/Collections$UnmodifiableMap$UnmodifiableEntrySet$$Lambda+0x000000003700d828
instanceKlass java/util/stream/ReduceOps$AccumulatingSink
instanceKlass java/util/stream/TerminalSink
instanceKlass java/util/stream/Sink
instanceKlass java/util/stream/ReduceOps$Box
instanceKlass java/util/stream/ReduceOps$ReduceOp
instanceKlass java/util/stream/TerminalOp
instanceKlass java/util/stream/ReduceOps
instanceKlass  @bci java/util/stream/Collectors castingIdentity ()Ljava/util/function/Function; 0 <appendix> argL0 ; # java/util/stream/Collectors$$Lambda+0x800000042
instanceKlass  @bci java/util/stream/Collectors uniqKeysMapMerger ()Ljava/util/function/BinaryOperator; 0 <appendix> argL0 ; # java/util/stream/Collectors$$Lambda+0x000000003700d5d8
instanceKlass java/util/function/BinaryOperator
instanceKlass  @bci java/util/stream/Collectors uniqKeysMapAccumulator (Ljava/util/function/Function;Ljava/util/function/Function;)Ljava/util/function/BiConsumer; 2 <appendix> member <vmtarget> ; # java/util/stream/Collectors$$Lambda+0x000000003700d398
instanceKlass java/util/function/BiConsumer
instanceKlass  @bci java/util/stream/Collectors toMap (Ljava/util/function/Function;Ljava/util/function/Function;)Ljava/util/stream/Collector; 4 <appendix> argL0 ; # java/util/stream/Collectors$$Lambda+0x000000003700d170
instanceKlass java/util/stream/Collector
instanceKlass java/util/stream/Collectors
instanceKlass  @bci jdk/xml/internal/XMLSecurityManager$StringMapper <init> (Ljava/util/Map;)V 30 <appendix> argL0 ; # jdk/xml/internal/XMLSecurityManager$StringMapper$$Lambda+0x000000003700cd28
instanceKlass  @bci jdk/xml/internal/XMLSecurityManager$StringMapper <init> (Ljava/util/Map;)V 25 <appendix> argL0 ; # jdk/xml/internal/XMLSecurityManager$StringMapper$$Lambda+0x000000003700cae0
instanceKlass java/lang/classfile/constantpool/InterfaceMethodRefEntry
instanceKlass  @cpi java/util/ResourceBundle$ResourceBundleControlProviderHolder 109 form vmentry <vmtarget> ; # java/lang/invoke/LambdaForm$DMH+0x0000000037064c00
instanceKlass java/util/HashMap$HashMapSpliterator
instanceKlass java/util/Collections$UnmodifiableMap$UnmodifiableEntrySet$UnmodifiableEntrySetSpliterator
instanceKlass java/util/Collections$UnmodifiableCollection
instanceKlass jdk/xml/internal/XMLSecurityManager$ValueMapper
instanceKlass jdk/xml/internal/XMLSecurityManager
instanceKlass java/io/FileInputStream$1
instanceKlass java/net/URI$Parser
instanceKlass java/nio/file/FileSystems$DefaultFileSystemHolder
instanceKlass java/nio/file/FileSystems
instanceKlass java/nio/file/Paths
instanceKlass jdk/xml/internal/JdkXmlConfig
instanceKlass jdk/xml/internal/SecuritySupport
instanceKlass  @bci javax/xml/parsers/FactoryFinder find (Ljava/lang/Class;Ljava/lang/String;)Ljava/lang/Object; 6 <appendix> member <vmtarget> ; # javax/xml/parsers/FactoryFinder$$Lambda+0x000000003700b088
instanceKlass javax/xml/parsers/FactoryFinder
instanceKlass javax/xml/parsers/SAXParserFactory
instanceKlass ch/qos/logback/core/joran/spi/ElementPath
instanceKlass org/xml/sax/helpers/DefaultHandler
instanceKlass org/xml/sax/ErrorHandler
instanceKlass org/xml/sax/ContentHandler
instanceKlass org/xml/sax/DTDHandler
instanceKlass org/xml/sax/EntityResolver
instanceKlass  @bci ch/qos/logback/core/ContextBase fireConfigurationEvent (Lch/qos/logback/core/spi/ConfigurationEvent;)V 5 <appendix> member <vmtarget> ; # ch/qos/logback/core/ContextBase$$Lambda+0x0000000037065208
instanceKlass  @cpi net/sf/saxon/style/PrincipalStylesheetModule 1719 form vmentry <vmtarget> ; # java/lang/invoke/LambdaForm$DMH+0x0000000037064800
instanceKlass ch/qos/logback/core/spi/ConfigurationEventListener
instanceKlass ch/qos/logback/core/spi/ConfigurationEvent
instanceKlass org/xml/sax/InputSource
instanceKlass ch/qos/logback/core/joran/sanity/SanityChecker
instanceKlass ch/qos/logback/core/joran/spi/RuleStore
instanceKlass ch/qos/logback/core/spi/ContextAwareBase
instanceKlass  @bci org/hl7/fhir/r5/fhirpath/TypeDetails$ProfiledType ns (Ljava/lang/String;)Ljava/lang/String; 12 <appendix> form vmentry <vmtarget> ; # java/lang/invoke/LambdaForm$MH+0x0000000037064400
instanceKlass java/util/TimSort
instanceKlass java/util/Arrays$LegacyMergeSort
instanceKlass ch/qos/logback/classic/util/ClassicEnvUtil
instanceKlass ch/qos/logback/core/status/StatusListener
instanceKlass ch/qos/logback/core/util/StatusListenerConfigHelper
instanceKlass ch/qos/logback/core/status/StatusBase
instanceKlass java/util/Formatter$Flags
instanceKlass java/util/Formattable
instanceKlass java/util/Formatter$FormatSpecifier
instanceKlass java/util/Formatter$Conversion
instanceKlass java/util/Formatter$FormatString
instanceKlass java/util/Formatter
instanceKlass ch/qos/logback/core/util/VersionUtil
instanceKlass ch/qos/logback/classic/ClassicConstants
instanceKlass ch/qos/logback/classic/util/ClassicVersionUtil
instanceKlass java/util/Properties$LineReader
instanceKlass ch/qos/logback/core/CoreConstants
instanceKlass  @bci com/ibm/icu/impl/ICUBinary <clinit> ()V 31 <appendix> form vmentry <vmtarget> ; # java/lang/invoke/LambdaForm$MH+0x0000000037064000
instanceKlass ch/qos/logback/core/util/CoreVersionUtil
instanceKlass ch/qos/logback/core/util/OptionHelper
instanceKlass ch/qos/logback/core/util/Loader
instanceKlass ch/qos/logback/classic/spi/Configurator
instanceKlass ch/qos/logback/core/spi/ContextAwareImpl
instanceKlass ch/qos/logback/classic/util/ContextInitializer$1
instanceKlass ch/qos/logback/core/spi/ContextAware
instanceKlass ch/qos/logback/classic/util/ContextInitializer
instanceKlass org/slf4j/MDC
instanceKlass ch/qos/logback/classic/util/LogbackMDCAdapter
instanceKlass ch/qos/logback/classic/Level
instanceKlass ch/qos/logback/classic/spi/ILoggingEvent
instanceKlass ch/qos/logback/core/spi/DeferredProcessingAware
instanceKlass org/slf4j/spi/LoggingEventBuilder
instanceKlass ch/qos/logback/classic/Logger
instanceKlass ch/qos/logback/core/spi/AppenderAttachable
instanceKlass org/slf4j/spi/LoggingEventAware
instanceKlass org/slf4j/spi/LocationAwareLogger
instanceKlass ch/qos/logback/classic/spi/LoggerContextVO
instanceKlass ch/qos/logback/core/spi/LogbackLock
instanceKlass ch/qos/logback/core/helpers/CyclicBuffer
instanceKlass ch/qos/logback/core/BasicStatusManager
instanceKlass java/util/concurrent/ExecutorService
instanceKlass java/util/concurrent/Executor
instanceKlass ch/qos/logback/core/status/Status
instanceKlass ch/qos/logback/core/status/StatusManager
instanceKlass ch/qos/logback/core/ContextBase
instanceKlass ch/qos/logback/core/spi/LifeCycle
instanceKlass java/util/ServiceLoader$ProviderImpl
instanceKlass java/util/ServiceLoader$Provider
instanceKlass ch/qos/logback/core/Context
instanceKlass ch/qos/logback/core/spi/PropertyContainer
instanceKlass ch/qos/logback/classic/spi/LogbackServiceProvider
instanceKlass java/util/LinkedHashMap$LinkedHashIterator
instanceKlass java/nio/charset/CoderResult
instanceKlass  @cpi org/xmlresolver/ResolverFeature 276 form vmentry <vmtarget> ; # java/lang/invoke/LambdaForm$DMH+0x0000000037058c00
instanceKlass sun/net/www/MessageHeader
instanceKlass sun/net/www/protocol/jar/JarFileFactory
instanceKlass sun/net/www/protocol/jar/URLJarFile$URLJarFileCloseController
instanceKlass java/net/URLConnection
instanceKlass java/util/SequencedSet
instanceKlass jdk/internal/loader/URLClassPath$1
instanceKlass java/lang/CompoundEnumeration
instanceKlass jdk/internal/loader/BuiltinClassLoader$1
instanceKlass java/util/Collections$EmptyEnumeration
instanceKlass jdk/internal/jimage/ImageLocation
instanceKlass jdk/internal/jimage/decompressor/Decompressor
instanceKlass jdk/internal/jimage/ImageStringsReader
instanceKlass jdk/internal/jimage/ImageStrings
instanceKlass jdk/internal/jimage/ImageHeader
instanceKlass jdk/internal/reflect/Reflection$1Holder
instanceKlass jdk/internal/jimage/NativeImageBuffer$1
instanceKlass jdk/internal/jimage/NativeImageBuffer
instanceKlass java/security/AccessControlContext
instanceKlass java/security/AccessController
instanceKlass jdk/internal/jimage/BasicImageReader$1
instanceKlass java/security/PrivilegedAction
instanceKlass jdk/internal/jimage/BasicImageReader
instanceKlass jdk/internal/jimage/ImageReader
instanceKlass jdk/internal/jimage/ImageReaderFactory$1
instanceKlass jdk/internal/jimage/ImageReaderFactory
instanceKlass jdk/internal/module/SystemModuleFinders$SystemImage
instanceKlass jdk/internal/module/SystemModuleFinders$SystemModuleReader
instanceKlass java/lang/module/ModuleReader
instanceKlass jdk/internal/loader/BuiltinClassLoader$2
instanceKlass jdk/internal/module/Resources
instanceKlass java/util/ServiceLoader$2
instanceKlass java/util/ServiceLoader$1
instanceKlass java/util/ServiceLoader$LazyClassPathLookupIterator
instanceKlass java/util/ImmutableCollections$SetN$SetNIterator
instanceKlass java/util/ImmutableCollections$Set12$1
instanceKlass java/util/Spliterators$1Adapter
# instanceKlass java/lang/invoke/LambdaForm$MH+0x0000000037058800
instanceKlass jdk/internal/reflect/MethodHandleAccessorFactory$LazyStaticHolder
instanceKlass sun/reflect/annotation/AnnotationParser
instanceKlass java/util/EnumMap$1
instanceKlass java/util/stream/StreamOpFlag$MaskBuilder
instanceKlass java/util/stream/Stream
instanceKlass java/util/stream/BaseStream
instanceKlass java/util/stream/PipelineHelper
instanceKlass java/util/stream/StreamSupport
instanceKlass java/util/Spliterators$ArraySpliterator
instanceKlass java/util/Spliterator
instanceKlass java/util/Spliterators
instanceKlass jdk/internal/loader/AbstractClassLoaderValue$Memoizer
instanceKlass java/util/ServiceLoader$ModuleServicesLookupIterator
instanceKlass java/util/ServiceLoader
instanceKlass org/slf4j/helpers/Util
instanceKlass org/slf4j/helpers/NOPMDCAdapter
instanceKlass org/slf4j/helpers/NOPLoggerFactory
instanceKlass org/slf4j/helpers/NOP_FallbackServiceProvider
instanceKlass org/slf4j/helpers/ThreadLocalMapOfStacks
instanceKlass org/slf4j/helpers/BasicMDCAdapter
instanceKlass org/slf4j/Marker
instanceKlass org/slf4j/helpers/BasicMarkerFactory
instanceKlass java/util/concurrent/LinkedBlockingQueue$Node
instanceKlass java/util/concurrent/locks/AbstractQueuedSynchronizer$ConditionObject
instanceKlass java/util/concurrent/locks/Condition
instanceKlass java/util/concurrent/BlockingQueue
instanceKlass org/slf4j/Logger
instanceKlass org/slf4j/helpers/SubstituteLoggerFactory
instanceKlass org/slf4j/ILoggerFactory
instanceKlass org/slf4j/spi/MDCAdapter
instanceKlass org/slf4j/IMarkerFactory
instanceKlass org/slf4j/helpers/SubstituteServiceProvider
instanceKlass org/slf4j/event/LoggingEvent
instanceKlass org/slf4j/spi/SLF4JServiceProvider
instanceKlass org/slf4j/LoggerFactory
instanceKlass org/apache/commons/compress/utils/InputStreamStatistics
instanceKlass org/hl7/fhir/utilities/npm/NpmPackage
instanceKlass  @bci com/ibm/icu/impl/ICUResourceBundleReader getFullName (Ljava/lang/String;Ljava/lang/String;)Ljava/lang/String; 61 <appendix> form vmentry <vmtarget> ; # java/lang/invoke/LambdaForm$MH+0x0000000037058400
instanceKlass jdk/internal/classfile/impl/TerminalFieldBuilder
instanceKlass java/lang/classfile/FieldBuilder
instanceKlass java/lang/invoke/InvokerBytecodeGenerator$2
instanceKlass sun/invoke/empty/Empty
instanceKlass sun/invoke/util/VerifyType
instanceKlass java/lang/invoke/InvokerBytecodeGenerator$4$1
instanceKlass java/lang/invoke/InvokerBytecodeGenerator$4
instanceKlass java/lang/classfile/attribute/SourceFileAttribute
instanceKlass java/lang/invoke/InvokerBytecodeGenerator$1
instanceKlass java/lang/invoke/InvokerBytecodeGenerator$3
instanceKlass java/lang/invoke/LambdaFormBuffer
instanceKlass java/lang/invoke/LambdaFormEditor$TransformKey
instanceKlass java/lang/invoke/LambdaFormEditor
instanceKlass java/lang/StringConcatHelper$StringConcatBase
instanceKlass java/util/ImmutableCollections$ListItr
instanceKlass java/util/ListIterator
instanceKlass jdk/internal/classfile/impl/AnnotationReader
instanceKlass java/lang/invoke/StringConcatFactory$InlineHiddenClassStrategy$6
instanceKlass java/lang/invoke/StringConcatFactory$InlineHiddenClassStrategy$3$4
instanceKlass java/lang/classfile/constantpool/FieldRefEntry
instanceKlass java/lang/invoke/StringConcatFactory$InlineHiddenClassStrategy$4
instanceKlass java/lang/invoke/StringConcatFactory$InlineHiddenClassStrategy$3$1
instanceKlass jdk/internal/classfile/impl/BytecodeHelpers$1
instanceKlass java/lang/invoke/StringConcatFactory$InlineHiddenClassStrategy$7
instanceKlass java/lang/invoke/StringConcatFactory$InlineHiddenClassStrategy$3$2
instanceKlass java/lang/invoke/StringConcatFactory$InlineHiddenClassStrategy$5
instanceKlass java/lang/invoke/StringConcatFactory$InlineHiddenClassStrategy$3$3
instanceKlass java/lang/classfile/Superclass
instanceKlass java/lang/invoke/StringConcatFactory$InlineHiddenClassStrategy$3
instanceKlass java/lang/invoke/StringConcatFactory$InlineHiddenClassStrategy$2
instanceKlass java/lang/invoke/StringConcatFactory$InlineHiddenClassStrategy$1
instanceKlass java/lang/invoke/StringConcatFactory$InlineHiddenClassStrategy
instanceKlass java/lang/invoke/DelegatingMethodHandle$Holder
instanceKlass java/lang/invoke/StringConcatFactory
instanceKlass org/hl7/fhir/utilities/FileFormat
instanceKlass org/hl7/fhir/igtools/publisher/CliParams
instanceKlass java/lang/PublicMethods$Key
instanceKlass java/lang/PublicMethods$MethodList
instanceKlass org/hl7/fhir/utilities/NamedItemList$NamedItem
instanceKlass org/hl7/fhir/utilities/IniFile
instanceKlass org/hl7/fhir/igtools/publisher/FetchedFile
instanceKlass org/hl7/fhir/r5/renderers/utils/Resolver$ResourceWithReference
instanceKlass org/hl7/fhir/utilities/i18n/I18nBase
instanceKlass org/hl7/fhir/r5/elementmodel/ElementVisitor$IElementVisitor
instanceKlass org/hl7/fhir/utilities/npm/BasePackageCacheManager
instanceKlass org/hl7/fhir/utilities/npm/IPackageCacheManager
instanceKlass org/hl7/fhir/utilities/json/model/JsonElement
instanceKlass java/io/Reader
instanceKlass java/lang/Readable
instanceKlass org/hl7/fhir/utilities/npm/NpmPackageIndexBuilder$INpmPackageIndexBuilderDBImplFactory
instanceKlass org/hl7/fhir/r5/model/ICoding
instanceKlass org/hl7/fhir/convertors/advisors/interfaces/BaseAdvisor
instanceKlass org/hl7/fhir/r5/renderers/utils/RenderingContext$ITypeParser
instanceKlass org/hl7/fhir/r5/model/EnumFactory
instanceKlass org/hl7/fhir/instance/model/api/IBaseEnumFactory
instanceKlass org/hl7/fhir/instance/model/api/IBaseBackboneElement
instanceKlass org/hl7/fhir/r5/conformance/profile/ProfileKnowledgeProvider
instanceKlass org/hl7/fhir/instance/model/api/IDomainResource
instanceKlass org/hl7/fhir/instance/model/api/IBaseHasModifierExtensions
instanceKlass org/hl7/fhir/instance/model/api/IAnyResource
instanceKlass org/hl7/fhir/instance/model/api/IBaseResource
instanceKlass org/hl7/fhir/r5/utils/DataTypeVisitor$IDatatypeVisitor
instanceKlass org/hl7/fhir/instance/model/api/IBaseElement
instanceKlass java/io/Externalizable
instanceKlass org/hl7/fhir/instance/model/api/IBaseHasExtensions
instanceKlass org/hl7/fhir/instance/model/api/IPrimitiveType
instanceKlass org/hl7/fhir/instance/model/api/IBaseDatatype
instanceKlass org/hl7/fhir/r5/model/Base
instanceKlass ca/uhn/fhir/model/api/IElement
instanceKlass org/hl7/fhir/instance/model/api/IBase
instanceKlass org/hl7/fhir/r5/context/IWorkerContext
instanceKlass java/text/Format
instanceKlass jdk/internal/misc/MethodFinder
instanceKlass org/hl7/fhir/igtools/publisher/PublisherBase
instanceKlass org/hl7/fhir/r5/context/ILoggingService
instanceKlass org/hl7/fhir/r5/renderers/utils/RenderingContext$IResourceLinkResolver
instanceKlass org/hl7/fhir/r5/utils/validation/IValidationProfileUsageTracker
instanceKlass org/hl7/fhir/r5/renderers/utils/Resolver$IReferenceResolver
instanceKlass java/security/PermissionCollection
instanceKlass java/security/SecureClassLoader$1
instanceKlass java/util/zip/Checksum$1
instanceKlass java/util/zip/CRC32
instanceKlass java/util/zip/Checksum
instanceKlass sun/nio/ByteBuffered
instanceKlass java/lang/Package$VersionInfo
instanceKlass java/lang/NamedPackage
instanceKlass sun/security/util/ManifestEntryVerifier
instanceKlass java/util/ArrayList$Itr
instanceKlass jdk/internal/misc/ThreadTracker
instanceKlass java/util/jar/JarFile$ThreadTrackHolder
instanceKlass jdk/internal/loader/Resource
instanceKlass java/util/StringTokenizer
instanceKlass jdk/internal/loader/FileURLMapper
instanceKlass jdk/internal/loader/URLClassPath$Loader
instanceKlass sun/net/util/URLUtil
instanceKlass java/util/SequencedMap
instanceKlass java/util/jar/Attributes
instanceKlass java/util/jar/JarVerifier
instanceKlass sun/security/util/Debug
instanceKlass sun/security/util/SignatureFileVerifier
instanceKlass java/util/zip/ZipFile$InflaterCleanupAction
instanceKlass java/util/zip/Inflater$InflaterZStreamRef
instanceKlass java/util/zip/Inflater
instanceKlass java/util/zip/ZipEntry
instanceKlass java/nio/Bits$1
instanceKlass jdk/internal/misc/VM$BufferPool
instanceKlass java/nio/Bits
instanceKlass sun/nio/ch/DirectBuffer
instanceKlass jdk/internal/perf/PerfCounter$CoreCounters
instanceKlass jdk/internal/perf/Perf
instanceKlass jdk/internal/perf/PerfCounter
instanceKlass sun/util/locale/LocaleUtils
instanceKlass java/util/Locale
instanceKlass java/nio/file/attribute/FileTime
instanceKlass java/lang/invoke/Invokers$Holder
instanceKlass java/lang/invoke/DirectMethodHandle$2
instanceKlass java/lang/invoke/ClassSpecializer$Factory
instanceKlass java/lang/invoke/ClassSpecializer$SpeciesData
instanceKlass java/lang/invoke/ClassSpecializer$1
instanceKlass jdk/internal/vm/annotation/Stable
instanceKlass java/lang/invoke/ClassSpecializer
instanceKlass java/lang/invoke/MethodHandleImpl$1
instanceKlass jdk/internal/access/JavaLangInvokeAccess
instanceKlass  @bci java/util/zip/ZipFile$Source initCEN (ILjava/util/zip/ZipCoder;)V 507 <appendix> argL0 ; # java/util/zip/ZipFile$Source$$Lambda+0x0000000037000a98
instanceKlass jdk/internal/util/ModifiedUtf
instanceKlass jdk/internal/classfile/impl/ClassReaderImpl
instanceKlass java/lang/classfile/ClassReader
instanceKlass jdk/internal/classfile/impl/ClassHierarchyImpl$CachedClassHierarchyResolver$1
instanceKlass java/lang/classfile/ClassHierarchyResolver$ClassHierarchyInfo
instanceKlass jdk/internal/classfile/impl/ClassHierarchyImpl$CachedClassHierarchyResolver
instanceKlass jdk/internal/classfile/impl/ClassHierarchyImpl$ClassLoadingClassHierarchyResolver$1
instanceKlass jdk/internal/classfile/impl/ClassHierarchyImpl$ClassLoadingClassHierarchyResolver
instanceKlass java/lang/classfile/ClassHierarchyResolver
instanceKlass jdk/internal/classfile/impl/ClassHierarchyImpl
instanceKlass jdk/internal/classfile/impl/RawBytecodeHelper$1
instanceKlass jdk/internal/classfile/impl/RawBytecodeHelper
instanceKlass jdk/internal/classfile/impl/StackMapGenerator$Frame
instanceKlass jdk/internal/classfile/impl/StackMapGenerator
instanceKlass java/lang/classfile/CustomAttribute
instanceKlass jdk/internal/classfile/impl/BytecodeHelpers
instanceKlass java/lang/invoke/TypeConvertingMethodAdapter
instanceKlass jdk/internal/classfile/impl/DirectCodeBuilder$8
instanceKlass java/lang/invoke/InnerClassLambdaMetafactory$6
instanceKlass java/lang/classfile/constantpool/MethodRefEntry
instanceKlass java/lang/classfile/constantpool/MemberRefEntry
instanceKlass java/lang/classfile/constantpool/NameAndTypeEntry
instanceKlass java/lang/classfile/instruction/LabelTarget
instanceKlass java/lang/classfile/Label
instanceKlass jdk/internal/classfile/impl/BufWriterImpl
instanceKlass java/lang/classfile/BufWriter
instanceKlass java/lang/classfile/instruction/LocalVariableType
instanceKlass java/lang/classfile/instruction/LocalVariable
instanceKlass java/lang/classfile/instruction/CharacterRange
instanceKlass java/lang/classfile/PseudoInstruction
instanceKlass java/lang/classfile/CodeElement
instanceKlass jdk/internal/classfile/impl/TerminalCodeBuilder
instanceKlass jdk/internal/classfile/impl/LabelContext
instanceKlass java/lang/classfile/CodeBuilder
instanceKlass jdk/internal/classfile/impl/TerminalMethodBuilder
instanceKlass jdk/internal/classfile/impl/MethodInfo
instanceKlass java/lang/classfile/MethodBuilder
instanceKlass java/lang/invoke/InnerClassLambdaMetafactory$3
instanceKlass java/lang/classfile/Interfaces
instanceKlass java/util/ImmutableCollections$Access$1
instanceKlass jdk/internal/access/JavaUtilCollectionAccess
instanceKlass java/util/ImmutableCollections$Access
instanceKlass jdk/internal/classfile/impl/AttributeHolder
instanceKlass java/lang/classfile/ClassBuilder
instanceKlass java/lang/classfile/ClassFileBuilder
instanceKlass jdk/internal/classfile/impl/AbstractDirectBuilder
instanceKlass java/lang/invoke/InnerClassLambdaMetafactory$1
instanceKlass java/util/function/Consumer
instanceKlass jdk/internal/classfile/impl/ClassFileImpl
instanceKlass java/lang/classfile/ClassFile
instanceKlass java/lang/invoke/LambdaProxyClassArchive
instanceKlass java/lang/classfile/constantpool/ClassEntry
instanceKlass java/lang/classfile/constantpool/LoadableConstantEntry
instanceKlass jdk/internal/classfile/impl/Util
instanceKlass jdk/internal/classfile/impl/EntryMap
instanceKlass jdk/internal/classfile/impl/BootstrapMethodEntryImpl
instanceKlass java/lang/classfile/BootstrapMethodEntry
instanceKlass jdk/internal/classfile/impl/SplitConstantPool
instanceKlass java/lang/invoke/InfoFromMemberName
instanceKlass java/lang/invoke/MethodHandleInfo
instanceKlass java/lang/invoke/AbstractValidatingLambdaMetafactory
instanceKlass java/lang/invoke/BootstrapMethodInvoker
instanceKlass java/lang/invoke/InvokerBytecodeGenerator$8
instanceKlass jdk/internal/classfile/impl/AbstractAttributeMapper
instanceKlass java/lang/classfile/AttributeMapper
instanceKlass java/lang/classfile/Attributes
instanceKlass jdk/internal/classfile/impl/Util$Writable
instanceKlass jdk/internal/classfile/impl/AbstractElement
instanceKlass java/lang/classfile/attribute/RuntimeVisibleAnnotationsAttribute
instanceKlass java/lang/classfile/FieldElement
instanceKlass java/lang/classfile/MethodElement
instanceKlass java/lang/classfile/ClassElement
instanceKlass java/lang/classfile/Attribute
instanceKlass java/lang/classfile/ClassFileElement
instanceKlass java/lang/classfile/constantpool/Utf8Entry
instanceKlass java/lang/classfile/constantpool/AnnotationConstantValueEntry
instanceKlass java/lang/classfile/constantpool/PoolEntry
instanceKlass jdk/internal/classfile/impl/AbstractPoolEntry
instanceKlass jdk/internal/classfile/impl/TemporaryConstantPool
instanceKlass java/lang/classfile/constantpool/ConstantPoolBuilder
instanceKlass java/lang/classfile/constantpool/ConstantPool
instanceKlass java/lang/classfile/Annotation
instanceKlass java/lang/classfile/AnnotationElement
instanceKlass java/lang/invoke/InvokerBytecodeGenerator
instanceKlass java/lang/invoke/LambdaForm$Holder
instanceKlass java/lang/invoke/LambdaForm$Name
instanceKlass java/lang/reflect/Array
instanceKlass java/lang/invoke/Invokers
instanceKlass sun/invoke/util/ValueConversions
instanceKlass java/lang/invoke/DirectMethodHandle$Holder
instanceKlass java/lang/invoke/LambdaForm$NamedFunction
instanceKlass java/lang/constant/DynamicConstantDesc
instanceKlass jdk/internal/constant/DirectMethodHandleDescImpl$1
instanceKlass jdk/internal/constant/DirectMethodHandleDescImpl
instanceKlass java/lang/constant/DirectMethodHandleDesc
instanceKlass java/lang/constant/MethodHandleDesc$1
instanceKlass java/lang/constant/MethodHandleDesc
instanceKlass jdk/internal/constant/MethodTypeDescImpl
instanceKlass java/lang/constant/MethodTypeDesc
instanceKlass jdk/internal/constant/ConstantUtils
instanceKlass jdk/internal/constant/ArrayClassDescImpl
instanceKlass jdk/internal/constant/ClassOrInterfaceDescImpl
instanceKlass java/lang/constant/ClassDesc
instanceKlass java/lang/constant/ConstantDescs
instanceKlass sun/invoke/util/Wrapper$Format
instanceKlass java/lang/invoke/MethodTypeForm
instanceKlass jdk/internal/util/StrongReferenceKey
instanceKlass jdk/internal/util/ReferenceKey
instanceKlass jdk/internal/util/ReferencedKeyMap
instanceKlass java/lang/invoke/MethodType$1
instanceKlass java/lang/invoke/LambdaMetafactory
instanceKlass java/util/zip/ZipUtils
instanceKlass java/util/zip/ZipFile$Source$End
instanceKlass java/io/RandomAccessFile$2
instanceKlass jdk/internal/access/JavaIORandomAccessFileAccess
instanceKlass java/io/RandomAccessFile
instanceKlass java/io/DataInput
instanceKlass java/io/DataOutput
instanceKlass sun/nio/fs/WindowsNativeDispatcher$CompletionStatus
instanceKlass sun/nio/fs/WindowsNativeDispatcher$AclInformation
instanceKlass sun/nio/fs/WindowsNativeDispatcher$Account
instanceKlass sun/nio/fs/WindowsNativeDispatcher$DiskFreeSpace
instanceKlass sun/nio/fs/WindowsNativeDispatcher$VolumeInformation
instanceKlass sun/nio/fs/WindowsNativeDispatcher$FirstStream
instanceKlass sun/nio/fs/WindowsNativeDispatcher$FirstFile
instanceKlass java/util/Enumeration
instanceKlass java/util/concurrent/ConcurrentHashMap$Traverser
instanceKlass jdk/internal/loader/NativeLibraries$2
instanceKlass jdk/internal/loader/NativeLibrary
instanceKlass java/util/ArrayDeque$DeqIterator
instanceKlass jdk/internal/loader/NativeLibraries$NativeLibraryContext$1
instanceKlass jdk/internal/loader/NativeLibraries$NativeLibraryContext
instanceKlass jdk/internal/loader/NativeLibraries$1
instanceKlass jdk/internal/loader/NativeLibraries$LibraryPaths
instanceKlass sun/nio/fs/WindowsNativeDispatcher
instanceKlass sun/nio/fs/NativeBuffer$Deallocator
instanceKlass sun/nio/fs/NativeBuffer
instanceKlass java/lang/ThreadLocal$ThreadLocalMap
instanceKlass java/lang/ThreadLocal
instanceKlass sun/nio/fs/NativeBuffers
instanceKlass sun/nio/fs/WindowsFileAttributes
instanceKlass java/nio/file/attribute/DosFileAttributes
instanceKlass sun/nio/fs/AbstractBasicFileAttributeView
instanceKlass sun/nio/fs/DynamicFileAttributeView
instanceKlass sun/nio/fs/WindowsFileAttributeViews
instanceKlass sun/nio/fs/Util
instanceKlass java/nio/file/attribute/BasicFileAttributeView
instanceKlass java/nio/file/attribute/FileAttributeView
instanceKlass java/nio/file/attribute/AttributeView
instanceKlass java/nio/file/Files
instanceKlass java/nio/file/CopyOption
instanceKlass java/nio/file/attribute/BasicFileAttributes
instanceKlass sun/nio/fs/WindowsPath
instanceKlass java/nio/file/Path
instanceKlass java/nio/file/Watchable
instanceKlass java/util/zip/ZipFile$Source$Key
instanceKlass sun/nio/fs/WindowsPathParser
instanceKlass java/nio/file/FileSystem
instanceKlass java/nio/file/OpenOption
instanceKlass java/nio/file/spi/FileSystemProvider
instanceKlass sun/nio/fs/DefaultFileSystemProvider
instanceKlass java/util/zip/ZipFile$Source
instanceKlass java/lang/ref/Cleaner$Cleanable
instanceKlass jdk/internal/ref/CleanerImpl$CleanableList$Node
instanceKlass jdk/internal/ref/CleanerImpl$CleanableList
instanceKlass jdk/internal/ref/CleanerImpl
instanceKlass java/lang/ref/Cleaner$1
instanceKlass java/lang/ref/Cleaner
instanceKlass jdk/internal/ref/CleanerFactory$1
instanceKlass java/util/concurrent/ThreadFactory
instanceKlass jdk/internal/ref/CleanerFactory
instanceKlass java/util/zip/ZipFile$CleanableResource
instanceKlass java/util/zip/ZipCoder
instanceKlass java/util/Optional
instanceKlass java/lang/Runtime$Version
instanceKlass java/util/jar/JavaUtilJarAccessImpl
instanceKlass jdk/internal/access/JavaUtilJarAccess
instanceKlass java/util/zip/ZipFile$1
instanceKlass jdk/internal/access/JavaUtilZipFileAccess
instanceKlass java/util/BitSet
instanceKlass java/util/zip/ZipFile
instanceKlass java/util/zip/ZipConstants
instanceKlass java/lang/StringCoding
instanceKlass sun/nio/cs/MS1252$Holder
instanceKlass sun/nio/cs/ArrayDecoder
instanceKlass java/nio/charset/CharsetDecoder
instanceKlass sun/launcher/LauncherHelper
instanceKlass jdk/internal/vm/ContinuationSupport
instanceKlass java/util/Deque
instanceKlass java/util/Queue
instanceKlass sun/net/util/IPAddressUtil$MASKS
instanceKlass sun/net/util/IPAddressUtil
instanceKlass java/net/URLStreamHandler
instanceKlass sun/net/www/ParseUtil
instanceKlass java/net/URL$1
instanceKlass jdk/internal/access/JavaNetURLAccess
instanceKlass java/net/URL$DefaultFactory
instanceKlass java/net/URLStreamHandlerFactory
instanceKlass jdk/internal/loader/URLClassPath
instanceKlass java/lang/Module$EnableNativeAccess
instanceKlass jdk/internal/loader/BootLoader
instanceKlass java/util/concurrent/ConcurrentHashMap$CollectionView
instanceKlass jdk/internal/loader/ClassLoaderHelper
instanceKlass java/lang/ClassLoader$ParallelLoaders
instanceKlass java/security/cert/Certificate
instanceKlass java/net/URI$1
instanceKlass jdk/internal/access/JavaNetUriAccess
instanceKlass jdk/internal/loader/AbstractClassLoaderValue
instanceKlass jdk/internal/module/ModuleBootstrap$Counters
instanceKlass jdk/internal/module/ModuleLoaderMap$Modules
instanceKlass jdk/internal/module/ModuleLoaderMap
instanceKlass jdk/internal/module/ModulePatcher
instanceKlass jdk/internal/util/DecimalDigits
instanceKlass java/io/FileSystem
instanceKlass java/io/DefaultFileSystem
instanceKlass java/io/File
instanceKlass java/lang/module/ModuleDescriptor$1
instanceKlass jdk/internal/access/JavaLangModuleAccess
instanceKlass sun/invoke/util/VerifyAccess
instanceKlass java/util/KeyValueHolder
instanceKlass java/util/ImmutableCollections$MapN$MapNIterator
instanceKlass java/lang/invoke/MethodHandles$Lookup
instanceKlass java/lang/invoke/MemberName$Factory
instanceKlass java/lang/invoke/MethodHandles
instanceKlass jdk/internal/module/ModuleBootstrap
instanceKlass java/util/HexFormat
instanceKlass jdk/internal/util/ClassFileDumper
instanceKlass java/lang/CharacterData
instanceKlass java/lang/invoke/MethodHandleStatics
instanceKlass java/util/Collections
instanceKlass java/lang/Thread$ThreadIdentifiers
instanceKlass sun/io/Win32ErrorMode
instanceKlass jdk/internal/misc/OSEnvironment
instanceKlass jdk/internal/misc/Signal$NativeHandler
instanceKlass java/util/Hashtable$Entry
instanceKlass jdk/internal/misc/Signal
instanceKlass java/lang/Terminator$1
instanceKlass jdk/internal/misc/Signal$Handler
instanceKlass java/lang/Terminator
instanceKlass java/nio/ByteOrder
instanceKlass java/nio/Buffer$2
instanceKlass jdk/internal/access/JavaNioAccess
instanceKlass java/nio/Buffer$1
instanceKlass jdk/internal/misc/ScopedMemoryAccess
instanceKlass java/nio/charset/CodingErrorAction
instanceKlass sun/nio/cs/SingleByte
instanceKlass java/lang/StringUTF16
instanceKlass sun/nio/cs/IBM850$Holder
instanceKlass sun/nio/cs/ArrayEncoder
instanceKlass java/nio/charset/CharsetEncoder
instanceKlass java/io/Writer
instanceKlass java/io/OutputStream
instanceKlass java/io/Flushable
instanceKlass java/io/FileDescriptor$1
instanceKlass jdk/internal/access/JavaIOFileDescriptorAccess
instanceKlass java/io/FileDescriptor
instanceKlass jdk/internal/util/StaticProperty
instanceKlass jdk/internal/reflect/MethodHandleAccessorFactory
instanceKlass jdk/internal/reflect/Reflection
instanceKlass java/lang/reflect/Modifier
instanceKlass java/lang/Class$Atomic
instanceKlass java/lang/Class$ReflectionData
instanceKlass java/nio/charset/StandardCharsets
instanceKlass sun/nio/cs/HistoricallyNamedCharset
instanceKlass java/util/Arrays
instanceKlass jdk/internal/util/Preconditions$3
instanceKlass jdk/internal/util/Preconditions$2
instanceKlass jdk/internal/util/Preconditions$4
instanceKlass java/util/function/BiFunction
instanceKlass jdk/internal/util/Preconditions$1
instanceKlass jdk/internal/util/Preconditions
instanceKlass java/nio/charset/spi/CharsetProvider
instanceKlass java/nio/charset/Charset
instanceKlass java/util/HashMap$HashIterator
instanceKlass java/util/Objects
instanceKlass java/util/concurrent/locks/LockSupport
instanceKlass java/util/concurrent/ConcurrentHashMap$CounterCell
instanceKlass java/util/concurrent/locks/ReentrantLock
instanceKlass java/util/concurrent/locks/Lock
instanceKlass java/lang/Runtime
instanceKlass java/lang/VersionProps
instanceKlass java/lang/StringConcatHelper
instanceKlass jdk/internal/util/ArraysSupport
instanceKlass java/lang/StringLatin1
instanceKlass java/lang/StrictMath
instanceKlass jdk/internal/util/SystemProps$Raw
instanceKlass jdk/internal/util/SystemProps
instanceKlass java/lang/System$1
instanceKlass jdk/internal/access/JavaLangAccess
instanceKlass java/lang/ref/ReferenceQueue$Lock
instanceKlass java/lang/ref/ReferenceQueue
instanceKlass java/lang/ref/Reference$1
instanceKlass jdk/internal/access/JavaLangRefAccess
instanceKlass java/lang/Math
instanceKlass java/io/ObjectStreamClass
instanceKlass jdk/internal/reflect/ReflectionFactory
instanceKlass jdk/internal/access/SharedSecrets
instanceKlass java/lang/reflect/ReflectAccess
instanceKlass jdk/internal/access/JavaLangReflectAccess
instanceKlass jdk/internal/misc/CDS
instanceKlass jdk/internal/misc/VM
instanceKlass java/lang/String$CaseInsensitiveComparator
instanceKlass java/util/Comparator
instanceKlass java/io/ObjectStreamField
instanceKlass java/lang/Module$ArchivedData
instanceKlass jdk/internal/module/ArchivedBootLayer
instanceKlass jdk/internal/loader/BuiltinClassLoader$LoadedModule
instanceKlass jdk/internal/module/ServicesCatalog$ServiceProvider
instanceKlass java/util/concurrent/CopyOnWriteArrayList
instanceKlass jdk/internal/module/ServicesCatalog
instanceKlass java/util/concurrent/ConcurrentHashMap$Node
instanceKlass jdk/internal/loader/NativeLibraries
instanceKlass java/security/Principal
instanceKlass jdk/internal/loader/ArchivedClassLoaders
instanceKlass jdk/internal/math/FDBigInteger
instanceKlass java/lang/ModuleLayer
instanceKlass java/util/ImmutableCollections
instanceKlass jdk/internal/module/ModuleLoaderMap$Mapper
instanceKlass java/util/function/Function
instanceKlass java/lang/module/ResolvedModule
instanceKlass java/lang/module/Configuration
instanceKlass java/util/HashMap$Node
instanceKlass java/util/Map$Entry
instanceKlass java/util/Collections$UnmodifiableMap
instanceKlass jdk/internal/module/ModuleHashes
instanceKlass jdk/internal/module/ModuleTarget
instanceKlass java/lang/module/ModuleDescriptor$Provides
instanceKlass java/lang/module/ModuleDescriptor$Opens
instanceKlass jdk/internal/module/SystemModuleFinders$2
instanceKlass jdk/internal/module/ModuleHashes$HashSupplier
instanceKlass jdk/internal/module/SystemModuleFinders$1
instanceKlass java/util/function/Supplier
instanceKlass java/net/URI
instanceKlass java/lang/module/ModuleDescriptor$Exports
instanceKlass java/lang/module/ModuleDescriptor$Requires
instanceKlass java/lang/module/ModuleDescriptor$Version
instanceKlass java/lang/module/ModuleDescriptor
instanceKlass java/lang/module/ModuleReference
instanceKlass java/util/Set
instanceKlass jdk/internal/module/SystemModuleFinders$SystemModuleFinder
instanceKlass java/lang/module/ModuleFinder
instanceKlass jdk/internal/module/ArchivedModuleGraph
instanceKlass sun/util/locale/BaseLocale
instanceKlass java/util/jar/Attributes$Name
instanceKlass java/lang/Character$CharacterCache
instanceKlass java/lang/Short$ShortCache
instanceKlass java/lang/Byte$ByteCache
instanceKlass java/lang/Long$LongCache
instanceKlass java/lang/Integer$IntegerCache
instanceKlass jdk/internal/vm/FillerObject
instanceKlass jdk/internal/vm/vector/VectorSupport$VectorPayload
instanceKlass jdk/internal/vm/vector/VectorSupport
instanceKlass java/lang/reflect/RecordComponent
instanceKlass java/util/Iterator
instanceKlass java/lang/Void
instanceKlass java/lang/Number
instanceKlass java/lang/Character
instanceKlass java/lang/Boolean
instanceKlass java/util/concurrent/locks/AbstractOwnableSynchronizer
instanceKlass java/lang/LiveStackFrame
instanceKlass java/lang/ClassFrameInfo
instanceKlass java/lang/StackWalker$StackFrame
instanceKlass java/lang/StackStreamFactory$AbstractStackWalker
instanceKlass java/lang/StackWalker
instanceKlass java/nio/Buffer
instanceKlass java/lang/StackTraceElement
instanceKlass java/util/RandomAccess
instanceKlass java/util/List
instanceKlass java/util/SequencedCollection
instanceKlass java/util/AbstractCollection
instanceKlass java/util/Collection
instanceKlass java/lang/Iterable
instanceKlass java/util/concurrent/ConcurrentMap
instanceKlass java/util/AbstractMap
instanceKlass java/security/CodeSource
instanceKlass jdk/internal/loader/ClassLoaders
instanceKlass java/util/jar/Manifest
instanceKlass java/lang/Enum
instanceKlass java/net/URL
instanceKlass java/io/InputStream
instanceKlass java/io/Closeable
instanceKlass java/lang/AutoCloseable
instanceKlass jdk/internal/module/Modules
instanceKlass jdk/internal/misc/Unsafe
instanceKlass jdk/internal/misc/UnsafeConstants
instanceKlass java/lang/AbstractStringBuilder
instanceKlass java/lang/Appendable
instanceKlass java/lang/AssertionStatusDirectives
instanceKlass jdk/internal/foreign/abi/ABIDescriptor
instanceKlass jdk/internal/foreign/abi/NativeEntryPoint
instanceKlass java/lang/invoke/CallSite
instanceKlass java/lang/invoke/MethodType
instanceKlass java/lang/invoke/TypeDescriptor$OfMethod
instanceKlass java/lang/invoke/LambdaForm
instanceKlass java/lang/invoke/MethodHandleNatives
instanceKlass java/lang/invoke/MethodHandleImpl
instanceKlass java/lang/invoke/ResolvedMethodName
instanceKlass java/lang/invoke/MemberName
instanceKlass java/lang/invoke/VarHandle
instanceKlass java/lang/invoke/MethodHandle
instanceKlass jdk/internal/reflect/ConstructorAccessorImpl
instanceKlass jdk/internal/reflect/ConstructorAccessor
instanceKlass jdk/internal/reflect/CallerSensitive
instanceKlass java/lang/annotation/Annotation
instanceKlass jdk/internal/reflect/ConstantPool
instanceKlass jdk/internal/reflect/MethodAccessorImpl
instanceKlass jdk/internal/reflect/MethodAccessor
instanceKlass jdk/internal/vm/StackChunk
instanceKlass jdk/internal/vm/Continuation
instanceKlass jdk/internal/vm/ContinuationScope
instanceKlass java/lang/reflect/Parameter
instanceKlass java/lang/reflect/Member
instanceKlass java/lang/reflect/AccessibleObject
instanceKlass java/lang/Module
instanceKlass java/util/Map
instanceKlass java/util/Dictionary
instanceKlass java/lang/ThreadGroup
instanceKlass java/lang/Thread$UncaughtExceptionHandler
instanceKlass java/lang/Thread$Constants
instanceKlass java/lang/Thread$FieldHolder
instanceKlass java/lang/Thread
instanceKlass java/lang/Runnable
instanceKlass java/lang/ref/Reference
instanceKlass java/lang/Record
instanceKlass java/security/ProtectionDomain
instanceKlass java/lang/Throwable
instanceKlass java/lang/System
instanceKlass java/lang/ClassLoader
instanceKlass java/lang/Cloneable
instanceKlass java/lang/Class
instanceKlass java/lang/invoke/TypeDescriptor$OfField
instanceKlass java/lang/invoke/TypeDescriptor
instanceKlass java/lang/reflect/Type
instanceKlass java/lang/reflect/GenericDeclaration
instanceKlass java/lang/reflect/AnnotatedElement
instanceKlass java/lang/String
instanceKlass java/lang/constant/ConstantDesc
instanceKlass java/lang/constant/Constable
instanceKlass java/lang/CharSequence
instanceKlass java/lang/Comparable
instanceKlass java/io/Serializable
ciInstanceKlass java/lang/Object 1 1 115 7 1 10 12 1 1 10 7 12 1 1 1 10 7 12 1 1 1 10 12 1 1 8 1 10 12 1 1 10 7 12 1 1 1 10 12 1 10 12 1 1 100 1 8 1 10 12 1 10 7 12 1 1 1 7 1 10 12 1 7 1 10 12 1 1 8 1 3 8 1 100 1 5 0 1 1 1 1 1 1 1 1 1 1 1 1 1 1 1 1 100 1 1 1 1 1 1 1 1 1 1 1 1 1 100 1 1 1 1 1 1 3 1 1
ciInstanceKlass java/io/Serializable 1 0 7 100 1 100 1 1 1
ciInstanceKlass java/lang/System 1 1 591 10 100 12 1 1 1 10 7 12 1 1 1 10 12 1 1 10 12 1 9 12 1 1 10 7 12 1 1 1 11 100 12 1 1 1 10 100 12 1 1 1 10 12 1 1 100 1 8 1 10 12 1 9 12 1 1 9 12 1 1 10 7 12 1 1 1 10 7 12 1 1 1 10 12 1 1 10 12 1 10 7 12 1 1 1 10 12 1 10 12 1 1 7 1 10 12 1 1 100 1 8 1 10 10 12 1 1 100 1 8 1 10 10 7 12 1 1 10 12 10 7 12 1 1 10 7 12 1 1 1 100 1 8 1 10 10 7 12 1 1 1 10 7 12 1 1 1 100 1 10 100 12 1 1 1 10 12 1 1 10 7 12 1 1 1 10 12 1 1 10 12 1 10 12 1 8 1 10 12 1 1 10 12 1 1 8 1 10 12 1 7 1 7 1 10 12 1 9 7 12 1 1 1 10 7 12 1 1 1 10 12 1 10 12 1 10 7 12 1 1 1 100 1 8 1 10 9 12 1 1 9 12 1 10 12 1 10 100 12 1 1 10 12 1 10 12 1 1 100 1 10 8 1 10 12 1 1 10 12 1 10 12 1 1 10 12 1 1 8 1 11 7 12 1 1 10 12 11 12 1 1 11 7 12 1 1 1 11 7 12 1 1 11 12 1 1 7 1 11 12 1 10 12 1 8 1 10 12 1 1 8 1 8 1 8 1 8 1 11 12 1 10 12 1 1 10 12 1 10 12 1 8 1 10 12 1 1 8 1 9 12 1 8 1 10 7 12 1 1 8 1 7 1 9 7 12 1 1 1 10 12 1 7 1 9 12 10 9 12 7 1 10 12 9 12 1 1 8 1 10 12 1 1 8 1 9 12 1 10 7 12 1 1 10 12 1 10 12 1 1 11 7 12 1 1 10 12 10 7 12 1 1 1 9 12 1 1 100 1 100 1 8 1 10 12 1 1 10 12 1 8 1 8 1 10 8 1 8 1 8 1 8 1 8 1 10 8 1 10 7 12 1 1 1 10 7 12 1 1 1 10 12 1 1 7 1 10 10 12 1 10 12 1 9 12 1 1 1 1 1 1 1 1 1 1 1 1 100 1 1 100 1 1 1 1 1 1 1 1 1 1 3 1 1 1 1 1 1 1 1 1 1 1 1 1 1 1 1 1 1 1 1 1 1 1 1 1 1 1 1 1 1 1 1 1 1 1 1 1 1 1 1 1 1 1 1 1 1 1 1 1 1 1 100 1 1 1 1 1 1 1 1 1 1 1 1 1 1 1 1 1 1 1 1 1 1 1 1 1 100 1 100 1 1 1 1 1 1 1 1
staticfield java/lang/System in Ljava/io/InputStream; java/io/BufferedInputStream
staticfield java/lang/System out Ljava/io/PrintStream; java/io/PrintStream
staticfield java/lang/System err Ljava/io/PrintStream; java/io/PrintStream
instanceKlass java/security/Provider
instanceKlass java/security/Security$1
ciInstanceKlass java/util/Properties 1 1 690 10 7 12 1 1 1 100 1 10 7 12 1 1 7 1 10 12 1 9 12 1 1 9 12 1 1 9 12 1 1 10 7 12 1 1 1 10 12 1 1 8 1 10 7 12 1 1 1 7 1 10 12 1 10 12 1 1 8 1 10 12 1 7 1 10 12 10 12 1 1 9 12 1 1 10 12 1 1 7 1 10 12 1 10 12 1 10 12 1 1 100 1 8 1 10 12 1 10 12 1 10 12 1 1 10 12 1 100 1 3 10 10 100 12 1 1 1 10 12 1 10 12 1 1 8 1 10 12 1 10 12 1 1 8 1 10 100 12 1 1 10 12 1 1 10 12 1 10 12 1 1 100 1 10 12 1 10 12 1 1 100 1 9 100 12 1 1 1 10 12 1 10 12 1 1 10 12 1 1 10 12 1 1 100 1 9 12 1 1 7 1 100 1 10 12 1 100 1 11 7 12 1 1 1 11 12 1 1 11 100 12 1 1 1 11 7 12 1 1 1 11 12 1 1 11 12 1 11 12 1 10 12 1 1 8 1 10 12 1 10 100 12 1 1 10 12 1 100 1 10 10 12 1 10 12 1 100 1 10 10 12 1 1 10 100 12 1 1 9 100 12 1 1 10 12 1 1 10 100 12 1 1 1 100 1 100 1 100 1 10 8 1 8 1 10 12 1 10 12 1 10 12 1 1 10 10 12 1 1 10 12 1 1 7 1 10 10 12 1 11 7 12 1 1 10 7 12 1 1 1 8 1 10 100 12 1 1 11 11 7 1 8 1 10 100 1 11 10 12 1 10 10 12 1 10 12 1 1 10 12 1 1 10 12 1 1 10 12 1 10 12 1 10 10 12 1 10 12 1 10 12 1 10 10 12 1 1 10 12 1 1 10 10 12 1 10 12 1 10 12 1 10 12 1 10 12 1 1 10 12 1 1 10 12 1 10 12 1 10 12 1 1 10 12 10 12 1 1 10 12 1 1 10 12 1 10 12 1 1 10 12 1 1 10 12 10 11 12 1 4 11 10 12 1 1 10 100 12 1 1 11 12 1 10 12 1 1 10 100 12 1 1 10 12 1 100 1 8 1 10 12 1 10 10 100 12 1 1 1 100 1 6 0 10 12 1 1 11 100 12 1 1 1 10 12 1 10 12 1 1 1 1 1 5 0 1 1 1 1 1 1 1 1 1 1 1 1 1 1 1 1 1 1 1 1 1 1 1 1 1 1 1 1 1 1 1 1 1 1 1 1 1 1 1 100 1 1 1 1 1 1 1 1 1 1 1 1 1 1 1 1 1 1 1 1 100 1 1 1 1 1 1 1 1 1 1 1 1 100 1 100 1 1 1 1 1 100 1 1 1 1 1 1 1 1 1 1 1 1 1 1 1 1 1 1 1 1 1 1 1 1 1 1 1 1 1 1 1 1 1 1 1 1 1 1 1 1 1 1 1 1 1 1 1 1 1 1 1 1 1 1 1 1 1 1 1 1 1 1 1 1 1 1 1 1 1 1 1 1 1 1 1 1 1 100 1 1 1 1 1 1 1 1 1 1 1 100 1 1
staticfield java/util/Properties UNSAFE Ljdk/internal/misc/Unsafe; jdk/internal/misc/Unsafe
instanceKlass java/util/Hashtable
ciInstanceKlass java/util/Dictionary 1 1 36 10 7 12 1 1 1 100 1 1 1 1 1 1 1 1 1 1 1 1 1 1 1 1 1 1 1 1 1 1 1 1 1 1 1 1
instanceKlass org/apache/tools/ant/Project$AntRefTable
instanceKlass java/util/Properties
ciInstanceKlass java/util/Hashtable 1 1 516 100 1 10 7 12 1 1 1 9 7 12 1 1 1 100 1 100 1 10 8 1 10 12 1 1 10 12 1 10 12 1 1 10 12 1 10 7 12 1 1 1 8 1 10 12 1 9 12 1 1 7 1 9 12 1 1 4 10 7 12 1 1 1 9 12 1 4 10 12 1 11 100 12 1 1 1 10 12 1 1 10 12 1 1 9 12 1 10 12 1 1 100 1 10 9 12 1 1 10 7 12 1 1 1 9 12 1 1 10 12 1 10 12 1 3 9 12 1 9 12 1 3 10 12 1 10 12 1 10 12 1 1 11 12 1 1 11 100 12 1 1 1 11 100 12 1 1 1 11 12 1 100 1 11 12 1 11 12 1 10 12 1 1 10 12 1 1 10 12 1 9 12 1 1 9 12 9 12 1 1 10 100 1 100 1 10 12 1 10 8 1 10 10 12 1 8 1 10 8 1 10 7 12 1 1 1 7 1 10 12 1 10 12 1 7 1 10 12 1 10 12 1 1 100 1 10 7 1 10 10 12 1 1 11 12 1 1 11 12 1 100 1 10 10 10 7 12 1 1 11 7 12 1 1 1 100 1 10 11 100 12 1 1 11 100 12 1 10 12 1 10 12 1 1 10 100 12 1 1 10 12 1 1 10 12 1 1 10 12 1 1 10 100 12 1 1 1 8 10 100 12 1 1 100 1 8 1 10 4 4 10 12 1 1 10 12 1 8 1 4 10 12 10 100 12 1 1 1 100 1 11 100 12 1 1 1 10 100 12 1 1 1 10 12 1 10 12 1 1 10 100 1 100 1 1 1 1 1 1 5 0 1 1 1 1 1 3 1 3 1 3 1 1 1 1 1 1 1 1 1 1 1 1 1 1 1 1 1 1 1 1 1 1 1 1 1 100 1 1 1 1 1 1 1 1 1 1 1 1 1 1 1 1 1 1 1 1 1 1 1 1 1 1 1 1 1 100 1 1 1 1 1 1 1 1 1 1 1 1 1 1 100 1 1 1 1 1 1 1 1 1 1 1 1 1 1 1 1 1 1 1 1 1 1 1 1 1 1 1 1 1 1 1 1 1 1 1 1 1 1 1 1 1 1 1 1 100 1 1 1 100 1 1 1 1 1 100 1 1 1 1 1 1 1 1 1 1 1 1 1 1 1 1 1 1
ciInstanceKlass java/util/Map 1 1 263 11 7 12 1 1 1 11 12 1 1 10 7 12 1 1 11 12 1 1 11 7 12 1 1 1 11 100 12 1 1 1 11 12 1 1 7 1 11 12 1 11 12 1 100 1 100 1 10 12 1 1 11 100 12 1 1 1 11 100 12 1 1 1 11 12 1 11 12 1 10 12 1 1 11 12 1 11 7 12 1 9 7 12 1 1 1 100 1 10 12 7 1 7 1 10 12 1 7 1 10 7 1 11 12 1 11 12 1 1 11 12 1 1 7 1 11 12 1 1 1 1 1 1 1 1 1 1 1 1 1 1 1 1 1 1 1 1 1 1 1 1 1 1 1 1 1 1 1 1 1 1 1 1 1 1 1 1 1 1 1 1 1 1 1 1 1 1 1 1 1 1 1 1 1 1 1 1 1 1 1 1 1 1 1 1 1 1 1 1 1 1 1 1 1 1 1 1 1 1 1 1 1 1 1 1 1 1 1 1 1 1 1 1 1 1 1 1 1 1 1 1 1 1 1 1 1 1 1 1 1 1 1 1 1 1 1 1 1 1 1 1 1 1 100 1 1 1 1 1 1 1 1 1 1 1 1 1 1 1 1 1 1
ciInstanceKlass java/lang/String 1 1 1471 10 7 12 1 1 1 8 1 9 7 12 1 1 1 9 12 1 1 9 12 1 1 9 12 1 1 10 12 1 10 12 1 1 10 12 1 1 9 12 1 10 7 12 1 1 1 10 12 1 1 10 12 1 10 7 12 1 1 1 10 12 1 1 10 12 1 1 10 12 1 10 12 1 1 10 12 1 10 7 12 1 1 1 7 1 9 7 12 1 1 1 10 7 12 1 1 1 10 12 1 1 10 12 1 1 10 7 12 1 1 1 10 12 1 1 9 7 12 1 1 10 12 9 7 12 1 1 10 12 1 1 3 10 12 1 1 7 1 11 12 1 1 11 12 1 11 12 1 1 10 7 12 1 1 1 10 12 1 1 9 7 12 1 1 1 10 12 1 1 10 12 1 11 12 1 1 10 12 1 10 12 10 12 1 1 100 1 100 1 10 12 1 10 12 1 10 7 12 1 1 1 10 12 1 1 100 1 10 12 1 1 100 1 10 12 1 1 10 12 1 1 10 12 1 10 10 12 1 100 1 100 1 100 1 10 12 1 10 12 1 1 10 12 1 1 10 12 1 10 12 1 1 10 12 1 1 10 100 12 1 1 100 1 11 10 7 12 1 1 11 12 1 11 12 1 10 12 1 10 12 1 10 12 10 12 1 1 10 10 7 12 1 1 1 10 7 12 1 1 10 12 1 1 10 7 12 1 1 10 12 1 10 12 1 1 10 12 1 1 10 12 1 10 12 1 10 12 1 1 100 1 10 12 1 1 10 12 10 12 1 10 12 1 1 10 12 1 1 10 7 12 1 1 1 10 12 1 10 12 1 1 10 12 1 10 12 1 3 3 10 12 1 1 10 12 1 10 12 1 1 10 12 1 1 10 12 1 1 10 12 1 10 12 1 1 10 12 1 1 10 12 1 10 12 1 10 12 1 10 12 1 1 10 12 1 10 12 1 10 12 1 10 12 1 10 12 1 10 12 1 10 100 1 10 8 1 10 12 1 1 10 12 1 8 1 10 12 1 1 10 12 10 12 1 8 1 10 10 12 1 1 10 12 1 1 7 1 5 0 100 1 8 1 10 10 12 1 1 5 0 5 0 5 0 10 12 1 1 10 100 1 10 10 12 1 10 12 1 10 12 1 10 10 12 1 10 12 1 10 12 1 10 12 1 10 12 1 10 12 1 10 12 1 1 10 12 1 1 10 12 1 1 10 10 12 1 1 10 10 12 1 100 1 10 9 100 12 1 1 1 11 100 12 1 1 1 10 12 1 1 10 12 1 1 10 7 1 10 12 1 10 12 1 10 7 12 1 1 1 10 12 1 10 12 1 1 10 12 1 11 7 1 11 12 10 12 1 10 12 1 1 10 12 1 1 10 10 12 1 10 12 1 9 12 1 1 11 7 12 1 1 1 10 12 10 10 12 1 10 12 1 1 10 10 12 1 10 12 1 10 12 1 1 10 12 1 1 10 10 12 1 1 10 10 7 12 1 1 1 10 12 1 10 12 1 10 12 10 10 12 10 10 12 1 10 12 1 10 10 12 10 12 1 1 10 12 10 10 12 10 12 1 10 12 10 12 10 10 12 1 10 12 1 1 10 12 1 1 10 10 12 1 10 7 12 1 1 1 10 12 1 1 10 10 7 12 1 1 1 11 10 12 1 10 12 1 1 10 12 1 1 10 7 12 1 1 1 10 12 1 10 12 1 10 12 1 10 12 1 10 12 1 10 12 1 100 1 10 10 12 1 10 12 1 1 8 1 10 12 1 3 3 10 12 1 10 12 1 1 10 12 7 1 10 10 12 1 1 10 12 10 12 1 10 12 1 10 12 1 1 10 12 1 1 11 7 12 1 1 1 7 1 10 12 1 10 12 1 1 8 1 10 12 1 1 10 12 1 11 7 12 1 1 1 11 7 12 1 1 11 12 1 10 12 1 10 12 1 1 10 10 7 12 1 1 1 10 12 1 10 12 1 10 10 12 10 12 1 1 10 10 12 1 10 10 12 1 10 10 12 1 10 10 12 1 10 12 1 1 10 10 12 1 8 1 10 12 1 1 18 12 1 1 11 100 12 1 1 1 3 18 12 1 18 12 1 8 1 10 100 12 1 1 1 11 12 1 1 10 12 10 10 12 1 10 11 12 1 1 10 12 1 1 11 12 1 18 3 11 10 11 11 10 12 1 10 12 1 1 8 1 10 12 1 10 12 1 10 12 1 1 10 10 12 1 11 100 12 1 100 1 100 1 10 12 100 1 10 10 100 12 1 1 1 100 1 10 7 1 10 10 12 1 10 10 12 1 8 1 10 10 12 1 8 1 8 1 10 12 1 10 12 1 10 10 12 10 100 12 1 1 10 100 12 1 1 10 100 12 1 1 8 1 10 12 1 10 12 1 10 9 12 1 10 12 9 7 12 1 1 1 10 12 1 10 12 1 10 12 1 10 12 10 12 1 10 12 1 8 1 10 100 12 1 1 1 10 12 10 12 1 1 10 12 10 12 10 12 7 1 9 12 1 1 7 1 10 100 1 100 1 100 1 100 1 1 1 1 1 1 5 0 1 1 1 1 1 3 1 3 1 1 1 1 1 1 1 1 1 1 1 1 1 1 1 100 1 1 1 1 1 1 1 1 1 1 1 1 1 1 1 1 1 1 1 1 1 1 1 1 1 1 1 1 1 1 1 100 1 1 1 1 1 1 1 1 1 1 1 1 100 1 1 1 1 1 1 1 1 1 1 1 1 1 1 1 1 1 1 1 1 1 1 1 1 1 1 1 1 1 1 1 1 1 1 1 1 1 1 1 1 1 1 1 1 1 1 1 1 1 1 1 1 1 1 1 1 1 1 1 1 1 1 1 1 1 1 1 1 1 1 1 1 1 1 1 1 1 1 1 1 1 1 1 1 1 1 1 1 1 1 1 1 1 1 1 1 1 1 1 1 1 1 1 1 1 1 1 1 1 1 1 1 1 1 1 1 1 1 1 1 1 1 1 1 1 1 1 1 1 1 1 1 1 1 1 1 1 1 1 1 1 1 1 1 1 1 1 1 1 1 1 1 1 1 1 1 1 1 1 1 1 1 1 1 1 1 1 1 1 1 1 1 1 1 1 1 1 1 1 100 1 1 1 1 1 1 1 1 1 1 1 1 1 1 1 1 1 1 1 1 1 1 1 100 1 1 1 1 1 1 1 1 1 1 1 1 1 1 1 100 1 1 1 1 1 1 1 1 1 1 1 1 1 1 1 16 15 10 12 16 15 10 12 15 10 12 15 10 12 15 10 100 12 1 1 1 1 100 1 1 1 1 1 100 1 100 1 1 1
staticfield java/lang/String COMPACT_STRINGS Z 1
staticfield java/lang/String serialPersistentFields [Ljava/io/ObjectStreamField; 0 [Ljava/io/ObjectStreamField;
staticfield java/lang/String CASE_INSENSITIVE_ORDER Ljava/util/Comparator; java/lang/String$CaseInsensitiveComparator
ciInstanceKlass java/lang/Comparable 1 0 12 100 1 100 1 1 1 1 1 1 1 1
ciInstanceKlass java/lang/CharSequence 1 1 145 11 7 12 1 1 1 18 12 1 1 100 1 10 100 12 1 1 1 18 10 100 12 1 1 1 11 12 1 1 11 100 1 11 12 1 1 10 100 12 1 1 1 11 12 1 1 10 12 1 1 10 12 1 100 1 10 12 1 1 10 100 12 1 1 1 100 1 10 10 12 1 1 100 1 1 1 1 1 1 1 1 1 1 1 1 1 1 1 1 1 1 1 1 1 1 1 1 1 1 1 1 1 1 1 1 1 1 1 1 1 1 1 1 16 1 15 11 12 16 15 11 12 15 10 100 12 1 1 1 1 1 100 1 100 1 1 100 1 1 100 1 100 1 1
ciMethod java/lang/String length ()I 530 0 7995972 0 -1
ciMethod java/lang/String charAt (I)C 956 0 2361329 0 200
ciInstanceKlass java/lang/constant/Constable 1 0 11 100 1 100 1 1 1 1 1 1 1
ciInstanceKlass java/lang/constant/ConstantDesc 1 0 37 100 1 100 1 1 1 1 100 1 1 1 1 100 1 100 1 100 1 100 1 100 1 100 1 100 1 100 1 100 1 1 100 1 100 1 1
ciInstanceKlass java/lang/AutoCloseable 1 0 12 100 1 100 1 1 1 1 7 1 1 1
ciInstanceKlass java/io/Closeable 1 0 14 100 1 100 1 100 1 1 1 1 7 1 1 1
ciInstanceKlass java/lang/Appendable 1 0 14 100 1 100 1 1 1 1 100 1 1 1 1 1
ciInstanceKlass java/util/Iterator 1 1 53 100 1 8 1 10 12 1 1 10 7 12 1 1 1 11 7 12 1 1 1 11 12 1 1 11 7 12 1 1 1 100 1 1 1 1 1 1 1 1 1 1 1 1 1 1 1 1 1 1 1 1 1
instanceKlass java/io/ObjectInputStream
instanceKlass org/apache/tools/ant/DemuxInputStream
instanceKlass org/apache/tools/zip/ZipFile$BoundedInputStream
instanceKlass org/apache/tools/ant/util/FileUtils$1
instanceKlass com/fasterxml/jackson/core/io/MergedStream
instanceKlass org/apache/commons/compress/archivers/tar/TarArchiveSparseZeroInputStream
instanceKlass org/apache/commons/io/input/AbstractInputStream
instanceKlass sun/security/ssl/SSLSocketImpl$AppInputStream
instanceKlass sun/nio/ch/NioSocketImpl$1
instanceKlass java/net/Socket$SocketInputStream
instanceKlass sun/nio/ch/ChannelInputStream
instanceKlass com/sun/org/apache/xerces/internal/impl/XMLEntityManager$RewindableInputStream
instanceKlass org/apache/commons/compress/compressors/CompressorInputStream
instanceKlass java/util/zip/ZipFile$ZipFileInputStream
instanceKlass java/io/FilterInputStream
instanceKlass java/io/FileInputStream
instanceKlass java/io/ByteArrayInputStream
ciInstanceKlass java/io/InputStream 1 1 197 100 1 10 7 12 1 1 1 100 1 10 10 7 12 1 1 1 10 7 12 1 1 1 10 12 1 100 1 100 1 3 10 12 1 1 100 1 8 1 10 12 1 10 7 12 1 1 1 3 100 1 8 1 10 10 7 12 1 1 1 7 1 10 11 7 12 1 1 1 10 12 1 1 11 12 1 1 11 7 12 1 1 1 11 12 1 1 7 1 10 7 12 1 1 1 5 0 10 12 1 10 12 1 1 100 1 10 8 1 10 8 1 8 1 10 12 1 1 10 7 12 1 1 1 100 1 5 0 10 12 1 100 1 100 1 1 1 1 3 1 3 1 1 1 1 1 1 1 1 1 1 1 1 1 1 1 1 1 1 1 1 1 1 1 1 1 1 1 1 1 1 1 1 1 1 1 1 1 1 1 1 1 1 1 1 1 1 1 1 1 1 1 1 1 1 1
instanceKlass com/ibm/icu/impl/ClassLoaderUtil$BootstrapClassLoader
instanceKlass org/apache/tools/ant/AntClassLoader
instanceKlass java/security/SecureClassLoader
ciInstanceKlass java/lang/ClassLoader 1 1 1076 9 7 12 1 1 1 10 7 12 1 1 1 9 12 1 1 10 7 12 1 1 1 7 1 10 12 1 1 10 12 1 1 9 12 1 1 10 12 1 1 100 1 10 12 1 10 12 1 1 10 7 12 1 1 1 100 1 8 1 10 12 1 10 7 1 10 7 1 7 1 7 1 10 12 1 10 12 1 9 12 1 1 10 10 7 12 1 1 1 9 12 1 1 9 12 1 9 12 1 1 9 12 1 9 12 1 1 9 12 1 1 7 1 10 12 1 9 12 1 1 10 12 1 1 10 7 12 1 1 1 9 12 1 9 12 1 1 9 12 1 10 12 1 1 9 12 10 12 1 1 7 1 10 8 1 10 12 1 1 10 12 1 10 7 1 7 1 10 7 12 1 1 1 10 7 12 1 1 1 8 1 10 12 1 10 12 1 10 12 1 1 10 12 1 1 10 12 1 1 10 12 1 1 10 12 1 1 10 12 1 100 1 10 12 1 10 100 12 1 1 1 10 12 1 1 10 12 1 10 12 1 10 12 1 10 12 1 10 12 1 1 10 10 12 1 10 12 1 10 10 12 1 1 10 12 1 1 100 1 8 1 10 8 1 10 12 1 10 12 1 100 1 8 1 10 12 1 1 10 12 1 1 10 10 12 1 1 10 12 1 1 10 12 1 1 10 7 1 10 12 1 10 12 1 1 10 12 1 1 10 12 1 1 10 12 1 1 10 12 1 1 10 12 1 1 10 12 1 1 10 7 12 1 1 1 10 12 1 10 12 1 10 12 1 1 10 12 1 10 12 1 10 12 1 10 12 1 1 10 12 1 10 12 1 1 8 1 9 12 1 10 12 1 1 8 1 8 1 10 7 12 1 1 100 1 10 10 12 10 12 1 10 12 1 10 12 1 10 12 1 1 10 7 12 1 1 10 12 1 10 7 1 7 1 10 12 1 1 10 12 1 10 7 1 10 12 1 100 1 18 12 1 10 100 12 1 1 1 10 100 12 1 1 1 10 7 12 1 1 10 12 1 10 12 1 100 1 10 12 1 8 1 10 10 12 1 1 10 12 1 10 12 1 1 100 1 10 12 1 1 10 100 12 1 1 10 12 1 10 7 12 1 1 10 12 1 8 1 100 1 10 10 12 1 9 12 1 10 7 12 1 1 10 12 1 100 1 8 1 10 12 1 10 8 1 8 1 10 12 1 1 10 12 1 1 10 12 1 1 10 100 12 1 1 100 1 100 1 10 12 1 1 100 1 100 1 10 100 12 1 1 10 12 1 10 12 1 10 12 1 10 12 1 10 12 1 1 10 12 1 8 1 7 1 18 12 1 1 10 12 1 1 10 12 1 10 12 1 10 12 1 8 1 10 12 1 10 12 1 18 12 1 11 100 12 1 1 1 100 1 10 12 1 1 10 12 1 10 11 12 1 1 10 18 10 12 1 1 11 100 12 1 18 12 1 11 12 1 1 10 12 1 10 12 1 1 10 12 1 1 100 1 8 1 10 10 12 1 8 1 8 1 10 100 12 1 1 10 12 1 100 1 10 10 12 1 8 1 8 1 8 1 10 12 1 10 12 1 10 12 1 1 10 12 1 1 10 12 1 10 100 12 1 1 1 11 100 12 1 1 100 1 10 11 10 12 1 10 12 1 10 12 1 1 9 100 12 1 1 9 12 1 1 9 12 9 12 1 9 12 1 9 12 1 8 10 12 1 1 10 7 12 1 1 1 10 12 1 1 10 12 1 1 10 12 1 1 8 1 10 12 1 1 8 10 12 1 1 8 8 10 12 1 10 12 1 10 12 1 11 12 1 1 10 100 12 1 1 1 100 1 10 12 1 10 12 1 10 12 1 1 1 1 1 1 1 1 1 1 1 1 1 1 1 1 1 1 1 1 1 1 1 1 1 1 100 1 1 1 1 1 1 1 1 1 1 1 1 1 1 1 1 1 1 1 1 1 1 1 1 1 100 1 1 1 1 1 1 1 1 1 1 1 1 1 1 1 1 1 1 1 1 1 1 1 1 1 1 1 1 1 1 1 1 1 1 1 1 1 1 1 1 1 1 1 100 1 1 1 1 1 1 1 1 1 1 1 1 1 1 1 1 1 1 1 1 1 100 1 1 1 1 1 1 1 1 1 1 1 1 1 1 1 1 1 1 1 1 1 1 1 1 1 1 1 1 1 1 1 1 1 1 1 1 1 1 1 1 1 1 1 1 100 1 1 1 1 1 1 1 1 1 1 1 1 1 1 1 1 1 1 1 1 1 1 1 1 1 1 1 1 1 1 1 1 1 1 1 1 1 1 1 1 1 1 1 1 1 1 1 1 1 1 1 16 1 15 10 12 16 1 16 15 10 12 16 1 16 1 15 10 12 16 15 10 12 16 15 10 12 16 15 10 7 12 1 1 1 1 1 100 1 100 1 1
staticfield java/lang/ClassLoader nocerts [Ljava/security/cert/Certificate; 0 [Ljava/security/cert/Certificate;
staticfield java/lang/ClassLoader $assertionsDisabled Z 1
instanceKlass java/util/concurrent/DelayScheduler
instanceKlass okio/AsyncTimeout$Watchdog
instanceKlass java/util/concurrent/ForkJoinWorkerThread
instanceKlass java/util/logging/LogManager$Cleaner
instanceKlass jdk/internal/misc/InnocuousThread
instanceKlass java/lang/ref/Finalizer$FinalizerThread
instanceKlass java/lang/ref/Reference$ReferenceHandler
instanceKlass java/lang/BaseVirtualThread
ciInstanceKlass java/lang/Thread 1 1 761 9 7 12 1 1 1 9 7 12 1 1 1 9 12 1 9 12 1 10 12 1 1 9 12 1 1 10 7 12 1 1 10 12 1 10 100 12 1 1 100 1 8 1 10 12 1 1 9 12 1 1 9 12 1 9 12 1 1 7 1 10 12 1 1 10 12 1 7 1 10 12 10 12 1 1 9 12 1 1 10 12 1 100 1 10 12 1 10 12 1 1 10 12 1 1 10 12 1 10 12 1 1 100 1 8 1 10 9 7 12 1 1 1 10 12 1 1 10 3 8 1 100 1 5 0 10 7 12 1 1 1 9 12 1 10 12 1 1 10 7 1 100 1 8 1 10 10 12 1 10 12 1 1 10 12 1 1 10 7 12 1 1 10 12 1 10 12 1 10 7 12 1 1 5 0 9 12 1 10 7 12 1 1 1 10 12 1 1 9 12 1 1 10 7 12 1 1 10 7 12 1 1 1 10 12 1 10 12 1 1 9 12 1 1 10 7 12 1 1 9 12 1 8 1 9 100 12 1 1 1 5 0 100 1 10 100 1 10 100 1 10 7 1 10 8 1 10 12 1 1 10 7 12 1 10 12 1 10 12 1 100 1 8 1 10 10 12 1 10 12 1 1 10 100 12 1 1 1 10 100 12 1 1 1 10 12 1 7 1 9 12 1 1 100 1 10 10 12 1 9 12 1 1 10 12 1 1 10 12 1 1 10 12 1 10 12 1 9 12 1 1 10 10 12 1 1 10 12 1 1 11 7 12 1 1 10 7 12 1 1 9 12 1 1 9 12 1 1 10 100 12 1 1 10 12 1 1 10 12 1 10 7 12 1 1 10 12 1 100 1 10 9 12 1 1 10 12 1 11 100 12 1 1 11 12 1 10 12 1 10 12 1 10 12 1 9 12 1 10 10 12 1 10 12 1 1 9 12 1 9 12 10 12 1 8 1 10 12 1 10 12 1 10 12 1 10 12 1 10 12 1 1 10 12 1 10 12 1 1 10 100 12 1 1 10 12 1 10 12 1 10 12 1 10 12 1 1 9 7 12 1 1 1 8 1 10 9 12 1 10 12 1 100 1 8 1 10 10 12 1 8 1 10 12 1 1 9 12 8 1 10 10 12 1 10 12 1 8 1 10 12 1 10 8 1 9 12 1 1 10 12 1 1 10 10 12 1 10 12 1 100 10 7 12 1 1 1 10 12 1 1 10 12 1 1 10 100 12 1 1 1 11 100 12 1 1 1 10 12 1 1 9 12 1 10 12 1 10 12 1 1 11 100 12 1 1 1 10 12 1 1 1 1 3 1 3 1 3 1 3 1 1 1 1 1 1 1 1 1 1 1 1 1 1 1 1 1 1 1 1 1 1 1 1 1 1 1 100 1 1 1 1 1 1 1 1 1 1 1 1 1 1 1 1 1 1 100 1 1 1 1 1 1 1 1 1 1 1 1 1 1 1 100 1 1 1 1 1 1 1 1 1 1 1 1 1 1 1 1 1 1 1 1 1 1 1 1 1 1 1 1 1 1 1 1 1 1 1 1 1 1 1 1 1 1 1 1 1 1 1 1 1 1 1 1 1 1 1 1 1 1 1 1 1 1 1 1 1 1 1 1 1 1 100 100 1 1 1 1 1 1 1 1 1 1 1 1 1 1 1 1 1 1 1 1 1 1 1 100 1 100 1 100 1 1 1 1 100 1 1 1 1 1 1 1 1 1 1 1 1
staticfield java/lang/Thread NEW_THREAD_BINDINGS Ljava/lang/Object; java/lang/Class
staticfield java/lang/Thread EMPTY_STACK_TRACE [Ljava/lang/StackTraceElement; 0 [Ljava/lang/StackTraceElement;
ciInstanceKlass java/lang/Runnable 1 0 11 100 1 100 1 1 1 1 1 1 1
ciInstanceKlass java/lang/Class 1 1 1652 10 7 12 1 1 1 10 7 12 1 1 9 12 1 1 9 12 1 1 9 12 1 1 9 12 1 1 9 12 1 1 10 12 1 1 8 1 10 12 1 8 1 8 1 10 12 1 1 10 7 12 1 1 1 10 12 1 7 1 10 10 12 1 10 12 1 1 10 12 1 1 10 12 1 1 10 7 12 1 1 10 12 1 10 12 1 10 12 1 1 10 12 1 8 1 10 12 1 8 1 10 12 1 8 1 8 1 10 12 1 1 10 7 12 1 1 1 18 12 1 1 11 7 12 1 1 1 8 1 8 1 8 1 10 7 12 1 1 1 11 12 1 1 8 1 10 12 1 10 10 12 1 1 10 12 1 8 1 10 12 1 1 8 1 10 12 1 10 12 1 1 11 100 12 1 1 1 11 100 12 1 1 1 11 8 1 18 8 1 10 12 1 10 7 12 1 1 10 12 1 1 10 7 12 1 1 1 10 12 1 1 10 12 1 1 10 7 12 1 1 1 10 7 12 1 10 12 1 1 10 7 1 10 12 1 8 1 10 8 1 8 1 8 1 8 1 8 1 8 1 8 1 8 1 9 100 12 1 1 9 100 1 9 100 1 9 100 1 9 100 1 9 100 1 9 100 1 9 100 1 9 100 1 9 12 1 1 100 1 8 1 10 12 1 10 12 1 1 100 1 10 12 1 1 10 7 12 1 1 1 10 7 12 1 1 1 7 1 100 1 10 10 12 1 1 10 12 1 1 100 1 10 100 12 1 1 1 10 12 1 1 10 12 1 1 10 12 9 12 1 1 10 12 1 9 12 1 1 9 12 1 1 10 12 1 1 10 100 1 10 12 1 10 12 1 1 10 9 12 1 10 12 1 8 1 10 12 1 1 10 12 1 1 10 12 1 10 12 1 10 12 1 1 9 7 12 1 1 1 10 12 1 10 7 12 1 1 10 12 1 10 12 1 10 12 1 10 12 1 9 100 12 1 1 1 9 12 1 10 12 1 10 12 1 1 9 12 1 1 10 7 10 12 1 1 10 100 12 1 1 10 12 1 10 12 1 1 10 100 12 1 1 1 10 12 1 10 12 1 1 10 12 1 10 12 1 10 12 1 1 10 7 1 10 10 12 1 1 10 12 1 1 10 12 10 10 12 1 1 100 1 8 1 10 10 12 1 1 10 12 1 100 1 11 12 1 10 12 1 10 12 1 10 100 12 1 1 10 10 12 1 1 8 1 10 12 1 8 1 9 12 1 10 12 1 10 12 1 10 12 1 10 12 100 1 9 12 1 10 12 1 9 12 1 10 12 1 10 12 1 10 12 1 10 10 12 1 10 12 1 10 12 1 10 12 1 10 12 1 10 12 1 7 1 10 10 12 1 10 12 1 11 100 12 1 1 11 12 1 1 10 12 1 1 10 12 1 1 10 12 1 1 10 12 1 1 10 12 1 1 10 12 1 1 100 1 10 10 12 1 1 10 12 1 1 10 12 1 1 10 10 12 1 10 12 1 1 10 12 1 1 10 12 1 1 10 12 1 1 10 12 10 12 1 1 10 7 12 1 1 1 10 12 1 10 12 1 1 10 12 1 10 7 12 1 1 1 10 12 1 1 10 10 12 1 1 100 1 10 10 12 1 1 10 100 12 1 1 1 100 1 100 1 10 12 1 1 10 12 1 10 10 12 1 1 10 12 1 10 12 1 10 12 1 10 100 12 1 1 1 11 7 12 1 1 10 12 1 10 12 1 9 7 12 1 1 8 1 10 12 1 10 12 1 10 12 1 10 12 1 1 9 12 1 9 12 1 1 10 7 12 1 1 9 12 1 10 12 1 1 10 10 12 1 10 7 12 1 1 1 10 100 12 1 1 10 100 12 1 1 9 12 1 1 10 12 1 9 12 1 10 12 1 10 12 1 1 9 12 1 1 9 12 1 10 12 1 10 12 1 1 9 12 1 100 1 10 10 12 1 1 7 1 10 100 11 100 1 9 12 1 1 9 12 1 10 12 1 9 12 1 1 9 12 1 10 12 1 10 12 1 1 9 12 1 7 1 10 10 12 1 1 10 10 12 1 10 12 10 10 12 1 9 12 1 10 12 1 1 10 12 1 8 10 100 8 1 18 8 1 8 1 10 12 1 9 12 1 9 12 1 1 10 12 1 7 1 100 1 10 12 1 9 12 1 1 10 10 12 1 9 12 1 8 1 10 12 1 10 10 12 1 1 100 1 100 1 9 12 1 100 1 8 1 10 10 7 12 1 1 1 10 12 11 7 12 1 1 1 10 12 1 10 12 1 1 10 8 1 10 12 1 8 1 10 12 1 1 9 7 12 1 1 11 12 7 1 11 100 12 1 1 9 12 1 10 100 12 1 1 1 10 7 12 1 1 10 12 1 1 9 12 1 9 10 12 1 1 10 12 1 1 10 12 1 1 10 12 1 1 10 12 1 1 11 12 1 11 12 1 1 11 7 12 1 1 11 12 1 100 1 11 12 1 10 100 12 1 1 1 10 12 1 11 12 1 10 100 12 1 1 1 10 12 1 10 100 12 1 1 1 11 12 1 11 12 1 1 10 12 1 10 12 1 1 9 12 1 1 10 12 1 10 100 12 1 1 1 10 12 1 1 10 12 1 10 12 1 10 12 1 10 7 12 1 1 1 10 12 1 8 1 10 12 1 10 12 1 10 12 1 8 1 8 1 10 7 12 1 1 10 100 12 1 1 100 1 10 12 10 7 12 1 1 1 10 7 12 1 1 1 10 12 1 1 10 12 1 18 12 1 1 11 12 1 1 18 11 12 1 18 12 1 11 12 1 10 12 1 10 12 1 10 12 1 10 12 10 12 1 8 1 10 12 1 7 1 9 12 1 1 100 1 100 1 100 1 100 1 1 1 3 1 3 1 3 1 1 1 1 1 1 1 1 1 5 0 1 1 1 1 1 1 1 1 1 1 1 1 1 1 1 1 1 1 1 1 1 1 1 1 1 1 1 100 1 1 1 1 1 1 1 1 1 1 1 100 1 1 1 1 1 100 1 1 1 1 1 1 1 1 1 1 1 1 1 1 1 1 1 1 1 1 1 1 1 1 1 1 1 1 1 1 1 1 1 1 100 1 1 1 1 1 1 1 1 1 1 1 1 1 1 1 1 1 1 1 1 1 1 1 1 1 1 1 1 1 1 1 100 1 1 1 1 1 1 1 1 1 1 1 1 1 1 1 1 1 1 1 1 1 1 1 1 1 1 1 1 1 1 1 1 1 1 1 1 1 1 1 1 1 1 1 1 1 1 1 1 1 1 1 1 1 1 1 1 1 1 1 1 1 100 1 100 1 1 1 1 1 1 1 1 1 1 1 1 1 1 1 1 1 1 1 1 1 1 1 1 1 1 1 1 1 1 1 1 1 1 1 1 1 1 1 1 1 1 1 1 1 1 1 1 1 1 1 1 1 1 1 1 1 1 1 1 1 1 1 1 1 1 1 1 1 1 1 1 1 1 1 1 1 1 1 1 1 1 1 1 1 1 1 1 1 1 1 1 1 1 1 1 1 1 1 1 1 1 1 1 1 1 1 1 1 1 1 1 1 1 1 1 1 1 1 1 16 15 10 12 16 15 11 12 16 1 15 10 12 16 16 15 10 12 16 15 16 1 15 10 12 16 15 10 7 12 1 1 1 1 1 100 1 1 1 1 1 1 1 1 100 1 1 100 1 100 1 1 100 1 100 1 1
staticfield java/lang/Class EMPTY_CLASS_ARRAY [Ljava/lang/Class; 0 [Ljava/lang/Class;
staticfield java/lang/Class serialPersistentFields [Ljava/io/ObjectStreamField; 0 [Ljava/io/ObjectStreamField;
ciInstanceKlass java/lang/reflect/AnnotatedElement 1 1 165 11 7 12 1 1 1 11 12 1 1 100 1 10 100 12 1 1 1 10 12 1 1 10 12 1 1 10 12 1 10 100 12 1 1 1 11 12 1 1 11 100 12 1 1 10 100 12 1 1 1 10 12 1 10 100 12 1 1 1 18 12 1 1 11 100 12 1 1 18 12 1 18 12 1 1 10 100 12 1 1 1 11 100 12 1 1 1 100 1 10 100 12 1 1 1 1 1 1 1 1 1 1 1 1 1 1 1 1 1 1 1 1 1 1 1 1 1 1 100 1 1 1 1 1 1 1 1 1 1 1 16 15 16 1 16 1 15 11 12 16 16 1 15 10 100 12 1 1 1 16 1 15 10 100 12 1 1 1 1 100 1 100 1 1
ciInstanceKlass java/lang/reflect/Type 1 1 17 11 100 12 1 1 1 100 1 1 1 1 1 1 1 1 1
ciInstanceKlass java/lang/invoke/TypeDescriptor 1 0 17 100 1 100 1 1 1 1 1 1 100 1 100 1 1 1 1
ciInstanceKlass java/lang/invoke/TypeDescriptor$OfField 1 0 21 100 1 100 1 100 1 1 1 1 1 1 1 1 1 1 1 1 1 1 1
ciInstanceKlass java/lang/reflect/GenericDeclaration 1 0 30 100 1 100 1 100 1 1 1 1 1 1 1 1 100 1 8 1 1 12 10 1 1 1 8 1 1 1 8 1
ciInstanceKlass java/lang/Module 1 1 1076 10 7 12 1 1 1 9 7 12 1 1 1 10 7 12 1 1 1 9 12 1 9 12 1 1 9 12 1 1 10 12 1 1 10 12 1 10 12 1 1 10 7 12 1 1 1 100 1 10 7 12 1 1 1 10 12 1 1 11 7 12 1 1 1 10 12 1 1 10 12 1 8 1 10 7 12 1 1 1 10 7 12 1 1 1 10 7 12 1 1 1 10 12 1 1 10 12 1 9 12 1 1 10 7 12 1 1 1 9 7 12 1 1 1 7 1 10 8 1 10 12 1 1 10 12 1 10 12 8 1 10 7 12 1 1 1 10 7 12 1 1 1 10 7 12 1 1 1 8 1 10 12 1 8 1 9 12 1 100 1 8 1 10 12 1 10 8 1 8 1 8 1 10 7 12 1 1 1 8 1 10 7 12 1 1 1 8 1 10 12 1 9 12 1 1 11 12 1 9 7 12 1 1 10 7 12 1 1 1 10 7 12 1 1 1 10 12 1 1 8 1 10 12 1 1 10 12 1 10 12 1 1 9 7 12 1 1 1 10 12 1 1 10 12 1 1 9 12 1 10 12 1 10 12 1 9 12 1 1 11 7 12 1 1 10 12 1 1 9 12 1 9 12 1 10 12 1 10 12 1 100 1 8 1 10 10 12 1 1 10 12 1 8 1 10 12 1 1 8 1 8 1 10 12 1 1 10 12 1 10 12 1 1 10 12 1 18 12 1 1 10 12 1 1 11 12 1 9 12 1 11 12 100 1 10 12 1 18 12 1 11 12 1 1 11 12 1 1 11 12 1 10 12 1 1 10 12 1 1 9 12 1 10 12 10 7 12 1 1 10 7 1 18 12 1 1 11 100 12 1 1 1 18 12 1 11 12 1 1 10 100 12 1 1 1 11 12 1 1 10 100 12 1 1 11 12 1 1 10 12 1 1 100 1 11 12 1 100 1 100 1 10 12 1 10 7 12 1 1 1 10 100 12 1 1 1 10 11 100 12 1 8 1 10 12 1 10 12 1 1 10 100 12 1 1 10 12 1 10 12 1 100 1 10 12 1 10 11 12 1 10 12 11 12 1 1 11 7 12 1 1 11 12 1 1 10 12 1 1 9 12 1 1 100 1 10 10 12 1 1 11 100 1 10 12 1 1 11 12 1 10 11 10 12 1 11 10 12 1 1 10 12 1 1 10 12 1 1 10 100 12 1 1 10 12 1 10 12 1 1 10 10 12 1 1 10 12 1 18 12 1 11 12 1 18 12 1 10 12 1 10 12 1 10 12 100 1 10 12 1 10 12 1 10 12 1 9 12 1 100 1 10 10 10 10 12 1 10 12 1 10 12 1 10 12 1 1 10 12 1 1 10 12 1 9 12 1 10 12 1 100 1 8 1 10 12 1 1 10 12 1 10 100 12 1 1 100 1 10 12 1 1 100 1 8 1 100 1 9 100 12 1 1 1 11 100 12 1 1 10 12 1 1 11 12 1 1 18 12 1 1 11 12 1 1 100 1 10 12 1 10 12 1 1 100 1 100 1 10 12 8 1 10 12 1 1 10 12 1 1 10 7 12 1 1 10 12 1 1 10 12 1 10 12 10 12 1 1 100 1 10 10 12 1 1 10 100 12 1 1 1 100 1 10 100 12 1 1 1 10 100 12 1 1 8 1 18 12 1 1 100 1 100 1 9 12 1 1 9 12 1 9 12 1 11 100 12 1 1 1 100 1 11 12 1 1 100 1 10 12 1 8 1 10 12 1 10 12 10 12 1 8 1 10 10 100 12 1 1 10 12 1 1 7 1 10 10 12 1 10 7 12 1 1 9 12 1 9 12 1 9 12 1 9 12 1 9 12 1 10 12 10 12 1 100 1 1 1 1 1 1 1 1 1 1 1 1 1 1 1 1 1 1 1 1 1 1 1 1 1 1 1 1 1 1 1 1 1 1 1 1 1 1 1 1 1 1 1 1 1 1 1 1 1 1 1 1 1 1 1 1 1 1 1 1 1 1 1 1 1 1 1 1 1 1 1 1 1 1 1 1 1 1 1 1 1 1 1 1 1 1 1 1 1 1 1 1 1 1 1 1 1 1 1 1 1 1 1 1 1 1 1 1 100 100 1 1 1 1 1 1 1 1 1 1 1 1 1 1 1 1 1 1 1 1 1 1 1 1 1 1 100 1 100 1 1 1 1 1 1 1 1 1 1 1 1 1 1 1 1 1 1 100 1 1 1 1 1 1 1 1 1 1 1 1 1 1 1 1 1 1 1 1 1 1 1 1 1 1 1 16 15 10 12 16 15 10 12 16 1 16 15 10 12 16 16 15 10 16 1 15 10 12 16 1 15 10 12 16 1 16 1 15 10 12 16 15 10 7 12 1 1 1 15 10 100 12 1 1 1 1 1 1 1 1 1 1 1 1 1 100 1 100 1 1
staticfield java/lang/Module ALL_UNNAMED_MODULE Ljava/lang/Module; java/lang/Module
staticfield java/lang/Module ALL_UNNAMED_MODULE_SET Ljava/util/Set; java/util/ImmutableCollections$Set12
staticfield java/lang/Module EVERYONE_MODULE Ljava/lang/Module; java/lang/Module
staticfield java/lang/Module EVERYONE_SET Ljava/util/Set; java/util/ImmutableCollections$Set12
staticfield java/lang/Module $assertionsDisabled Z 1
ciInstanceKlass java/lang/StringLatin1 1 1 400 7 1 10 100 12 1 1 1 10 12 1 1 100 1 10 7 12 1 1 1 10 7 12 1 1 1 10 12 1 10 7 12 1 1 1 10 12 1 1 10 7 12 1 1 1 10 7 12 1 1 1 10 12 1 1 10 12 1 1 10 10 12 1 10 12 1 10 9 7 12 1 1 1 10 12 1 1 10 7 12 1 1 1 10 12 10 12 1 1 10 12 1 1 10 12 1 10 12 1 1 10 12 1 10 7 12 1 1 10 12 1 10 12 1 1 9 12 1 1 100 1 10 10 12 1 1 10 7 12 1 1 1 10 12 1 10 12 1 100 1 100 1 8 1 10 12 1 8 1 10 12 1 1 100 1 10 10 12 1 10 7 12 1 1 1 8 1 8 1 8 1 10 12 1 1 10 12 10 100 12 1 1 10 12 1 10 12 1 1 10 12 1 1 10 12 1 1 10 12 1 10 12 10 12 10 12 1 10 12 10 10 12 1 10 12 1 10 12 1 10 100 12 1 1 1 10 100 12 1 1 1 10 12 1 1 10 10 7 12 1 1 1 1 1 1 1 1 1 1 1 1 1 1 1 1 1 1 1 1 1 1 1 1 1 1 1 1 1 1 1 1 1 1 1 1 1 1 1 1 1 1 1 1 1 1 1 1 1 1 1 1 1 1 100 1 1 1 1 1 1 1 1 1 1 1 1 1 1 1 1 1 1 1 1 1 1 1 1 1 1 1 1 1 1 1 1 1 1 1 1 1 1 1 1 1 1 1 100 1 1 1 1 1 1 1 1 1 1 1 1 1 1 1 1 1 1 1 1 1 1 1 100 1 1 1 1 1 1 1 1 1 1 1 1 1 1 1 1 1 1 1 1 1 1 1 1 1 1 1 1 1 1 1 1 100 1 1 1 1
staticfield java/lang/StringLatin1 $assertionsDisabled Z 1
ciMethod java/lang/StringLatin1 charAt ([BI)C 964 0 2302002 0 0
ciInstanceKlass java/lang/StringUTF16 1 1 603 100 1 7 1 10 100 12 1 1 1 10 7 12 1 1 1 100 1 10 3 100 1 100 1 10 8 1 10 12 1 1 10 12 1 8 1 10 12 1 1 10 12 1 9 12 1 1 10 12 1 1 100 1 8 1 10 12 1 9 12 1 1 9 12 1 10 10 12 1 1 10 12 1 1 10 7 12 1 1 1 10 12 1 10 12 1 1 10 12 1 1 10 12 1 1 10 12 1 1 10 12 1 10 12 1 1 10 12 1 1 10 12 1 1 10 12 1 1 10 12 1 1 10 12 1 10 7 12 1 1 1 10 12 1 1 10 100 12 1 1 1 10 12 1 1 10 12 1 10 12 1 1 10 12 1 1 10 12 1 1 10 12 1 10 12 1 100 1 10 12 1 10 10 12 1 10 12 1 1 10 12 1 10 7 12 1 1 1 10 12 1 1 10 12 10 12 1 1 10 12 1 10 12 1 1 10 12 1 10 12 1 10 12 1 10 12 1 10 7 12 1 1 1 3 10 12 1 10 12 1 10 12 1 10 12 1 10 12 1 10 12 1 1 9 12 1 10 12 1 10 12 10 12 1 1 10 12 1 10 12 1 10 12 1 10 10 12 10 12 10 10 12 1 1 10 12 1 10 12 1 10 12 1 100 1 8 1 8 1 10 12 1 1 100 1 10 10 7 12 1 1 1 10 7 12 1 1 8 1 8 1 8 1 10 12 1 1 10 12 1 1 10 12 10 100 12 1 1 10 12 1 1 10 12 1 1 10 12 1 10 12 10 12 10 12 1 10 12 10 12 1 10 12 1 10 12 1 10 12 1 10 100 12 1 1 1 10 100 12 1 1 1 10 12 1 1 11 7 12 1 1 10 12 1 1 10 12 1 10 12 10 12 10 7 12 1 1 1 10 7 12 1 1 1 10 12 1 1 1 1 1 1 1 1 1 1 1 1 1 1 1 1 1 1 1 1 1 1 1 1 1 1 1 1 1 1 100 1 1 1 1 1 1 1 1 1 1 1 1 1 1 1 1 1 1 1 1 1 1 1 1 1 1 1 1 1 1 1 1 1 1 1 1 1 1 1 1 1 1 1 1 1 1 1 1 1 1 1 1 1 1 1 1 1 1 1 1 1 1 1 1 1 1 1 1 1 1 1 1 1 1 1 1 1 1 1 1 1 1 1 1 1 1 1 1 1 100 1 1 1 1 1 1 1 1 1 1 1 1 1 1 1 1 1 100 1 1 1 1 1 1 1 1 1 1 1 1 1 1 1 1 1 1 1 1 1 1 1 1 1 1 1 1 1 1 1 1 1 1 1 1 1 1 1 1 1 1 1 1 1 1 1 1 1 100 1 100 1 1 1 1 1
staticfield java/lang/StringUTF16 HI_BYTE_SHIFT I 0
staticfield java/lang/StringUTF16 LO_BYTE_SHIFT I 8
staticfield java/lang/StringUTF16 $assertionsDisabled Z 1
ciInstanceKlass jdk/internal/misc/Unsafe 1 1 1248 10 7 12 1 1 1 10 7 12 1 1 9 12 1 1 9 12 1 1 10 12 1 1 10 7 12 1 1 1 10 12 1 1 10 12 1 1 10 12 1 1 10 12 1 1 10 12 1 1 10 12 1 1 10 12 1 1 10 12 1 1 10 12 1 1 10 12 1 1 10 12 1 1 10 12 1 1 10 12 1 1 10 12 1 10 12 1 100 1 10 10 12 1 1 10 12 1 1 5 0 10 12 1 1 10 12 1 1 10 7 12 1 1 1 10 12 1 1 10 12 1 10 12 1 10 12 1 1 10 12 1 1 10 12 1 10 12 1 100 1 100 1 10 8 1 10 12 1 1 10 12 1 8 1 10 12 1 1 10 12 1 10 12 1 10 12 1 1 10 12 1 10 12 1 1 10 12 1 1 10 12 1 10 12 1 10 12 1 10 12 1 1 10 12 1 10 12 1 10 12 1 1 10 12 1 5 0 5 0 5 0 10 12 1 10 12 1 10 12 1 10 12 1 10 12 1 10 12 1 10 12 1 10 12 1 10 12 1 1 10 12 1 10 12 1 100 1 8 1 10 100 1 10 10 12 1 1 10 12 1 1 10 12 1 10 12 1 1 10 12 1 1 10 12 1 10 12 1 1 10 12 1 9 7 12 1 1 9 12 1 100 1 10 10 12 1 1 8 1 10 8 1 8 1 10 12 1 1 9 7 12 1 1 1 9 100 1 9 7 1 9 7 1 9 9 100 1 9 7 1 9 100 1 10 12 1 1 10 12 1 1 10 12 1 1 10 12 1 1 5 0 5 0 9 12 1 1 10 12 1 10 12 1 10 12 1 1 10 12 1 1 10 12 1 8 1 3 10 12 1 1 10 12 1 1 10 12 1 10 12 1 1 10 12 1 1 10 12 1 10 12 1 10 12 1 10 12 1 10 12 1 10 12 1 1 10 12 1 1 10 12 1 10 12 1 10 12 1 10 12 1 10 12 1 10 12 1 1 10 12 1 1 10 12 1 10 12 1 10 12 1 10 12 1 10 12 1 10 12 1 1 10 12 1 1 10 12 1 1 10 12 1 1 10 12 1 10 12 1 10 12 1 10 12 1 10 12 1 10 12 1 10 12 1 1 10 12 1 1 10 12 1 10 12 1 10 12 1 10 12 1 10 12 1 10 12 1 10 12 1 1 10 12 1 1 10 12 1 10 12 1 10 12 1 10 12 1 10 12 1 10 12 1 10 12 1 10 12 1 1 10 12 1 10 12 1 10 12 1 10 12 1 10 12 1 1 10 12 1 10 12 1 10 12 1 10 12 1 10 12 1 10 12 1 10 12 1 10 12 1 1 10 12 1 10 12 1 10 12 1 10 12 1 10 12 1 10 12 1 1 10 12 1 10 12 1 10 12 1 1 10 12 1 10 12 1 10 12 1 10 12 1 10 12 1 10 12 1 10 12 1 10 12 1 10 12 1 10 12 1 10 12 1 10 12 1 10 12 1 10 12 1 10 12 1 10 12 1 10 12 1 10 12 1 10 12 1 10 12 1 10 12 1 10 12 1 10 12 1 100 1 10 100 1 10 9 12 1 5 0 10 12 1 1 5 0 10 12 1 5 0 10 12 1 10 12 1 10 12 1 1 10 12 1 1 10 12 1 10 12 1 10 12 1 10 12 1 1 10 12 1 10 12 1 10 12 1 10 12 1 10 12 1 1 10 12 1 10 12 1 10 12 1 10 12 1 1 10 12 1 10 12 1 10 12 1 1 10 12 1 10 12 1 10 12 1 10 12 1 1 10 12 1 10 10 12 1 1 10 12 1 10 12 1 1 10 12 1 10 12 5 0 5 0 5 0 10 12 1 1 10 12 1 10 12 1 10 12 10 100 12 1 1 8 1 100 1 11 12 1 1 8 1 11 12 1 1 10 100 12 1 1 10 12 1 10 7 1 10 12 1 1 9 12 1 1 7 1 9 12 1 7 1 9 12 1 7 1 9 12 1 7 1 9 12 1 7 1 9 12 1 7 1 9 12 1 7 1 9 12 1 7 1 9 12 1 10 12 1 9 12 1 9 12 1 9 12 1 9 12 1 9 12 1 9 12 1 9 12 1 9 12 1 9 12 1 9 12 1 1 1 5 0 1 1 1 1 1 1 1 1 1 1 1 1 1 1 1 1 1 1 1 1 1 1 1 1 1 1 1 1 1 1 1 1 1 1 1 1 1 1 1 1 1 1 1 1 1 1 1 1 1 1 1 1 1 1 1 1 1 1 1 1 1 1 1 1 1 1 1 1 1 1 1 1 1 1 1 1 1 1 1 1 1 1 1 1 1 1 1 1 1 1 100 1 1 1 1 1 1 1 1 1 1 1 1 1 1 1 1 1 1 1 1 1 1 1 1 1 1 1 1 1 1 1 1 1 1 1 1 1 1 1 1 1 1 1 1 1 1 1 1 1 1 1 1 1 1 1 1 1 1 1 1 1 1 1 1 1 1 1 1 1 1 1 1 1 1 1 1 1 1 1 1 1 1 1 1 1 1 1 1 1 1 1 1 1 1 1 1 1 1 1 1 1 1 1 1 1 1 1 1 1 1 1 1 1 1 1 1 1 1 1 1 1 1 1 1 1 1 1 1 1 1 1 1 1 1 1 1 1 1 1 1 1 1 1 1 1 1 1 1 1 1 1 1 1 1 1 1 1 1 1 1 1 1 1 1 1 1 1 1 1 1 1 1 1 1 1 1 1 1 1 1 1 1 1 1 1 1 1 1 1 1 1 1 1 1 1 1 1 1 1 1 1 1 1 1 1 1 1 1 1 1 1 1 1
staticfield jdk/internal/misc/Unsafe theUnsafe Ljdk/internal/misc/Unsafe; jdk/internal/misc/Unsafe
staticfield jdk/internal/misc/Unsafe ARRAY_BOOLEAN_BASE_OFFSET J 16
staticfield jdk/internal/misc/Unsafe ARRAY_BYTE_BASE_OFFSET J 16
staticfield jdk/internal/misc/Unsafe ARRAY_SHORT_BASE_OFFSET J 16
staticfield jdk/internal/misc/Unsafe ARRAY_CHAR_BASE_OFFSET J 16
staticfield jdk/internal/misc/Unsafe ARRAY_INT_BASE_OFFSET J 16
staticfield jdk/internal/misc/Unsafe ARRAY_LONG_BASE_OFFSET J 16
staticfield jdk/internal/misc/Unsafe ARRAY_FLOAT_BASE_OFFSET J 16
staticfield jdk/internal/misc/Unsafe ARRAY_DOUBLE_BASE_OFFSET J 16
staticfield jdk/internal/misc/Unsafe ARRAY_OBJECT_BASE_OFFSET J 16
staticfield jdk/internal/misc/Unsafe ARRAY_BOOLEAN_INDEX_SCALE I 1
staticfield jdk/internal/misc/Unsafe ARRAY_BYTE_INDEX_SCALE I 1
staticfield jdk/internal/misc/Unsafe ARRAY_SHORT_INDEX_SCALE I 2
staticfield jdk/internal/misc/Unsafe ARRAY_CHAR_INDEX_SCALE I 2
staticfield jdk/internal/misc/Unsafe ARRAY_INT_INDEX_SCALE I 4
staticfield jdk/internal/misc/Unsafe ARRAY_LONG_INDEX_SCALE I 8
staticfield jdk/internal/misc/Unsafe ARRAY_FLOAT_INDEX_SCALE I 4
staticfield jdk/internal/misc/Unsafe ARRAY_DOUBLE_INDEX_SCALE I 8
staticfield jdk/internal/misc/Unsafe ARRAY_OBJECT_INDEX_SCALE I 4
staticfield jdk/internal/misc/Unsafe ADDRESS_SIZE I 8
ciMethod java/lang/StringUTF16 length ([B)I 2 0 70375 0 96
ciMethod java/lang/StringUTF16 checkIndex (I[B)V 0 0 61663 0 120
ciMethod java/lang/StringUTF16 getChar ([BI)C 1024 0 11797 0 -1
ciMethod java/lang/StringUTF16 charAt ([BI)C 0 0 61660 0 128
ciInstanceKlass java/lang/Thread$FieldHolder 1 1 55 10 7 12 1 1 1 9 7 12 1 1 1 9 12 1 1 9 12 1 1 9 12 1 1 9 12 1 1 1 1 1 1 1 1 1 1 1 1 100 1 100 1 1 1 1 100 1 1 1 100 1 100 1 1
ciInstanceKlass java/lang/Thread$Constants 0 0 47 100 1 10 100 12 1 1 1 10 12 1 1 10 12 1 1 10 100 12 1 1 8 1 10 12 1 9 100 12 1 1 1 1 1 1 1 1 1 1 1 1 1 1 1 1 1
ciInstanceKlass java/lang/ThreadGroup 1 1 380 10 7 12 1 1 1 9 7 12 1 1 1 8 1 9 12 1 1 100 1 9 12 1 1 9 12 1 1 10 7 12 1 1 1 10 12 1 1 10 12 1 10 12 1 1 10 12 1 1 10 12 1 10 12 1 10 12 1 10 100 12 1 1 1 10 12 1 1 18 12 1 1 11 100 12 1 1 1 10 12 1 1 10 12 1 1 10 12 1 1 10 100 12 1 1 1 10 12 1 11 12 1 1 11 100 12 1 1 11 12 1 1 10 12 1 1 10 12 1 10 12 1 11 12 1 11 12 1 1 10 12 1 100 1 10 18 12 1 1 11 100 12 1 1 1 11 12 1 1 9 100 12 1 1 1 10 12 1 1 8 1 10 100 12 1 1 1 10 100 12 1 1 1 10 12 1 1 11 12 10 12 1 1 10 12 1 1 11 100 1 9 12 1 100 1 10 8 1 10 12 1 1 10 12 1 1 8 1 10 12 1 10 100 12 1 1 1 10 12 1 1 10 7 1 8 1 10 8 1 10 12 1 10 12 1 8 1 9 12 1 1 9 12 1 10 100 12 1 1 1 100 9 12 1 1 7 1 9 12 1 10 12 10 12 1 1 100 10 12 9 12 1 10 12 1 100 1 10 100 1 10 10 12 1 10 12 1 1 1 1 1 1 1 1 1 1 1 1 1 1 1 1 3 1 1 1 1 1 1 1 1 1 1 1 100 1 1 1 1 1 1 1 1 1 1 1 1 1 1 1 1 1 1 1 1 1 1 1 1 1 1 1 1 1 1 1 1 1 1 1 1 1 1 1 1 16 15 10 12 16 16 15 10 12 16 15 10 100 12 1 1 1 1 1 100 1 100 1 1
staticfield java/lang/ThreadGroup $assertionsDisabled Z 1
ciInstanceKlass java/lang/Thread$UncaughtExceptionHandler 1 0 16 100 1 100 1 1 1 1 1 1 1 1 100 1 1 1
instanceKlass java/lang/ThreadBuilders$BoundVirtualThread
instanceKlass java/lang/VirtualThread
ciInstanceKlass java/lang/BaseVirtualThread 0 0 36 10 100 12 1 1 1 100 1 1 1 1 1 1 1 1 1 1 1 1 1 1 1 1 1 1 1 1 100 1 100 1 1 100 1 1
ciInstanceKlass java/lang/VirtualThread 0 0 930 9 100 12 1 1 1 9 12 1 1 10 100 12 1 1 1 10 100 12 1 1 1 10 100 12 1 1 1 9 12 1 1 100 1 10 12 1 9 12 1 1 18 12 1 1 9 12 1 1 10 12 1 1 100 1 10 12 1 10 12 1 1 10 12 1 1 10 12 1 10 12 1 1 9 12 1 1 10 12 1 10 100 12 1 10 12 1 10 12 1 10 12 1 10 12 1 9 12 1 1 11 100 12 1 1 1 10 10 12 1 11 100 12 1 1 1 10 12 1 100 1 10 12 1 1 100 1 9 12 1 1 5 0 10 100 12 1 1 1 9 12 1 100 1 100 1 10 10 100 12 1 1 1 10 100 12 1 1 1 10 12 1 1 10 12 1 10 12 1 1 10 12 1 10 12 10 12 1 100 1 10 10 12 1 10 12 1 1 9 12 1 1 10 12 1 1 9 12 1 1 10 12 1 9 12 1 10 100 12 1 1 10 9 10 10 12 1 1 10 12 1 1 10 100 12 1 1 10 100 1 10 9 10 100 1 10 12 1 1 10 12 1 10 10 12 1 1 9 12 1 10 12 1 10 12 1 9 12 1 1 10 12 1 10 12 1 10 12 1 1 9 12 1 1 10 12 1 10 12 1 1 10 12 1 10 12 1 1 9 12 1 18 9 100 12 1 1 1 10 12 1 1 9 12 1 10 12 1 10 12 1 1 10 12 1 9 12 1 1 18 12 1 9 12 1 9 12 1 10 12 9 12 1 1 10 100 12 1 1 10 12 1 10 12 1 1 10 100 12 1 1 10 12 1 100 1 8 1 10 12 1 10 12 1 1 10 12 1 10 12 1 10 12 1 10 100 12 1 1 10 12 1 10 12 1 10 12 1 10 12 1 10 100 12 1 1 8 1 10 12 1 10 12 1 10 12 1 10 12 1 1 10 12 1 10 12 10 12 10 12 1 100 1 10 10 12 1 10 12 1 1 10 12 1 1 10 12 1 10 12 1 10 12 1 1 10 12 1 1 11 100 12 1 1 11 12 1 10 12 9 100 12 1 1 1 9 12 1 10 12 1 1 9 12 1 9 12 1 9 12 1 9 12 1 100 1 10 10 12 1 1 10 12 1 100 1 100 1 10 8 1 10 12 1 1 10 12 1 10 12 1 10 10 12 1 8 1 10 10 12 1 10 12 1 10 100 12 1 1 8 1 8 1 10 12 1 1 10 10 9 100 12 1 1 1 10 12 1 1 10 12 1 10 10 12 9 12 1 10 12 1 1 10 12 1 9 12 1 10 12 1 1 9 12 1 10 12 1 1 9 12 1 10 12 1 1 18 12 1 1 8 1 10 12 1 1 8 1 8 1 10 100 12 1 1 1 10 100 12 1 1 1 10 12 1 10 12 1 1 10 12 1 18 12 1 1 18 12 1 1 5 0 9 12 1 10 12 1 10 12 1 10 100 1 10 12 1 1 9 12 1 9 12 1 1 10 12 1 1 10 12 1 10 12 10 12 1 1 10 100 12 1 1 10 12 1 1 100 1 8 1 10 10 12 1 8 10 12 1 1 8 8 9 12 1 8 8 10 12 1 10 12 1 1 8 1 18 12 1 10 100 12 1 1 10 12 1 10 12 1 3 1 3 1 3 1 3 1 3 1 3 1 3 1 3 1 3 1 3 1 3 1 3 1 3 3 1 3 3 1 3 3 1 3 3 1 3 1 1 1 1 1 1 1 1 1 1 1 1 1 1 1 1 1 100 1 1 1 1 1 1 1 1 1 1 1 1 1 1 1 1 1 1 1 1 100 1 1 1 1 1 1 1 1 1 1 1 1 1 1 1 1 1 1 1 1 1 1 1 1 1 1 1 1 1 1 1 1 1 100 1 1 1 1 1 1 1 1 1 1 1 1 1 1 1 1 1 1 1 1 1 1 1 1 1 1 1 100 1 1 1 1 1 1 1 1 1 1 1 1 1 1 1 1 1 1 1 1 1 1 100 1 1 16 15 10 12 15 10 12 15 10 12 16 15 10 12 16 15 10 12 16 15 10 12 16 15 10 12 15 10 100 12 1 1 1 1 1 1 1 100 1 1 1 100 1 100 1 1
ciInstanceKlass java/lang/ThreadBuilders$BoundVirtualThread 0 0 132 10 100 12 1 1 1 9 100 12 1 1 1 10 100 12 1 1 1 9 12 1 1 10 12 1 1 10 12 1 1 9 12 1 1 10 100 12 1 1 1 10 12 1 1 100 1 8 1 10 12 1 10 12 1 1 10 12 1 1 10 12 1 1 10 100 12 1 1 1 8 1 10 12 1 8 1 10 12 1 1 10 100 12 1 1 9 100 12 1 1 1 10 12 1 1 10 10 12 1 1 1 1 1 1 1 1 1 1 1 1 1 1 1 1 1 1 1 1 1 1 1 1 1 1 1 1 100 1 1 1 1
instanceKlass java/lang/Exception
instanceKlass java/lang/Error
ciInstanceKlass java/lang/Throwable 1 1 403 10 7 12 1 1 1 9 7 12 1 1 1 9 12 1 1 9 12 1 9 12 1 1 9 12 1 10 12 1 1 9 12 1 1 10 12 1 1 10 100 12 1 1 1 9 12 1 1 10 12 1 1 10 12 1 100 1 100 1 10 8 1 10 12 1 1 8 1 10 100 12 1 1 10 10 12 1 100 1 8 1 10 10 7 12 1 1 10 12 1 8 1 9 100 12 1 1 1 10 12 1 1 100 1 10 12 10 12 1 100 1 10 10 7 12 1 1 1 11 100 12 1 1 1 10 100 12 1 1 1 10 12 1 1 10 12 1 1 8 1 10 12 1 10 12 1 1 8 1 8 1 10 12 1 1 10 12 1 8 1 8 1 9 12 1 10 100 12 1 1 100 1 10 11 12 1 8 1 8 1 10 7 12 1 1 8 1 10 12 1 8 1 100 1 10 12 1 9 12 1 1 10 12 1 10 7 12 1 9 12 1 1 10 12 1 1 100 1 8 1 10 12 1 10 100 12 1 1 10 12 1 1 100 1 10 100 12 1 1 1 10 12 1 11 100 12 1 1 1 11 100 12 1 1 1 11 12 1 8 1 10 12 1 1 8 1 10 10 9 100 12 1 1 1 8 1 10 12 1 1 11 10 100 1 8 1 10 11 12 1 1 8 1 9 12 1 10 100 12 1 1 11 9 12 1 1 11 12 1 1 100 10 12 1 10 12 1 1 100 1 1 1 1 5 0 1 1 1 1 1 1 1 1 1 1 1 1 100 1 1 1 1 1 1 1 1 1 1 1 1 1 1 1 1 1 1 1 1 1 1 1 1 1 1 1 1 1 1 1 1 1 1 1 1 1 1 1 1 1 1 1 100 1 100 1 1 1 1 1 1 1 1 1 1 1 1 1 1 1 1 1 1
staticfield java/lang/Throwable UNASSIGNED_STACK [Ljava/lang/StackTraceElement; 0 [Ljava/lang/StackTraceElement;
staticfield java/lang/Throwable SUPPRESSED_SENTINEL Ljava/util/List; java/util/Collections$EmptyList
staticfield java/lang/Throwable EMPTY_THROWABLE_ARRAY [Ljava/lang/Throwable; 0 [Ljava/lang/Throwable;
staticfield java/lang/Throwable $assertionsDisabled Z 1
ciInstanceKlass jdk/internal/vm/ContinuationScope 0 0 50 10 100 12 1 1 1 10 100 12 1 1 1 100 1 9 100 12 1 1 1 10 12 1 1 10 100 12 1 1 1 10 12 1 1 10 12 1 1 1 1 1 1 1 1 1 1 1 1 1
ciInstanceKlass jdk/internal/vm/StackChunk 1 1 32 10 100 12 1 1 1 9 100 12 1 1 1 9 12 1 1 9 12 1 1 1 1 1 1 1 1 1 1 1 1 1
ciInstanceKlass java/lang/Boolean 1 1 146 10 7 12 1 1 1 9 7 12 1 1 1 10 12 1 1 10 12 1 8 1 10 7 12 1 1 9 12 1 1 9 12 1 10 12 1 1 10 12 1 1 10 12 1 1 10 12 1 10 7 12 1 1 1 10 12 1 1 9 100 12 1 1 9 12 10 100 12 1 1 1 10 12 1 1 8 1 10 7 12 1 1 1 9 12 1 1 100 1 100 1 100 1 1 1 1 1 1 5 0 1 1 1 1 1 1 1 1 1 1 1 1 1 1 1 1 1 1 1 1 1 1 1 1 1 1 1 1 1 1 1 1 1 1 1 100 1 1 1 1 1 1 1 1 1
staticfield java/lang/Boolean TRUE Ljava/lang/Boolean; java/lang/Boolean
staticfield java/lang/Boolean FALSE Ljava/lang/Boolean; java/lang/Boolean
staticfield java/lang/Boolean TYPE Ljava/lang/Class; java/lang/Class
ciInstanceKlass java/lang/Character 1 1 603 7 1 100 1 100 1 9 12 1 1 8 1 9 12 1 1 100 1 9 12 1 1 10 100 12 1 1 1 10 100 12 1 1 1 10 100 12 1 1 1 10 7 12 1 1 1 9 7 12 1 1 1 10 12 1 10 12 1 1 10 12 1 1 10 7 12 1 1 10 12 1 1 3 3 3 3 3 10 12 1 1 10 12 1 3 11 7 12 1 1 1 11 12 1 1 10 12 1 1 10 12 1 1 100 1 10 10 12 1 3 10 12 1 1 10 12 1 10 12 1 1 100 1 8 1 10 12 1 1 10 12 1 10 12 1 10 12 1 10 100 12 1 1 1 10 12 1 10 12 1 10 12 1 1 10 12 1 10 7 12 1 1 10 10 12 1 10 10 12 1 10 12 1 1 10 12 1 10 10 12 1 10 12 1 10 12 1 10 12 1 10 12 1 10 12 1 10 12 1 10 12 10 10 12 10 10 12 1 10 10 12 1 10 10 12 1 10 10 12 1 10 12 1 10 12 1 10 12 1 10 12 1 10 12 1 10 12 1 10 10 12 1 10 10 12 1 10 10 12 1 1 10 10 12 1 10 5 0 10 12 1 10 12 1 10 10 12 1 10 10 12 1 1 10 10 12 1 10 10 12 1 9 12 1 1 100 1 10 10 12 1 10 12 1 1 3 10 100 12 1 1 1 10 12 1 10 100 12 1 1 100 1 10 10 12 1 1 10 12 1 1 10 12 1 1 8 1 10 12 1 9 100 12 1 1 1 10 12 1 10 10 12 1 10 12 1 1 10 12 1 10 10 12 1 1 10 10 12 1 1 100 1 8 1 10 12 1 1 10 7 12 1 1 1 8 1 10 12 1 1 9 12 1 1 100 1 100 1 100 1 1 1 1 3 1 3 1 3 1 3 1 1 1 1 1 3 1 1 3 1 3 1 3 1 3 1 3 1 3 1 3 1 3 1 3 1 3 1 3 1 3 1 3 1 3 1 3 1 3 1 3 1 3 1 3 1 3 1 3 1 3 1 3 1 3 1 3 1 3 1 3 1 3 1 1 1 1 1 1 1 1 1 1 1 1 1 1 1 1 1 1 1 3 1 1 1 1 1 1 1 3 1 1 3 1 1 1 1 1 3 1 1 5 0 1 1 1 1 1 1 1 1 1 1 1 1 1 1 1 1 1 1 1 1 1 1 1 1 1 1 1 1 1 1 1 1 1 1 1 1 1 1 1 1 1 1 1 1 1 1 1 1 1 1 1 1 1 1 1 1 1 1 1 1 1 1 1 1 1 1 1 1 1 1 1 1 1 1 1 1 1 1 1 1 1 1 1 1 1 1 1 1 1 100 1 100 1 1 1 1 1 1
staticfield java/lang/Character TYPE Ljava/lang/Class; java/lang/Class
staticfield java/lang/Character $assertionsDisabled Z 1
ciInstanceKlass java/lang/Float 1 1 277 7 1 100 1 10 7 12 1 1 1 10 100 12 1 1 1 4 100 1 10 12 1 1 10 12 1 1 8 1 8 1 10 100 12 1 1 1 10 12 1 1 10 12 1 1 10 7 1 4 10 7 12 1 1 9 12 1 1 10 12 1 1 10 12 1 10 10 12 1 1 10 12 1 10 12 1 3 3 100 1 4 4 4 3 10 12 1 1 9 12 1 1 100 1 10 3 3 4 4 10 12 1 3 3 3 10 12 1 1 10 12 1 1 10 12 1 10 100 12 1 1 1 10 12 1 1 10 12 1 1 10 7 12 1 1 1 8 1 10 12 1 1 9 12 1 1 100 1 100 1 100 1 1 1 1 4 1 4 1 1 1 4 1 1 3 1 3 1 3 1 3 1 3 1 1 1 1 5 0 1 1 1 1 1 1 1 1 1 1 100 1 1 1 1 1 1 1 1 1 1 1 1 1 1 1 1 1 1 1 1 1 1 1 1 1 1 1 1 1 1 1 1 1 1 1 1 1 1 1 1 1 1 1 1 1 1 1 1 1 1 1 1 1 1 1 1 1 1 1 1 1 1 1 1 1 1 1 1 1 1 1 1 1 100 1 1 1 1 1 1 1 100 1 100 1 1
staticfield java/lang/Float TYPE Ljava/lang/Class; java/lang/Class
staticfield java/lang/Float $assertionsDisabled Z 1
instanceKlass com/ibm/icu/text/PluralRules$FixedDecimal
instanceKlass java/util/concurrent/atomic/Striped64
instanceKlass com/google/gson/internal/LazilyParsedNumber
instanceKlass java/math/BigDecimal
instanceKlass java/math/BigInteger
instanceKlass java/util/concurrent/atomic/AtomicLong
instanceKlass java/util/concurrent/atomic/AtomicInteger
instanceKlass java/lang/Long
instanceKlass java/lang/Integer
instanceKlass java/lang/Short
instanceKlass java/lang/Byte
instanceKlass java/lang/Double
instanceKlass java/lang/Float
ciInstanceKlass java/lang/Number 1 1 37 10 7 12 1 1 1 10 100 12 1 1 1 100 1 1 1 1 5 0 1 1 1 1 1 1 1 1 1 1 1 1 1 1 1 1 1
ciInstanceKlass java/lang/Double 1 1 288 7 1 100 1 10 100 12 1 1 1 10 12 1 1 10 100 1 10 12 1 1 10 7 12 1 1 1 6 0 8 1 10 12 1 1 8 1 10 12 1 1 8 1 6 0 10 12 1 1 100 1 5 0 5 0 8 1 8 1 10 100 12 1 1 1 10 100 12 1 1 1 8 1 10 12 1 1 8 1 8 1 8 1 10 12 1 1 10 12 1 10 12 1 1 10 12 1 10 12 1 10 12 1 1 10 12 1 10 7 1 6 0 10 7 12 1 1 9 12 1 1 10 12 1 10 12 1 10 12 1 10 12 1 10 12 1 5 0 10 12 1 1 10 12 1 10 12 1 10 100 12 1 1 1 10 12 1 1 10 12 1 1 8 1 10 7 12 1 1 1 9 12 1 1 100 1 100 1 100 1 1 1 6 0 1 6 0 1 6 0 1 1 1 6 0 1 1 3 1 3 1 3 1 3 1 3 1 1 1 1 5 0 1 1 1 1 1 1 1 1 1 1 1 1 1 1 1 1 100 1 1 1 1 1 1 1 1 1 1 1 1 1 1 1 1 1 1 1 1 1 1 1 1 1 1 1 1 1 1 1 1 1 1 1 1 1 1 1 1 1 1 1 1 1 100 1 1 1 1 1 1 1 100 1 100 1 1
staticfield java/lang/Double TYPE Ljava/lang/Class; java/lang/Class
ciInstanceKlass java/lang/Byte 1 1 212 7 1 100 1 10 100 12 1 1 1 9 12 1 1 8 1 9 12 1 1 100 1 10 12 1 1 10 12 1 1 10 100 12 1 1 1 10 100 12 1 1 1 9 7 12 1 1 1 10 12 1 1 100 1 100 1 10 12 1 1 8 1 10 12 1 1 8 1 10 12 1 10 12 1 10 12 1 10 12 1 1 10 12 1 10 12 1 10 12 1 1 10 8 1 8 1 10 7 1 9 12 1 1 10 12 1 1 10 12 1 1 10 12 1 1 10 12 1 5 0 10 12 1 1 8 1 10 7 12 1 1 1 9 12 1 1 100 1 100 1 1 1 3 1 3 1 1 1 1 3 1 3 1 1 5 0 1 1 1 1 1 1 1 1 1 1 1 1 1 1 1 1 1 1 1 1 1 1 1 1 1 1 1 1 1 1 1 1 1 1 1 1 1 1 1 1 1 1 1 1 1 1 1 1 1 1 1 1 1 1 1
staticfield java/lang/Byte TYPE Ljava/lang/Class; java/lang/Class
ciInstanceKlass java/lang/Short 1 1 220 7 1 100 1 100 1 10 100 12 1 1 1 10 12 1 1 100 1 100 1 10 12 1 1 8 1 10 12 1 1 8 1 10 12 1 10 12 1 10 12 1 10 12 1 1 10 12 1 1 10 12 1 9 12 1 1 8 1 9 12 1 1 100 1 10 12 1 1 10 12 1 10 100 12 1 1 1 10 100 12 1 1 1 9 7 12 1 1 1 10 12 1 10 12 1 1 10 8 1 8 1 10 7 1 9 12 1 1 10 12 1 1 10 12 1 1 10 12 1 1 10 12 1 3 3 5 0 10 12 1 1 8 1 10 7 12 1 1 1 9 12 1 1 100 1 100 1 1 1 3 1 3 1 1 1 1 3 1 3 1 1 5 0 1 1 1 1 1 1 1 1 1 1 1 1 1 1 1 1 1 1 1 1 1 1 1 1 1 1 1 1 1 1 1 1 1 1 1 1 1 1 1 1 1 1 1 1 1 1 1 1 1 1 1 1 1 1 1 1
staticfield java/lang/Short TYPE Ljava/lang/Class; java/lang/Class
ciInstanceKlass java/lang/Integer 1 1 436 7 1 100 1 7 1 7 1 10 12 1 1 9 12 1 1 9 12 1 1 10 100 12 1 1 1 10 12 1 1 10 100 12 1 1 1 10 10 12 1 1 10 100 12 1 1 1 10 12 1 10 12 1 1 10 7 12 1 1 1 10 12 1 1 10 12 1 1 10 12 1 10 7 12 1 1 10 12 1 1 10 12 1 10 12 1 7 1 8 1 10 12 1 8 1 100 1 10 12 1 1 10 12 1 1 8 1 10 12 1 1 8 1 10 12 1 1 10 12 1 1 10 12 1 1 3 3 10 7 12 1 1 1 11 7 1 10 12 1 1 11 10 12 1 1 10 12 1 1 8 1 10 12 1 10 12 1 8 1 100 1 10 12 1 8 1 10 12 1 1 10 12 1 8 1 10 12 1 10 12 1 7 1 9 12 1 1 9 12 1 1 10 12 1 10 7 1 9 12 1 10 12 1 10 12 1 10 12 1 1 10 12 1 1 10 7 12 1 1 1 10 12 1 1 8 1 8 1 10 12 1 1 8 1 8 1 8 1 8 1 8 1 8 1 10 12 1 10 12 1 10 12 1 5 0 3 3 3 3 10 12 1 10 12 1 3 10 12 1 10 100 12 1 1 1 10 12 1 1 10 12 1 1 8 1 10 7 12 1 1 1 9 12 1 1 100 1 100 1 100 1 1 1 1 3 1 1 1 1 1 3 1 3 1 1 5 0 1 1 1 1 1 1 1 1 1 100 1 1 1 1 1 1 1 1 1 1 1 1 1 1 1 1 1 1 1 1 1 1 1 1 1 1 1 1 1 1 1 1 1 1 1 1 1 1 1 1 1 1 1 1 1 1 1 1 1 1 1 1 1 1 1 1 1 1 1 1 1 1 1 1 1 1 1 1 1 1 1 1 1 1 1 1 1 1 1 1 1 1 1 1 1 1 1 1 1 1 1 1 1 100 1 1 1 1 1 1 1 1 1 100 1 100 1 1
staticfield java/lang/Integer TYPE Ljava/lang/Class; java/lang/Class
staticfield java/lang/Integer digits [B 36
ciInstanceKlass java/lang/Long 1 1 498 7 1 100 1 7 1 7 1 10 12 1 1 9 12 1 1 9 7 12 1 1 1 10 100 12 1 1 1 10 12 1 1 10 100 12 1 1 1 10 10 12 10 12 1 10 12 1 10 12 1 5 0 5 0 7 1 10 12 1 1 10 12 1 1 10 12 1 10 12 1 10 12 1 10 12 1 1 10 100 12 1 1 10 12 1 10 12 1 1 10 12 1 1 10 12 1 1 10 12 1 1 10 100 12 1 1 1 10 12 1 1 10 12 1 10 12 1 10 7 12 1 1 10 12 1 1 10 12 1 10 12 1 100 1 8 1 10 12 1 8 1 100 1 10 12 1 10 12 1 1 8 1 10 12 1 1 8 1 10 12 1 1 10 12 1 1 10 12 1 1 5 0 5 0 10 100 12 1 1 1 11 100 1 10 12 1 1 11 10 12 1 1 10 12 1 1 8 1 5 0 10 12 1 1 10 12 1 1 8 1 8 1 10 12 1 8 1 10 12 1 10 12 1 5 0 5 0 9 7 12 1 1 1 10 12 1 10 12 1 1 8 1 8 1 10 12 1 1 8 1 8 1 8 1 8 1 8 1 8 1 10 12 1 10 12 1 10 7 1 9 12 1 1 10 12 1 10 12 1 1 10 12 1 1 10 100 12 1 1 1 10 12 1 1 10 12 1 10 12 1 10 12 1 5 0 5 0 5 0 10 12 1 1 10 12 1 5 0 5 0 10 12 10 12 1 10 100 12 1 1 1 10 12 1 1 10 12 1 1 8 1 10 7 12 1 1 1 9 12 1 1 100 1 100 1 100 1 1 1 1 5 0 1 1 1 1 3 1 3 1 5 0 1 1 1 1 1 1 1 1 1 100 1 1 1 1 1 1 1 1 1 1 1 1 1 1 1 1 1 1 1 1 1 1 1 1 1 1 1 1 1 1 1 1 1 1 1 1 1 1 1 1 1 1 1 1 1 1 1 1 1 1 1 1 1 1 1 1 1 1 1 1 1 1 1 1 1 1 1 1 1 1 1 1 1 1 1 1 1 1 1 1 1 1 1 1 1 1 1 1 1 1 1 1 1 1 1 1 1 1 1 1 100 1 1 1 1 1 1 1 1 1 100 1 100 1 1
staticfield java/lang/Long TYPE Ljava/lang/Class; java/lang/Class
ciMethod java/lang/Long toString (J)Ljava/lang/String; 1024 0 7911 0 0
ciInstanceKlass java/lang/Void 1 1 31 10 100 12 1 1 1 8 1 10 7 12 1 1 1 9 7 12 1 1 1 1 1 1 1 1 1 1 1 1 1
staticfield java/lang/Void TYPE Ljava/lang/Class; java/lang/Class
ciInstanceKlass jdk/internal/vm/vector/VectorSupport 0 0 597 100 1 10 100 12 1 1 1 9 12 1 1 10 100 12 1 1 1 100 1 10 12 1 11 100 12 1 1 1 11 100 12 1 1 1 11 100 12 1 1 1 11 100 12 1 1 11 100 12 1 1 11 100 12 1 1 11 100 12 1 1 11 100 12 1 1 11 100 12 1 1 11 100 12 1 1 11 100 12 1 1 1 11 100 12 1 1 11 100 12 1 1 1 11 100 12 1 1 1 11 100 12 1 1 11 100 12 1 1 1 11 100 12 1 1 100 1 10 12 1 1 11 100 12 1 1 11 100 12 1 1 11 100 12 1 1 11 100 1 11 100 12 1 1 11 100 12 1 1 11 100 12 1 1 9 12 1 1 10 100 12 1 1 11 100 12 1 1 10 100 12 1 1 1 10 100 12 1 1 10 12 1 1 10 12 1 1 1 1 1 3 1 3 1 3 1 3 1 3 1 3 1 3 1 3 1 3 1 3 1 3 1 3 1 3 1 3 1 3 1 3 1 3 1 3 1 3 1 3 1 3 1 3 1 3 1 3 1 3 1 3 1 3 1 3 1 3 1 3 1 3 1 3 1 3 1 3 1 3 1 3 1 3 1 3 1 3 1 3 1 3 1 3 1 3 1 3 1 3 1 3 1 3 1 3 1 3 1 3 1 3 1 3 1 3 1 1 1 3 1 3 1 3 1 3 1 3 1 3 1 1 1 1 1 1 1 1 1 1 1 1 1 1 1 1 1 1 1 1 1 1 1 1 1 1 1 1 1 1 1 1 1 1 1 1 1 1 1 1 1 1 1 1 1 1 1 1 1 1 1 1 1 1 1 1 1 1 1 1 1 1 1 1 1 1 1 1 1 1 1 1 1 1 1 1 1 1 1 1 1 1 1 1 1 1 1 1 1 1 1 1 1 1 1 1 1 1 1 1 1 1 1 1 1 1 1 1 1 1 1 1 1 1 1 1 1 1 1 1 1 1 1 1 1 1 1 1 1 1 1 1 1 1 1 1 1 1 1 1 1 1 1 1 1 1 1 1 1 1 1 1 1 1 1 1 1 1 1 1 1 1 1 1 1 1 1 1 1 1 1 1 1 1 1 1 1 1 1 1 1 1 1 1 1 1 1 1 1 1 1 1 1 1 1 1 1 1 1 1 1 1 1 1 1 1 1 1 1 1 1 1 1 1 1 1 1 1 1 1 1 1 1 1 1 1 1 1 1 1 1 1 1 1 1 1 1 1 1 1 1 1 1 1 1 1 1 100 1 100 1 100 1 100 1 100 1 1 1 1 1 1 1 1 1 1 1 1 1 1 1 1 1 1 1 1 1 1 1 1 1 1 1 1 1 1 1
instanceKlass jdk/internal/vm/vector/VectorSupport$VectorShuffle
instanceKlass jdk/internal/vm/vector/VectorSupport$VectorMask
instanceKlass jdk/internal/vm/vector/VectorSupport$Vector
ciInstanceKlass jdk/internal/vm/vector/VectorSupport$VectorPayload 0 0 32 10 100 12 1 1 1 9 100 12 1 1 1 10 100 12 1 1 1 1 1 1 1 1 1 1 1 1 1 1 1 1
ciInstanceKlass jdk/internal/vm/vector/VectorSupport$Vector 0 0 28 10 100 12 1 1 1 100 1 1 1 1 1 1 1 1 1 1 1 1 1 1 1 100 1 1 1 1
ciInstanceKlass jdk/internal/vm/vector/VectorSupport$VectorMask 0 0 28 10 100 12 1 1 1 100 1 1 1 1 1 1 1 1 1 1 1 1 1 1 1 100 1 1 1 1
ciInstanceKlass jdk/internal/vm/vector/VectorSupport$VectorShuffle 0 0 28 10 100 12 1 1 1 100 1 1 1 1 1 1 1 1 1 1 1 1 1 1 1 100 1 1 1 1
ciInstanceKlass jdk/internal/vm/FillerObject 0 0 16 10 100 12 1 1 1 100 1 1 1 1 1 1 1 1
instanceKlass java/lang/ref/PhantomReference
instanceKlass java/lang/ref/FinalReference
instanceKlass java/lang/ref/WeakReference
instanceKlass java/lang/ref/SoftReference
ciInstanceKlass java/lang/ref/Reference 1 1 198 9 7 12 1 1 1 9 7 12 1 1 10 12 1 1 10 12 1 1 9 12 1 1 10 12 1 1 9 12 1 1 9 12 1 1 7 1 10 12 1 10 7 12 1 1 10 12 1 10 12 1 1 10 12 1 7 1 8 1 10 12 1 1 7 1 10 12 1 1 10 12 1 1 10 12 1 7 1 10 12 10 7 12 1 1 1 9 12 1 10 12 1 1 10 12 1 10 12 1 10 12 1 9 12 1 100 1 100 1 10 9 12 1 9 12 1 100 1 10 10 12 1 10 10 7 12 1 1 10 12 1 1 1 1 1 1 1 1 1 1 1 1 1 1 1 1 1 100 1 1 1 100 1 1 1 1 1 1 1 1 1 1 1 1 1 1 1 1 1 1 1 1 1 1 1 1 1 1 1 1 1 1 1 1 1 1 1 1 1 100 1 100 1 100 1 1 1
staticfield java/lang/ref/Reference processPendingLock Ljava/lang/Object; java/lang/Object
staticfield java/lang/ref/Reference $assertionsDisabled Z 1
instanceKlass com/ibm/icu/impl/locale/LocaleObjectCache$CacheEntry
instanceKlass java/util/ResourceBundle$BundleReference
instanceKlass sun/security/util/MemoryCache$SoftCacheEntry
instanceKlass sun/util/locale/provider/LocaleResources$ResourceReference
instanceKlass sun/util/resources/Bundles$BundleReference
instanceKlass java/lang/invoke/LambdaFormEditor$Transform
instanceKlass jdk/internal/util/SoftReferenceKey
ciInstanceKlass java/lang/ref/SoftReference 1 1 50 10 7 12 1 1 1 9 7 12 1 1 1 9 12 1 10 12 1 10 12 1 1 1 1 1 1 1 1 1 1 1 1 1 1 1 1 1 1 1 1 1 1 100 1 1 1 1 1 1
instanceKlass java/util/ResourceBundle$KeyElementReference
instanceKlass sun/nio/ch/FileLockTable$FileLockReference
instanceKlass okhttp3/internal/connection/RealCall$CallReference
instanceKlass javax/crypto/JceSecurity$WeakIdentityWrapper
instanceKlass java/util/logging/LogManager$LoggerWeakRef
instanceKlass java/util/logging/Level$KnownLevel
instanceKlass java/lang/WeakPairMap$WeakRefPeer
instanceKlass jdk/internal/util/WeakReferenceKey
instanceKlass java/lang/ThreadLocal$ThreadLocalMap$Entry
instanceKlass java/util/WeakHashMap$Entry
ciInstanceKlass java/lang/ref/WeakReference 1 1 34 10 7 12 1 1 1 10 12 1 100 1 1 1 1 1 1 1 1 1 1 1 1 1 1 1 1 1 1 1 1 1 1 1
instanceKlass java/lang/ref/Finalizer
ciInstanceKlass java/lang/ref/FinalReference 1 1 50 10 7 12 1 1 1 10 7 12 1 1 1 10 12 1 1 100 1 8 1 10 12 1 1 1 1 1 1 1 1 1 1 1 1 1 1 1 1 1 1 1 1 1 1 1 1 1 100 1
instanceKlass jdk/internal/ref/PhantomCleanable
instanceKlass jdk/internal/ref/Cleaner
ciInstanceKlass java/lang/ref/PhantomReference 1 1 47 10 7 12 1 1 1 10 12 1 1 10 7 12 1 1 1 1 1 1 1 1 1 1 1 1 1 1 1 1 1 1 1 1 1 1 1 1 1 1 1 1 1 1 1 1 1
ciInstanceKlass java/lang/ref/Finalizer 1 1 177 9 7 12 1 1 1 10 7 12 1 1 1 9 12 1 1 9 12 1 1 9 12 1 9 12 1 9 12 1 1 10 12 1 100 1 8 1 10 12 1 10 12 1 1 9 12 1 100 1 10 12 1 7 1 11 7 12 1 1 10 12 1 100 1 10 12 1 10 7 12 1 1 1 10 12 1 1 10 100 12 1 1 8 1 10 12 1 10 12 1 10 12 1 100 1 10 12 1 10 100 12 1 1 1 100 1 10 10 12 1 1 7 1 10 12 1 10 12 1 1 10 12 1 1 10 7 12 1 1 1 7 1 10 7 1 10 10 12 1 1 1 1 1 1 1 1 1 1 1 1 1 1 1 1 1 1 1 1 1 1 1 1 1 1 100 1 1 1 1 1 1 1 1 1 1 1
staticfield java/lang/ref/Finalizer lock Ljava/lang/Object; java/lang/Object
staticfield java/lang/ref/Finalizer ENABLED Z 1
staticfield java/lang/ref/Finalizer $assertionsDisabled Z 1
instanceKlass java/lang/reflect/Executable
instanceKlass java/lang/reflect/Field
ciInstanceKlass java/lang/reflect/AccessibleObject 1 1 374 10 7 12 1 1 1 10 100 12 1 1 1 10 7 12 1 1 1 10 12 1 1 9 12 1 1 100 1 10 7 12 1 1 1 11 12 1 100 1 10 12 1 7 1 100 1 10 12 1 1 10 12 1 1 10 12 1 1 10 12 1 1 10 12 1 1 7 1 10 100 12 1 1 1 10 12 1 1 11 10 7 12 1 1 1 10 12 1 1 10 12 1 10 12 1 10 12 1 1 10 12 1 8 1 100 1 100 1 10 10 12 1 1 8 1 10 12 1 10 12 1 8 1 8 1 8 1 8 1 8 1 8 1 8 1 8 1 8 1 100 1 10 12 1 10 12 1 9 100 12 1 1 1 10 12 1 1 10 12 1 10 100 1 100 1 8 1 10 8 1 10 12 1 8 1 10 12 1 10 12 1 1 10 100 1 8 1 10 11 7 12 1 1 1 10 12 1 1 10 12 1 1 10 12 1 1 9 12 1 1 100 1 10 12 1 7 1 10 12 1 10 12 1 1 10 100 1 10 12 1 10 12 10 12 1 10 12 1 10 12 1 1 10 12 1 9 12 1 10 100 12 1 1 8 1 10 12 1 1 8 1 10 100 12 1 1 1 9 12 1 100 1 10 7 1 10 10 7 12 1 1 1 10 7 12 1 1 1 9 12 1 1 1 1 1 1 1 1 1 1 1 1 1 1 1 1 1 1 1 1 1 1 1 1 1 1 1 1 1 1 1 1 1 1 1 1 1 1 1 1 1 1 1 1 1 1 1 1 1 1 1 1 1 1 1 1 1 1 1 1 1 1 1 1 1 1 1 1 1 1 1 1 1 1 1 1 1 1 1 1 1 1 1
staticfield java/lang/reflect/AccessibleObject reflectionFactory Ljdk/internal/reflect/ReflectionFactory; jdk/internal/reflect/ReflectionFactory
ciInstanceKlass java/lang/reflect/Method 1 1 468 9 7 12 1 1 1 10 100 12 1 1 1 10 100 12 1 1 9 12 1 1 9 12 1 1 10 12 1 1 10 12 1 1 10 12 1 1 10 100 12 1 1 10 7 12 1 1 1 9 12 1 1 9 12 1 9 12 1 1 9 12 1 9 12 1 9 12 1 1 9 12 1 9 12 1 1 9 12 1 9 12 1 100 1 8 1 10 12 1 10 12 1 9 12 1 1 10 7 12 1 1 1 10 12 1 1 10 12 1 1 10 12 1 10 12 1 1 9 100 12 1 1 1 10 12 1 1 10 12 10 7 12 1 1 10 12 1 1 10 12 1 10 12 1 10 12 1 10 7 12 1 1 1 10 12 1 1 9 12 1 10 7 1 10 100 12 1 1 1 10 7 12 1 1 10 12 1 1 10 12 1 1 10 12 1 10 7 12 1 1 1 10 12 1 10 8 1 10 12 1 10 12 1 7 1 8 1 8 1 8 1 10 12 1 10 12 1 1 10 12 1 1 10 10 12 1 1 10 12 1 11 100 1 10 12 1 9 12 1 1 10 12 1 1 10 12 1 10 12 1 1 10 12 1 1 11 7 12 1 1 1 11 12 1 9 12 1 1 10 12 1 10 12 1 10 12 1 10 12 1 10 12 1 10 12 1 9 12 1 1 10 7 12 1 1 1 10 7 12 1 1 10 12 1 1 10 7 12 1 1 1 10 7 12 1 1 1 10 7 12 1 1 1 11 7 12 1 1 1 10 7 12 1 1 1 7 1 100 1 100 1 10 12 1 10 12 1 1 10 12 1 100 1 8 1 10 12 1 10 10 12 1 1 10 12 1 1 10 12 1 1 10 12 1 1 8 1 10 12 1 1 1 1 1 1 1 1 1 1 1 1 1 1 1 1 1 1 1 1 1 1 1 1 1 1 1 1 1 1 1 1 1 1 1 1 1 1 1 1 1 1 1 1 1 1 1 1 1 1 1 1 1 100 1 100 1 100 1 1 1 1 1 1 1 1 1 1 1 1 1 1 1 1 1 1 1 1 1 1 1 1 1 1 1 1 1 1
ciInstanceKlass java/lang/reflect/Member 1 1 37 100 1 10 12 1 1 100 1 100 1 1 1 1 3 1 3 1 1 1 1 1 1 1 1 1 1 1 1 1 1 1 1 1 1 1 1
instanceKlass java/lang/reflect/Constructor
instanceKlass java/lang/reflect/Method
ciInstanceKlass java/lang/reflect/Executable 1 1 587 10 7 12 1 1 1 10 7 12 1 1 1 10 7 12 1 1 1 11 7 12 1 1 1 10 7 12 1 1 1 10 12 1 1 10 7 12 1 1 1 10 100 12 1 1 1 10 12 1 8 1 10 10 12 1 1 10 12 1 1 10 100 12 1 1 1 18 12 1 1 11 100 12 1 1 1 8 1 8 1 8 1 10 100 12 1 1 1 11 12 1 1 100 1 8 1 8 1 10 12 1 100 1 8 1 10 12 1 8 1 11 100 12 1 1 1 100 1 11 100 12 1 1 1 11 12 1 8 1 18 8 1 10 12 1 10 12 1 1 18 8 1 10 12 1 100 1 10 12 1 10 12 1 11 12 1 10 12 1 1 8 1 8 1 10 12 1 1 10 12 1 1 10 10 12 1 9 12 1 1 9 100 12 1 1 1 10 100 12 1 1 1 10 12 1 10 12 1 1 10 100 12 1 1 10 12 1 10 12 1 10 12 1 10 7 12 1 1 100 1 10 100 12 1 1 1 10 12 1 1 10 100 12 1 1 10 12 1 10 12 1 1 9 100 12 1 1 1 10 100 10 12 1 8 1 10 12 1 10 12 1 3 100 1 8 1 10 12 1 10 12 1 10 10 12 1 10 12 1 1 8 1 8 1 8 1 9 12 1 1 9 12 1 10 12 1 100 1 8 1 10 12 1 10 12 1 10 12 1 1 10 12 1 1 10 12 1 10 12 10 12 1 100 1 10 12 1 10 12 1 1 100 1 10 100 12 1 1 1 100 1 10 7 12 1 1 1 10 12 1 1 11 7 12 1 1 10 12 1 10 100 12 1 1 1 10 12 1 1 9 12 1 10 12 1 1 10 12 1 10 12 1 1 9 100 12 1 1 1 10 100 12 1 1 1 10 12 1 10 12 1 1 9 12 1 10 10 10 10 100 12 1 1 1 10 12 1 9 12 1 10 12 1 1 9 12 1 100 1 100 1 1 1 1 1 1 1 1 1 1 1 1 1 1 1 1 1 1 1 1 1 1 1 1 1 1 1 1 1 1 1 1 1 1 1 1 100 1 1 1 1 1 1 1 1 1 1 1 1 1 1 1 1 1 1 1 100 1 1 1 1 1 1 1 1 1 1 1 1 1 1 1 1 1 1 1 1 1 1 1 1 1 1 1 1 1 1 1 1 1 1 1 1 1 1 1 1 1 1 1 100 1 1 1 1 1 1 1 1 1 1 1 1 1 1 1 1 1 1 1 1 1 1 100 1 1 16 15 16 1 16 1 15 10 12 16 15 10 100 12 1 1 1 1 100 1 1 1 100 1 1 100 1 100 1 1
ciInstanceKlass java/lang/reflect/Constructor 1 1 437 10 100 12 1 1 1 10 100 12 1 1 9 7 12 1 1 1 9 12 1 1 10 12 1 1 10 12 1 1 10 12 1 1 10 100 12 1 1 10 7 12 1 1 1 9 12 1 1 9 12 1 1 9 12 1 9 12 1 1 9 12 1 9 12 1 1 9 12 1 1 9 12 1 100 1 8 1 10 12 1 10 12 1 9 12 1 1 10 7 12 1 1 1 10 12 1 1 10 12 1 1 10 12 1 7 1 100 1 8 1 10 10 12 1 10 12 1 10 12 1 1 9 100 12 1 1 1 10 7 12 1 1 10 12 1 1 10 12 1 10 12 1 1 10 100 12 1 1 1 10 100 12 1 1 10 12 1 1 10 12 1 10 100 12 1 1 1 8 1 10 10 12 1 100 1 8 1 10 12 1 10 12 1 1 10 12 1 1 10 12 1 10 12 1 10 12 1 1 10 12 1 1 9 12 1 1 10 12 1 1 10 12 1 1 10 12 1 1 11 7 12 1 1 1 10 12 1 1 10 12 1 10 12 1 10 12 1 8 1 9 12 1 1 10 7 12 1 1 1 10 7 12 1 1 10 12 1 1 10 12 1 1 10 12 1 1 10 12 1 1 10 12 1 9 100 12 1 1 10 12 1 10 12 1 10 12 1 100 1 8 1 10 10 12 1 1 10 12 1 10 10 12 1 1 10 12 1 1 10 100 12 1 1 1 11 100 12 1 1 1 10 12 1 1 9 100 12 1 1 1 10 100 12 1 1 1 10 12 1 1 1 1 1 1 1 1 1 1 1 1 1 1 1 1 1 1 1 1 1 1 1 1 1 1 1 1 1 1 1 1 1 1 1 1 1 1 1 1 1 1 1 1 1 1 1 1 1 1 1 1 1 1 1 1 100 1 100 1 100 1 100 1 1 1 1 1 1 1 1 1 1 1 1 1 1 1 1 1 1 1 1 1 1 1 1 1 1 1 1 1 1 1 1 100 1 1
ciInstanceKlass java/lang/reflect/Field 1 1 454 9 7 12 1 1 1 10 12 1 1 10 100 12 1 1 1 10 100 12 1 1 9 12 1 1 9 12 1 1 10 12 1 1 10 12 1 1 10 12 1 1 10 100 12 1 1 10 7 12 1 1 1 9 12 1 1 9 12 1 9 12 1 9 12 1 1 9 12 1 1 9 12 1 9 12 1 1 100 1 8 1 10 12 1 10 12 1 9 12 1 1 9 12 1 10 7 12 1 1 10 12 1 1 10 12 1 1 10 12 1 9 12 1 1 10 12 1 1 9 100 12 1 1 1 10 7 12 1 1 1 7 1 10 12 1 1 10 12 1 1 10 12 1 10 12 1 10 100 1 10 100 12 1 1 100 1 10 8 1 10 12 1 1 10 12 1 1 8 1 10 12 10 12 1 8 1 8 1 10 11 100 1 9 12 1 10 12 1 1 10 12 1 1 11 7 12 1 1 1 10 12 1 11 12 1 1 11 12 1 1 11 12 1 1 11 12 1 1 11 12 1 1 11 12 1 1 11 12 1 1 11 12 1 1 11 12 1 1 11 12 1 1 11 12 1 1 11 12 1 1 11 12 1 1 11 12 1 1 11 12 1 1 11 12 1 1 11 12 1 1 10 12 1 10 100 12 1 1 10 12 1 10 12 1 10 12 1 10 12 1 1 10 12 1 1 10 12 1 10 100 12 1 1 10 12 1 1 11 100 1 10 12 1 100 1 10 100 12 1 1 1 10 100 12 1 1 1 9 12 1 10 100 12 1 1 1 11 100 12 1 1 1 10 12 1 1 10 12 1 1 9 100 12 1 1 10 100 12 1 1 1 10 12 1 1 100 1 1 1 1 1 1 1 1 1 1 1 1 1 1 1 1 1 1 1 1 1 1 1 1 1 1 1 1 1 1 1 1 1 1 1 1 1 1 1 100 1 1 1 1 1 1 1 1 1 1 1 1 1 1 1 1 1 1 1 1 1 1 1 1 1 1 1 1 1 1 1 1 100 1 1 1 1 1 1 1 1 100 1 1 100 1 1
ciInstanceKlass java/lang/reflect/Parameter 0 0 256 10 100 12 1 1 1 9 100 12 1 1 1 9 12 1 1 9 12 1 1 9 12 1 10 12 1 1 10 12 1 1 10 100 12 1 1 1 100 1 10 10 12 1 1 11 100 12 1 1 1 10 12 1 10 100 12 1 1 1 10 12 1 1 10 12 1 10 12 1 8 1 8 1 10 100 12 1 1 1 10 12 1 10 12 9 100 12 1 1 1 9 100 12 1 1 1 10 12 1 1 10 12 1 1 10 100 12 1 1 1 10 12 1 8 1 10 12 1 9 12 1 1 10 12 1 1 9 12 1 1 10 12 1 1 10 12 1 1 10 12 1 1 10 12 1 10 10 12 1 10 100 12 1 1 1 10 12 1 1 11 100 12 1 1 10 100 12 1 1 100 1 10 100 12 1 1 1 10 12 1 1 10 12 1 1 10 12 1 1 10 12 1 1 9 12 1 100 1 10 11 12 1 11 12 1 1 100 1 1 1 1 1 1 1 1 1 1 1 1 1 1 1 1 1 1 1 1 1 1 1 1 1 1 1 1 1 1 1 1 1 1 1 1 1 1 1 100 1 1 1 1 1 100 1 1
ciInstanceKlass java/lang/reflect/RecordComponent 0 0 196 10 100 12 1 1 1 9 100 12 1 1 1 9 12 1 1 9 12 1 10 12 1 1 10 12 1 1 10 100 12 1 1 1 10 12 1 1 9 12 1 1 10 12 1 1 10 12 1 1 10 12 1 10 100 12 1 1 10 100 12 1 1 9 12 1 1 10 100 12 1 1 1 11 100 12 1 1 1 10 9 100 12 1 1 1 10 100 12 1 1 1 9 12 1 1 10 100 12 1 1 1 10 12 1 1 11 100 12 1 1 10 100 12 1 1 100 1 9 12 1 9 12 1 1 9 12 1 10 100 12 1 1 1 10 12 1 1 10 12 1 1 100 1 10 10 12 1 10 12 1 1 8 1 10 12 1 10 12 1 9 12 1 100 1 1 1 1 1 1 1 1 1 1 1 1 1 1 1 1 1 1 1 1 1 1 100 1 1 1 1 1 1 100 1 1
ciInstanceKlass java/lang/StringBuffer 1 1 487 10 7 12 1 1 1 10 12 1 10 12 1 10 12 1 1 9 7 12 1 1 1 10 12 1 1 10 12 1 10 12 1 1 9 12 1 1 10 12 1 10 12 1 1 10 12 1 1 10 12 1 10 12 1 1 10 12 1 10 12 1 1 10 12 1 1 10 7 12 1 1 1 10 12 1 1 10 12 1 10 12 1 10 12 1 10 12 1 10 12 1 10 12 1 10 12 1 10 12 1 10 12 1 10 12 1 10 12 1 10 12 1 10 12 1 10 12 1 1 10 12 1 10 12 1 1 10 12 1 1 10 10 12 1 1 10 12 1 10 12 1 10 12 1 10 12 1 10 12 1 10 12 1 10 12 10 12 1 10 12 1 10 12 1 10 12 1 1 10 12 1 10 12 1 10 10 12 1 1 10 12 1 10 12 1 10 12 1 8 1 10 12 1 10 10 100 12 1 1 1 10 10 12 1 1 9 12 1 1 10 100 12 1 1 10 100 1 8 10 100 12 1 1 1 8 10 12 1 8 1 10 12 1 10 12 1 10 100 12 1 1 1 10 100 12 1 1 1 7 1 10 12 100 1 8 1 10 10 12 1 1 10 12 1 1 10 12 1 10 12 1 10 12 1 1 10 12 1 10 12 1 10 12 1 10 12 1 10 12 1 10 12 10 12 1 10 12 1 10 12 1 10 12 1 10 12 1 10 12 1 10 12 1 10 12 1 10 12 1 10 12 1 10 12 10 12 10 12 1 10 12 1 10 12 1 10 12 10 12 1 10 12 1 10 12 1 10 12 1 10 12 1 10 12 1 10 12 1 10 12 1 10 12 1 10 12 1 10 12 1 7 1 10 12 1 9 7 12 1 1 1 9 7 1 9 12 1 1 100 1 100 1 100 1 100 1 1 1 1 5 0 1 1 1 1 1 1 1 1 1 1 1 1 1 1 1 1 1 1 1 1 1 1 1 1 1 1 1 1 1 1 1 1 1 1 1 1 1 1 1 1 1 1 1 1 1 1 1 1 1 1 1 1 1 1 1 1 1 1 1 1 100 1 1 1 1 1 100 1 1 1 1 1 1 1 1 1 1 1 1 1 1 1 1 1 1
staticfield java/lang/StringBuffer serialPersistentFields [Ljava/io/ObjectStreamField; 3 [Ljava/io/ObjectStreamField;
instanceKlass java/lang/StringBuilder
instanceKlass java/lang/StringBuffer
ciInstanceKlass java/lang/AbstractStringBuilder 1 1 662 7 1 10 7 12 1 1 1 9 7 12 1 1 1 9 12 1 9 12 1 1 9 12 1 1 10 7 12 1 1 1 10 12 1 1 100 1 3 3 10 12 1 10 12 1 1 10 12 1 1 11 7 1 100 1 100 1 10 8 1 10 12 1 10 12 1 10 12 1 1 10 12 1 10 12 1 9 12 1 10 12 1 9 12 1 1 10 7 12 1 1 1 10 10 12 1 10 12 1 10 12 1 1 9 12 1 100 1 8 1 10 12 1 10 12 1 1 8 1 10 7 12 1 1 1 10 12 1 1 8 1 10 7 12 1 1 1 100 1 8 1 10 100 1 10 12 1 10 12 1 1 10 7 12 1 1 1 10 12 1 1 10 12 1 1 10 12 1 1 10 12 1 1 10 7 12 1 1 1 10 12 1 100 1 10 10 100 12 1 1 1 9 12 1 1 9 12 1 10 12 1 1 10 10 12 1 1 10 12 1 1 10 12 1 1 10 12 1 1 10 12 1 1 10 12 1 1 10 12 1 1 10 12 1 10 10 10 12 1 10 12 1 1 10 8 1 10 12 1 1 10 12 1 10 12 1 10 12 1 10 10 7 12 1 1 1 10 12 1 1 10 12 1 10 12 1 10 12 1 10 12 100 1 9 12 1 1 9 12 1 10 12 1 1 100 1 9 12 1 9 12 10 12 1 10 12 1 1 10 12 1 1 10 12 1 10 12 1 1 10 12 1 10 12 1 1 10 12 1 1 10 10 7 12 1 1 1 10 12 1 10 12 1 10 12 1 1 10 12 1 10 12 1 1 10 12 1 10 12 1 10 12 1 10 12 1 10 12 1 10 12 1 10 12 1 10 12 1 1 10 12 1 10 12 1 10 12 10 12 1 1 18 12 1 1 100 1 10 100 12 1 1 1 18 10 12 1 1 10 12 1 1 10 12 1 10 12 1 10 12 1 1 10 12 1 10 12 1 1 11 12 1 1 10 12 1 10 12 1 1 10 12 1 10 12 1 10 12 1 10 5 0 10 100 1 8 1 10 10 12 1 1 10 100 12 1 1 1 10 12 1 10 12 1 1 100 1 10 12 100 1 10 100 1 10 10 7 12 1 1 100 1 1 1 1 1 1 1 1 1 1 1 100 1 1 1 1 1 1 1 1 1 1 1 1 1 1 1 1 1 1 1 1 1 1 1 1 1 1 1 1 1 1 1 1 1 1 1 1 1 1 1 1 1 1 1 1 1 1 1 1 1 1 1 1 100 1 1 1 1 1 1 1 1 1 1 1 1 1 1 1 1 1 1 1 1 1 1 1 1 1 1 1 1 1 1 1 1 1 1 1 1 1 1 1 1 1 1 1 1 1 1 1 1 1 1 1 1 1 1 1 1 1 1 1 1 1 1 1 100 1 1 1 1 1 1 100 1 1 1 1 1 1 100 1 1 16 1 15 10 12 16 15 10 12 15 10 100 12 1 1 1 1 1 1 1 100 1 100 1 1
staticfield java/lang/AbstractStringBuilder EMPTYVALUE [B 0
staticfield java/lang/AbstractStringBuilder $assertionsDisabled Z 1
ciInstanceKlass java/lang/StringBuilder 1 1 425 10 7 12 1 1 1 10 12 1 10 12 1 10 12 1 1 10 7 12 1 1 1 10 7 12 1 1 1 10 12 1 10 12 1 10 12 1 10 12 1 10 12 1 10 12 1 10 12 1 10 12 1 10 12 1 10 12 1 10 12 1 10 12 1 10 12 1 10 12 1 1 10 12 1 10 12 1 1 10 12 1 1 10 12 1 10 12 1 10 12 1 10 12 1 10 12 1 10 12 1 10 12 1 10 12 10 12 1 10 12 1 10 12 1 10 12 1 1 10 12 1 10 12 1 10 12 10 12 1 1 10 12 1 10 12 1 10 12 1 1 8 1 10 12 1 10 100 12 1 1 1 9 12 1 1 10 12 1 10 12 1 10 12 1 1 9 12 1 1 10 100 12 1 1 1 10 100 1 10 12 1 1 10 100 12 1 1 10 12 1 10 12 1 1 100 1 100 1 8 1 10 10 12 1 1 10 12 1 10 12 1 10 12 1 1 10 12 1 10 12 1 10 12 1 10 12 1 10 12 1 10 12 10 12 1 10 12 1 10 12 1 10 12 1 10 12 1 10 12 1 10 12 1 10 12 1 10 12 1 1 10 12 1 1 10 12 1 10 12 1 10 12 1 10 12 10 12 10 12 1 10 12 1 10 12 1 10 12 10 12 1 10 12 1 10 12 1 10 12 1 10 12 1 10 12 1 10 12 1 10 12 1 10 12 1 1 10 12 1 10 12 1 1 10 12 1 10 12 1 1 10 12 1 10 12 1 1 10 12 1 10 12 1 10 12 1 10 10 10 12 1 100 1 100 1 100 1 100 1 1 1 1 5 0 1 1 1 1 1 1 1 1 1 1 1 1 1 1 1 1 1 1 1 1 1 1 1 1 1 1 1 1 1 1 1 1 1 1 1 1 1 1 1 1 1 1 1 1 100 1 1 1 100 1 1 1 1 1 1 1 1 1 1 1
ciInstanceKlass java/security/CodeSource 1 1 396 10 7 12 1 1 1 9 7 12 1 1 1 9 12 1 1 9 12 1 1 9 12 1 1 10 7 12 1 1 1 9 12 1 1 10 100 12 1 1 10 100 10 100 12 1 1 1 10 12 1 1 10 12 1 1 100 1 10 10 100 12 1 1 1 10 100 12 1 1 1 10 12 1 1 100 1 10 12 1 1 10 12 1 1 10 12 1 1 10 12 1 10 10 100 1 10 12 1 1 10 100 12 1 1 1 10 12 1 1 10 12 1 10 12 1 8 1 10 12 1 10 12 1 10 12 1 1 10 12 1 8 1 10 12 1 1 10 100 1 10 10 12 1 1 8 1 10 12 1 10 12 1 10 12 1 8 1 8 1 9 12 1 1 100 1 8 1 10 12 1 10 12 1 1 8 1 10 12 1 8 1 8 1 8 1 10 100 12 1 1 10 12 1 1 10 12 1 10 12 1 1 10 12 1 1 10 12 1 1 100 1 100 1 10 12 1 10 12 10 12 1 1 10 100 12 1 1 10 12 1 100 1 10 12 10 100 12 1 1 1 10 8 1 10 12 1 10 12 1 1 100 1 10 12 1 1 100 1 100 1 8 1 8 1 10 10 12 1 1 10 100 12 1 1 1 100 1 10 12 10 12 1 1 11 100 12 1 1 10 10 12 1 11 10 12 1 8 1 100 1 10 12 1 10 12 1 1 10 12 1 11 12 1 1 100 1 1 1 1 5 0 1 1 1 1 1 1 1 1 1 1 1 1 1 1 1 1 1 1 1 1 1 1 1 1 1 1 1 1 1 1 1 1 1 1 1 1 1 1 1 1 1 1 1 1 1 1 1 1 1 1 1 1 1 1 1 1 1 1 1 1 1 1 1 1 1 1 100 1 1 1 1 1 1 1
ciInstanceKlass java/security/ProtectionDomain 1 1 141 10 7 12 1 1 1 9 7 12 1 1 1 9 12 1 1 9 12 1 1 10 7 12 1 1 7 1 9 12 1 9 12 1 1 7 1 9 12 1 1 9 12 1 10 100 12 1 1 10 100 12 1 1 1 10 12 1 1 10 12 1 8 1 100 1 8 1 10 12 1 10 11 12 1 1 10 100 12 1 1 1 10 12 1 1 8 1 11 8 1 10 12 1 8 1 8 1 8 1 10 12 1 8 1 8 1 1 1 1 1 1 1 1 100 1 1 100 1 1 1 1 1 1 1 1 1 1 1 1 1 1 1 1 1 1 1 100 1 1 1
instanceKlass jdk/internal/loader/BuiltinClassLoader
ciInstanceKlass java/security/SecureClassLoader 1 1 99 10 7 12 1 1 1 7 1 10 12 1 9 7 12 1 1 1 10 12 1 10 12 1 10 12 1 1 10 12 1 1 10 12 1 7 1 10 7 1 10 12 1 7 1 10 12 1 11 7 12 1 1 1 7 1 11 12 1 10 12 1 1 1 1 1 1 1 1 1 1 1 1 1 1 1 1 1 1 1 1 1 1 1 1 1 1 1 1 1 1 1 1 1 1 1 1 1 1
ciInstanceKlass java/net/URL 1 1 736 10 7 12 1 1 1 10 12 1 10 7 12 1 1 9 12 1 1 9 12 1 10 12 1 1 9 12 1 1 10 7 12 1 1 1 8 1 10 12 1 1 7 1 10 10 12 1 1 8 1 10 12 1 1 9 12 1 7 1 8 1 10 12 1 10 12 1 8 1 9 12 1 10 12 1 1 9 12 1 10 12 1 10 12 1 9 12 1 9 12 1 8 1 9 12 1 10 12 1 1 8 1 9 12 1 1 10 12 1 1 10 7 12 1 1 1 8 1 10 12 1 7 1 10 12 1 10 12 1 10 12 1 10 12 1 1 10 12 1 1 8 1 10 12 1 1 10 12 1 8 1 9 12 1 8 1 10 12 1 10 7 12 1 1 1 100 1 10 12 1 10 12 1 1 10 7 12 1 1 1 100 1 8 1 10 10 12 1 8 1 10 12 1 1 10 12 1 10 12 1 10 12 1 10 12 1 10 12 1 10 12 1 8 1 10 12 1 8 1 10 10 100 1 10 10 12 1 8 1 10 7 12 1 1 1 10 12 1 9 12 1 1 10 12 1 10 100 12 1 1 1 100 1 10 12 1 10 12 1 10 12 1 10 12 1 10 12 1 10 12 10 10 12 1 8 1 100 1 10 100 12 1 1 1 10 12 1 1 10 12 1 10 12 1 1 8 1 9 100 12 1 1 1 10 100 12 1 1 1 10 12 1 10 12 1 10 7 12 1 1 1 10 12 1 1 10 12 1 9 12 1 1 9 12 1 1 100 1 8 1 10 9 12 1 1 10 7 12 1 1 8 1 10 7 12 1 1 8 1 10 12 1 1 10 12 1 8 1 8 1 10 7 12 1 1 1 100 1 10 7 12 1 1 1 10 12 1 10 12 1 9 7 12 1 1 1 10 7 12 1 1 10 12 1 1 10 12 1 8 1 7 1 10 7 12 1 1 1 10 12 1 1 11 7 12 1 1 11 12 1 10 12 1 10 12 1 8 9 7 12 1 1 1 10 12 1 1 10 12 1 10 12 1 1 10 7 12 1 1 11 7 1 10 12 1 10 12 1 9 12 1 10 12 1 1 10 100 12 1 1 10 100 12 1 1 1 8 10 100 12 1 1 100 1 10 8 8 10 12 1 8 8 8 100 1 10 12 1 9 12 1 1 10 12 1 10 12 1 1 10 12 1 10 12 10 12 1 1 10 12 1 1 10 10 10 12 1 10 12 1 10 12 1 10 12 1 10 12 1 10 10 12 1 100 1 8 1 10 10 10 12 1 1 10 12 1 10 12 1 1 8 1 7 1 10 10 7 1 10 12 1 9 7 12 1 1 1 9 12 1 1 7 1 10 10 7 12 1 1 1 100 1 1 1 1 1 5 0 1 1 1 1 1 1 1 1 1 1 1 1 1 1 1 1 1 1 1 1 1 1 1 1 1 1 1 1 1 1 1 1 1 1 1 1 1 1 1 1 1 1 1 1 1 1 100 1 1 1 1 1 1 1 1 1 1 1 1 1 1 1 1 1 1 1 1 1 1 1 1 1 1 1 1 1 1 1 1 1 1 1 1 100 1 1 1 1 1 1 1 1 1 1 1 1 1 1 1 1 1 1 1 1 1 1 1 100 1 1 1 1 1 1 1 1 1 1 1 1 1 1 1 1 1 1 1
staticfield java/net/URL defaultFactory Ljava/net/URLStreamHandlerFactory; java/net/URL$DefaultFactory
staticfield java/net/URL handlers Ljava/util/Hashtable; java/util/Hashtable
staticfield java/net/URL streamHandlerLock Ljava/lang/Object; java/lang/Object
staticfield java/net/URL serialPersistentFields [Ljava/io/ObjectStreamField; 7 [Ljava/io/ObjectStreamField;
ciInstanceKlass java/util/jar/Manifest 1 1 320 10 7 12 1 1 1 7 1 10 9 7 12 1 1 1 7 1 10 9 12 1 1 9 12 1 1 10 12 1 10 12 1 1 10 12 1 1 10 12 1 1 10 12 1 1 11 7 1 11 12 1 1 10 12 1 1 10 100 12 1 1 1 100 1 100 1 10 8 1 10 12 1 1 10 12 1 1 10 12 1 10 12 1 11 100 1 10 12 1 10 12 1 1 11 12 1 1 10 12 1 11 12 1 1 11 100 12 1 1 1 11 100 12 1 1 11 12 1 1 100 1 10 12 1 8 1 11 12 1 100 1 10 12 1 1 11 12 1 10 12 1 10 12 1 10 9 100 12 1 1 1 10 12 1 1 10 100 12 1 10 12 1 10 12 1 9 100 12 1 1 1 8 1 10 12 1 8 1 8 1 7 1 10 12 1 10 12 1 10 12 1 1 100 1 8 1 10 12 1 1 8 1 10 10 12 1 1 8 1 10 12 1 1 10 100 12 1 1 1 10 12 1 10 11 12 1 1 10 12 1 1 10 100 12 1 1 1 10 12 1 1 10 12 1 10 12 1 1 11 10 12 1 11 10 12 1 100 1 1 1 1 1 1 1 1 1 1 1 1 1 1 1 1 1 1 1 1 1 1 1 1 1 1 1 1 1 1 1 1 1 1 1 100 1 1 1 1 1 1 1 1 1 1 1 1 1 1 100 1 1 1 1 1 1 1 1 1 1 1
ciInstanceKlass java/io/ByteArrayInputStream 1 1 135 10 7 12 1 1 1 9 7 12 1 1 1 9 12 1 1 9 12 1 9 12 1 10 100 12 1 1 1 10 7 12 1 1 1 10 7 12 1 1 1 10 7 12 1 1 1 10 12 1 1 10 100 12 1 1 1 100 1 100 1 100 1 3 10 100 1 10 100 12 1 1 1 9 12 1 1 100 1 10 10 7 12 1 1 1 1 1 1 1 1 1 1 1 1 1 1 1 1 1 1 1 1 1 1 1 1 1 1 1 1 1 1 1 1 1 1 1 100 1 100 1 1 1 1 1 1 1 1 1 1 1 1 1 1
staticfield java/io/ByteArrayInputStream $assertionsDisabled Z 1
instanceKlass java/nio/CharBuffer
instanceKlass java/nio/IntBuffer
instanceKlass java/nio/LongBuffer
instanceKlass java/nio/ByteBuffer
ciInstanceKlass java/nio/Buffer 1 1 259 100 1 10 7 12 1 1 1 9 7 12 1 1 1 9 12 1 9 12 1 1 9 12 1 9 12 1 1 10 12 1 1 10 12 1 1 10 12 100 1 100 1 10 8 1 10 12 1 1 10 12 1 8 1 8 1 10 12 1 1 10 12 1 8 1 9 12 1 1 100 1 8 1 10 12 1 8 1 8 1 9 12 10 12 1 8 1 8 1 8 1 10 12 1 8 1 8 1 8 1 100 1 10 100 1 10 100 1 10 9 12 1 1 10 7 12 1 1 1 100 1 10 12 1 1 10 12 1 10 100 12 1 1 10 7 12 1 1 1 10 7 12 1 1 1 9 12 1 1 10 7 12 1 1 1 9 12 1 1 7 1 10 10 12 1 1 7 1 10 10 7 12 1 1 1 1 1 3 1 1 1 1 1 1 1 1 1 1 1 1 1 1 100 1 1 1 1 1 1 1 100 1 1 1 1 1 1 1 1 1 1 1 1 1 1 1 1 1 1 1 1 1 1 1 1 1 1 1 1 1 1 1 1 1 1 1 1 1 1 1 1 1 1 100 1 100 1 100 1 100 1 100 1 100 1 100 1 1
staticfield java/nio/Buffer UNSAFE Ljdk/internal/misc/Unsafe; jdk/internal/misc/Unsafe
staticfield java/nio/Buffer SCOPED_MEMORY_ACCESS Ljdk/internal/misc/ScopedMemoryAccess; jdk/internal/misc/ScopedMemoryAccess
staticfield java/nio/Buffer IOOBE_FORMATTER Ljava/util/function/BiFunction; jdk/internal/util/Preconditions$4
staticfield java/nio/Buffer $assertionsDisabled Z 1
ciInstanceKlass jdk/internal/util/Preconditions 1 1 194 10 100 12 1 1 1 11 100 12 1 1 1 11 100 12 1 1 1 100 1 100 1 10 7 12 1 1 1 10 12 1 8 1 100 1 10 100 12 1 1 1 10 12 1 1 8 1 8 1 10 100 12 1 1 7 1 10 12 1 8 1 10 100 12 1 1 1 8 1 10 12 1 1 10 12 1 1 11 12 1 8 1 8 1 11 12 1 1 8 1 8 1 8 1 10 12 1 1 10 12 1 1 10 12 1 10 12 1 10 12 1 10 12 7 1 10 10 12 1 1 9 12 1 1 7 1 10 9 12 1 7 1 10 9 12 1 1 1 1 1 1 1 1 1 1 1 1 1 1 1 1 1 1 1 1 1 1 1 1 1 1 1 1 1 1 1 1 1 1 1 1 1 1 1 1 1 1 1 1 1 1 1 1 1 1 1 1 1 1 1 1 1 1
staticfield jdk/internal/util/Preconditions SIOOBE_FORMATTER Ljava/util/function/BiFunction; jdk/internal/util/Preconditions$4
staticfield jdk/internal/util/Preconditions AIOOBE_FORMATTER Ljava/util/function/BiFunction; jdk/internal/util/Preconditions$4
staticfield jdk/internal/util/Preconditions IOOBE_FORMATTER Ljava/util/function/BiFunction; jdk/internal/util/Preconditions$4
ciInstanceKlass jdk/internal/util/Preconditions$4 1 1 61 9 7 12 1 1 1 10 7 12 1 1 1 10 100 12 1 1 1 11 100 12 1 1 1 100 1 100 1 100 1 10 12 1 100 1 1 1 1 1 1 1 1 1 1 1 1 1 1 1 1 1 1 1 1 1 12 1 1 1 1
ciInstanceKlass java/util/function/BiFunction 1 1 65 10 100 12 1 1 1 18 12 1 1 11 100 12 1 1 11 100 12 1 100 1 1 1 1 1 1 1 1 1 1 1 1 1 1 1 1 1 1 1 1 1 1 1 1 1 1 1 16 15 11 12 15 10 100 12 1 1 1 1 100 1 100 1 1
ciMethod jdk/internal/util/Preconditions checkIndex (IILjava/util/function/BiFunction;)I 1024 0 7284 0 -1
ciInstanceKlass java/lang/AssertionStatusDirectives 0 0 24 10 100 12 1 1 1 100 1 1 1 1 1 1 1 1 1 1 1 1 1 1 1 1
instanceKlass org/hl7/fhir/r5/terminologies/validation/ValueSetValidator$SystemWithVersion
instanceKlass net/sf/saxon/trans/Mode$RuleInfo
instanceKlass net/sf/saxon/expr/UnionIterator$Intake
instanceKlass net/sf/saxon/type/TypeHierarchy$ItemTypePair
instanceKlass net/sf/saxon/style/Compilation$ModuleInfo
instanceKlass java/text/DecimalFormat$NumericPosition
instanceKlass javax/crypto/KDF$Delegate
instanceKlass jdk/net/UnixDomainPrincipal
instanceKlass sun/security/pkcs/PKCS9Attribute$AttributeInfo
instanceKlass jdk/internal/classfile/impl/AbstractInstruction$SwitchCaseImpl
instanceKlass sun/util/locale/LanguageTag
instanceKlass jdk/internal/classfile/impl/StackCounter$Target
instanceKlass jdk/internal/classfile/impl/StackMapDecoder$StackMapFrameImpl
instanceKlass jdk/internal/classfile/impl/StackMapDecoder$ObjectVerificationTypeInfoImpl
instanceKlass java/lang/reflect/Proxy$ProxyBuilder$ProxyClassContext
instanceKlass java/lang/ClassValue$Version
instanceKlass java/util/stream/Collectors$CollectorImpl
instanceKlass java/util/Formatter$FixedString
instanceKlass java/lang/invoke/InvokerBytecodeGenerator$ClassData
instanceKlass java/lang/invoke/StringConcatFactory$InlineHiddenClassStrategy$MethodHandlePair
instanceKlass java/security/SecureClassLoader$CodeSourceKey
instanceKlass jdk/internal/misc/ThreadTracker$ThreadRef
instanceKlass java/util/zip/ZipFile$EntryPos
instanceKlass java/lang/invoke/MethodHandles$Lookup$ClassDefiner
instanceKlass jdk/internal/classfile/impl/ClassHierarchyImpl$ClassHierarchyInfoImpl
instanceKlass java/lang/classfile/ClassHierarchyResolver$1Factory
instanceKlass jdk/internal/classfile/impl/RawBytecodeHelper$CodeRange
instanceKlass jdk/internal/classfile/impl/StackMapGenerator$Type
instanceKlass jdk/internal/classfile/impl/DirectCodeBuilder$DeferredLabel
instanceKlass jdk/internal/classfile/impl/Util$1WithCodeMethodHandler
instanceKlass jdk/internal/classfile/impl/AnnotationImpl
instanceKlass sun/nio/fs/WindowsPathParser$Result
instanceKlass jdk/internal/reflect/ReflectionFactory$Config
instanceKlass jdk/internal/foreign/abi/UpcallLinker$CallRegs
instanceKlass jdk/internal/foreign/abi/VMStorage
ciInstanceKlass java/lang/Record 1 1 22 10 7 12 1 1 1 100 1 1 1 1 1 1 1 1 1 1 1 1 1 1
instanceKlass com/fasterxml/jackson/core/util/InternCache
ciInstanceKlass java/util/concurrent/ConcurrentHashMap 1 1 1219 100 1 7 1 10 7 12 1 1 1 10 12 1 1 9 12 1 1 3 10 7 12 1 1 1 3 7 1 10 7 12 1 1 1 100 1 10 100 12 1 1 1 100 1 11 12 1 1 11 12 1 11 12 1 1 9 12 1 1 9 12 1 9 12 1 1 10 7 12 1 1 1 7 1 10 12 1 1 10 12 1 1 10 7 12 1 1 1 4 10 12 1 11 7 12 1 1 10 12 1 10 12 1 1 100 1 10 5 0 10 12 1 9 12 1 10 12 1 1 5 0 10 12 1 10 12 1 9 12 1 1 10 12 1 1 9 12 1 9 12 1 1 10 12 1 1 9 12 1 10 12 1 1 9 12 1 1 10 12 1 1 100 1 10 100 1 10 12 1 10 12 1 1 10 12 1 1 10 12 1 1 10 12 1 10 12 1 1 10 12 1 1 7 1 10 12 1 1 7 1 100 1 8 1 10 12 1 10 12 1 1 10 12 1 1 10 10 12 1 11 12 1 1 11 7 12 1 1 1 11 7 12 1 1 1 11 12 1 7 1 11 12 1 11 12 1 10 12 1 1 10 12 1 1 9 12 1 1 10 7 12 1 1 1 9 10 12 1 1 9 12 1 10 12 1 1 5 0 9 12 1 1 7 1 10 12 1 9 12 1 1 7 1 10 12 1 9 12 1 7 1 10 100 1 10 10 12 1 1 8 1 10 12 1 10 12 1 1 11 100 1 10 12 1 10 100 12 1 1 1 8 1 10 100 12 1 1 1 8 1 10 12 1 8 1 10 12 1 10 12 1 1 10 100 12 1 1 10 12 1 10 12 1 10 12 1 9 12 1 9 10 12 1 9 12 1 11 100 12 1 1 1 11 7 12 1 1 1 100 1 10 12 11 100 12 1 1 10 11 7 12 1 10 12 1 100 1 10 12 1 100 1 10 10 9 7 12 1 1 1 3 10 100 12 1 1 9 12 1 10 12 1 1 9 12 1 1 9 12 1 10 12 1 1 10 100 12 1 1 9 12 1 9 7 12 1 1 10 12 1 1 10 12 1 3 9 12 1 9 12 1 10 12 1 1 7 1 9 3 100 1 10 12 1 9 12 1 10 12 1 9 12 1 10 12 1 9 12 1 10 100 12 1 1 1 100 10 12 1 100 1 5 0 10 100 12 1 1 100 1 10 12 1 1 10 12 1 10 12 1 100 1 10 12 1 10 100 1 100 1 10 10 12 1 10 100 1 10 12 1 10 100 1 10 12 1 10 100 1 10 12 1 1 100 1 10 12 1 10 10 12 1 100 1 10 12 1 10 10 12 1 100 1 10 12 1 10 100 1 10 12 1 10 100 1 10 12 1 10 100 1 10 12 1 10 100 1 10 12 1 10 100 1 10 12 1 10 100 1 10 12 1 10 100 1 10 12 1 10 100 1 10 10 100 1 10 10 100 1 10 10 100 1 10 12 1 10 100 1 10 12 1 10 100 1 10 12 1 10 100 1 10 12 1 10 100 1 10 12 1 10 100 1 10 10 100 1 10 10 100 1 10 10 100 1 10 12 1 10 100 1 10 12 1 10 100 1 10 12 1 10 100 1 10 12 1 10 100 1 10 12 1 10 10 12 1 10 12 1 7 1 7 1 10 12 1 9 12 1 1 9 12 1 1 10 12 1 1 8 10 12 1 1 8 8 8 8 7 10 12 1 1 10 12 1 1 100 1 8 1 10 7 1 100 1 100 1 1 1 5 0 1 1 3 1 3 1 1 1 1 3 1 3 1 3 1 1 1 1 1 3 1 3 1 3 1 1 1 1 1 1 1 1 1 1 1 1 1 1 1 1 1 1 1 1 1 1 1 1 1 1 1 100 1 1 1 1 1 1 1 1 1 1 1 1 1 1 1 1 1 1 1 1 1 1 1 1 1 1 1 1 1 1 1 1 1 1 1 1 1 1 1 1 1 1 1 1 1 1 1 1 1 1 1 1 1 1 1 1 1 1 1 1 1 1 1 1 1 1 1 1 1 1 1 1 1 1 1 1 1 1 1 1 1 1 1 1 100 1 1 1 1 1 1 1 1 1 1 1 100 1 1 1 1 1 1 1 1 1 1 1 1 1 1 1 1 1 1 1 1 1 1 1 1 1 1 1 1 1 1 1 1 1 1 1 1 1 1 1 1 1 1 1 1 1 1 1 1 1 1 1 1 1 1 1 1 1 1 1 1 1 1 1 1 1 1 1 1 1 1 1 1 1 1 1 1 1 1 1 1 1 1 1 1 1 1 1 1 1 1 1 1 1 1 1 1 1 1 1 1 1 1 1 1 1 1 1 1 1 1 1 1 1 1 1 1 1 1 1 1 1 1 1 1 1 1 1 1 1 1 1 1 1 1 1 1 1 1 1 1 1 1 1 1 1 1 1 1 1 1 1 1 1 1 1 1 1 1 1 1 1 1 1 1 1 1 1 1 1 1 1 1 1 1 1 1 1 1 1 1 1 1 1 1 1 1 1 1 1 1 1 1 1 1 1 1 1 1 1 1 1 1 1 1 1 1 1 1 1 1 1 1 1 1 1 1 1 1 1 1 1 1 1 100 1 100 1 100 1 100 1 100 1 100 1 100 1 100 1 100 1 1 1 1 1 1 1 1 1 1 1 1 1 1 1 1 1 1 1 1 1 1 1 1 1 1 1 1 1 1 1 1 1 1 1 1 1 1 1 1 1 1 1 1 1 1 1 1 1 1 1 1 1 1 1 1 1 1
staticfield java/util/concurrent/ConcurrentHashMap serialPersistentFields [Ljava/io/ObjectStreamField; 3 [Ljava/io/ObjectStreamField;
staticfield java/util/concurrent/ConcurrentHashMap U Ljdk/internal/misc/Unsafe; jdk/internal/misc/Unsafe
staticfield java/util/concurrent/ConcurrentHashMap SIZECTL J 44
staticfield java/util/concurrent/ConcurrentHashMap TRANSFERINDEX J 56
staticfield java/util/concurrent/ConcurrentHashMap BASECOUNT J 48
staticfield java/util/concurrent/ConcurrentHashMap CELLSBUSY J 60
staticfield java/util/concurrent/ConcurrentHashMap CELLVALUE J 144
staticfield java/util/concurrent/ConcurrentHashMap ABASE J 16
staticfield java/util/concurrent/ConcurrentHashMap ASHIFT I 2
instanceKlass sun/awt/SoftCache
instanceKlass java/util/Collections$SingletonMap
instanceKlass java/util/concurrent/ConcurrentSkipListMap
instanceKlass com/google/gson/internal/LinkedTreeMap
instanceKlass java/util/TreeMap
instanceKlass java/util/EnumMap
instanceKlass java/util/IdentityHashMap
instanceKlass java/util/WeakHashMap
instanceKlass java/util/Collections$EmptyMap
instanceKlass sun/util/PreHashedMap
instanceKlass java/util/HashMap
instanceKlass java/util/ImmutableCollections$AbstractImmutableMap
instanceKlass java/util/concurrent/ConcurrentHashMap
ciInstanceKlass java/util/AbstractMap 1 1 198 10 7 12 1 1 1 10 7 12 1 1 1 11 7 12 1 1 1 10 11 12 1 1 11 7 12 1 1 1 11 12 1 1 7 1 11 12 1 10 12 1 1 11 12 1 100 1 10 11 12 1 11 7 1 10 12 1 1 11 12 1 9 12 1 1 100 1 10 12 1 9 12 1 1 100 1 10 11 11 12 1 1 11 12 1 100 1 100 1 11 12 1 8 1 100 1 10 10 12 1 1 8 1 10 12 1 10 12 1 1 10 12 1 1 1 1 1 1 1 1 1 1 1 1 1 1 1 1 1 1 1 1 1 1 1 1 1 1 1 1 1 1 1 1 1 1 1 1 1 1 1 1 100 1 1 1 1 1 1 1 100 1 1 1 1 1 1 1 1 1 100 1 1 1 1 1 1 1 1 1 100 1 100 1 100 1 100 1 100 1 1 1 1 1 1 1 1
ciInstanceKlass java/util/concurrent/ConcurrentMap 1 1 201 11 100 12 1 1 1 10 100 12 1 1 11 12 1 1 11 100 12 1 1 1 11 100 12 1 1 1 11 12 1 1 100 1 11 12 1 11 12 1 100 1 11 100 12 1 1 1 18 12 1 11 12 1 1 11 100 12 1 1 11 12 1 1 11 100 12 1 11 12 1 1 11 12 1 1 100 1 100 1 1 1 1 1 1 1 1 1 1 1 1 1 1 1 1 1 1 1 1 1 1 1 1 1 1 1 1 1 1 1 1 1 1 1 1 1 1 1 1 1 1 1 1 1 1 1 1 1 1 1 1 1 1 1 1 1 1 1 1 16 15 11 12 15 10 100 12 1 1 1 1 1 100 1 100 1 1 1 100 1 8 1 1 12 10 1 8 1 1 1 8 1 8 1 1 8 1 1 1 8 1 1 1 8 1 1 8 1 8 1 1 1 8 1 1 8 1 1 1 8 1
ciInstanceKlass java/util/Collection 1 1 115 11 100 12 1 1 1 100 1 11 7 12 1 1 1 10 100 12 1 1 1 11 12 1 1 11 100 12 1 1 1 11 12 1 1 11 100 12 1 1 1 11 12 1 1 10 100 12 1 1 1 11 12 1 10 7 12 1 1 1 100 1 100 1 1 1 1 1 1 1 1 1 1 1 1 1 1 1 1 1 1 1 1 1 1 1 1 1 1 1 1 1 1 1 1 1 1 1 1 1 1 1 1 1 1 1 1 1 1 1 1 1 1 1 1
instanceKlass jdk/internal/loader/ClassLoaders$BootClassLoader
instanceKlass jdk/internal/loader/ClassLoaders$PlatformClassLoader
instanceKlass jdk/internal/loader/ClassLoaders$AppClassLoader
ciInstanceKlass jdk/internal/loader/BuiltinClassLoader 1 1 652 9 7 12 1 1 1 10 7 12 1 1 1 10 7 12 1 1 1 9 12 1 1 9 12 1 1 7 1 10 12 1 9 12 1 10 12 1 9 12 1 10 7 12 1 1 1 10 7 12 1 1 1 10 100 12 1 1 1 11 7 12 1 1 1 100 1 100 1 10 10 12 1 1 8 1 10 12 1 10 12 7 1 10 12 1 10 12 1 1 11 100 12 1 1 1 11 7 12 1 1 1 11 12 1 1 7 1 8 1 8 1 10 9 12 1 1 10 7 12 1 1 11 12 1 1 10 12 1 1 10 12 1 1 10 12 1 1 11 7 12 1 1 1 10 7 12 1 1 7 1 10 100 12 1 1 1 10 7 12 1 1 1 10 12 1 10 12 1 100 1 8 1 10 12 1 1 10 8 1 10 12 1 1 10 12 1 1 10 12 1 1 11 7 12 1 1 11 12 1 7 1 10 11 12 1 1 11 10 12 1 1 7 1 10 12 1 10 7 12 1 10 12 1 11 12 1 1 11 7 1 11 12 1 100 1 10 12 1 1 100 1 100 1 11 12 1 1 10 12 1 10 12 10 12 1 10 7 12 1 1 1 7 1 10 10 12 1 1 10 12 1 1 10 12 1 1 10 12 1 9 12 1 1 100 1 10 10 12 1 1 10 12 1 1 10 12 1 10 12 10 12 1 1 10 12 1 1 10 12 1 1 10 12 1 10 12 1 1 10 12 1 1 10 12 1 10 12 1 1 10 12 1 7 1 10 12 10 7 12 1 1 1 10 12 1 11 12 1 7 1 10 12 1 7 1 100 1 10 12 1 10 12 1 11 12 1 1 10 12 1 1 10 12 1 1 10 12 1 1 10 12 1 1 10 12 1 10 12 1 10 12 1 10 12 1 8 1 10 12 1 1 10 7 12 1 1 10 12 1 100 1 8 1 8 1 10 10 12 1 8 1 8 1 10 7 12 1 1 1 11 7 12 1 1 1 9 7 12 1 1 1 10 7 12 1 1 1 9 12 1 9 12 1 9 12 1 9 12 1 9 12 1 9 12 1 10 7 12 1 1 1 8 1 10 12 1 7 1 10 11 12 1 1 10 12 10 12 1 10 12 1 100 1 10 12 1 10 12 1 11 11 12 1 10 7 12 1 1 10 7 12 1 1 8 1 10 7 12 1 1 10 12 1 1 1 1 1 1 1 1 1 1 1 1 1 1 1 1 1 1 1 1 1 1 1 1 1 1 1 1 1 1 1 1 1 1 1 1 1 1 1 1 1 1 1 1 1 1 1 1 1 1 1 1 1 1 1 100 1 1 1 1 1 1 1 1 1 1 1 1 1 100 1 100 1 1 1 1 1 1 1 1 1 1 1 1 1 1 1 1 1 1 1 1 1 1 1 1 1 1 1 1 1 1 1 1 1 1 1 1 1 1 1 1 1 1 1 1 1 1 1 100 1 1 1 100 1 1 1 1 1
staticfield jdk/internal/loader/BuiltinClassLoader packageToModule Ljava/util/Map; java/util/concurrent/ConcurrentHashMap
staticfield jdk/internal/loader/BuiltinClassLoader $assertionsDisabled Z 1
ciInstanceKlass jdk/internal/loader/ClassLoaders$AppClassLoader 1 1 57 8 1 10 7 12 1 1 1 10 100 12 1 1 1 10 12 1 1 10 7 12 1 1 1 100 1 10 12 1 1 1 1 1 1 1 1 1 1 1 1 1 1 1 1 1 1 1 1 1 1 1 1 100 1 1 1
ciInstanceKlass jdk/internal/loader/ClassLoaders$PlatformClassLoader 1 1 42 8 1 10 7 12 1 1 1 10 7 12 1 1 1 100 1 10 12 1 100 1 1 1 1 1 1 1 1 1 1 1 1 1 1 100 1 1 1 100 1 1
ciInstanceKlass java/lang/ArithmeticException 1 1 26 10 100 12 1 1 1 10 12 1 100 1 1 1 1 5 0 1 1 1 1 1 1 1 1 1
instanceKlass com/ibm/icu/impl/locale/LocaleSyntaxException
instanceKlass java/util/concurrent/ExecutionException
instanceKlass com/nimbusds/jose/JOSEException
instanceKlass org/apache/commons/codec/EncoderException
instanceKlass org/apache/commons/codec/DecoderException
instanceKlass org/hl7/fhir/validation/instance/InstanceValidator$CheckCodeOnServerException
instanceKlass org/fhir/ucum/UcumException
instanceKlass net/sf/saxon/om/QNameException
instanceKlass javax/xml/stream/XMLStreamException
instanceKlass net/sf/saxon/s9api/SaxonApiException
instanceKlass javax/xml/transform/TransformerException
instanceKlass org/xmlpull/v1/XmlPullParserException
instanceKlass java/lang/CloneNotSupportedException
instanceKlass org/sqlite/NativeLibraryNotFoundException
instanceKlass org/sqlite/FileException
instanceKlass java/sql/SQLException
instanceKlass org/hl7/fhir/utilities/http/HTTPResultException
instanceKlass java/util/zip/DataFormatException
instanceKlass sun/nio/fs/WindowsException
instanceKlass sun/security/pkcs11/wrapper/PKCS11Exception
instanceKlass java/security/GeneralSecurityException
instanceKlass java/util/concurrent/TimeoutException
instanceKlass java/net/URISyntaxException
instanceKlass ch/qos/logback/core/boolex/EvaluationException
instanceKlass ch/qos/logback/core/util/PropertySetterException
instanceKlass java/lang/InterruptedException
instanceKlass ch/qos/logback/core/model/processor/ModelHandlerException
instanceKlass ch/qos/logback/core/spi/ScanException
instanceKlass ch/qos/logback/core/joran/spi/ActionException
instanceKlass javax/xml/parsers/ParserConfigurationException
instanceKlass org/xml/sax/SAXException
instanceKlass ch/qos/logback/core/util/DynamicClassLoadingException
instanceKlass ch/qos/logback/core/util/IncompatibleClassException
instanceKlass ch/qos/logback/core/joran/spi/JoranException
instanceKlass java/text/ParseException
instanceKlass org/hl7/fhir/r5/utils/EOperationOutcome
instanceKlass java/io/IOException
instanceKlass java/lang/ReflectiveOperationException
instanceKlass java/lang/RuntimeException
ciInstanceKlass java/lang/Exception 1 1 40 10 7 12 1 1 1 10 12 1 10 12 1 10 12 1 10 12 1 100 1 1 1 1 5 0 1 1 1 1 1 1 1 1 1 1 1 1 1 1
instanceKlass com/ibm/icu/util/UResourceTypeMismatchException
instanceKlass java/util/MissingResourceException
instanceKlass com/ibm/icu/util/ICUException
instanceKlass com/ibm/icu/util/ICUUncheckedIOException
instanceKlass org/hl7/fhir/exceptions/TimeoutException
instanceKlass org/hl7/fhir/validation/instance/utils/BoundedSizeList$BoundsExceededException
instanceKlass java/util/ConcurrentModificationException
instanceKlass net/sf/saxon/regex/RESyntaxException
instanceKlass net/sf/saxon/type/MissingComponentException
instanceKlass net/sf/saxon/trans/NoDynamicContextException
instanceKlass java/util/EmptyStackException
instanceKlass net/sf/saxon/s9api/SaxonApiUncheckedException
instanceKlass net/sf/saxon/trans/XmlProcessingAbort
instanceKlass net/sf/saxon/om/NamePool$NamePoolLimitException
instanceKlass net/sf/saxon/trans/UncheckedXPathException
instanceKlass net/sf/saxon/trans/LicenseException
instanceKlass org/apache/tools/ant/BuildException
instanceKlass kotlin/NoWhenBranchMatchedException
instanceKlass java/security/ProviderException
instanceKlass java/util/concurrent/RejectedExecutionException
instanceKlass kotlin/UninitializedPropertyAccessException
instanceKlass java/io/UncheckedIOException
instanceKlass com/google/gson/JsonParseException
instanceKlass java/util/NoSuchElementException
instanceKlass java/time/DateTimeException
instanceKlass ca/uhn/fhir/rest/server/exceptions/BaseServerResponseException
instanceKlass java/lang/reflect/UndeclaredThrowableException
instanceKlass ch/qos/logback/core/LogbackException
instanceKlass java/lang/SecurityException
instanceKlass java/lang/UnsupportedOperationException
instanceKlass java/lang/IllegalStateException
instanceKlass org/hl7/fhir/exceptions/FHIRException
instanceKlass java/lang/IllegalArgumentException
instanceKlass java/lang/IndexOutOfBoundsException
instanceKlass java/lang/ArithmeticException
instanceKlass java/lang/NullPointerException
instanceKlass java/lang/IllegalCallerException
instanceKlass java/lang/IllegalMonitorStateException
instanceKlass java/lang/ArrayStoreException
instanceKlass java/lang/ClassCastException
ciInstanceKlass java/lang/RuntimeException 1 1 40 10 7 12 1 1 1 10 12 1 10 12 1 10 12 1 10 12 1 100 1 1 1 1 5 0 1 1 1 1 1 1 1 1 1 1 1 1 1 1
ciInstanceKlass java/lang/ArrayIndexOutOfBoundsException 1 1 45 10 100 12 1 1 1 10 12 1 100 1 10 8 1 10 12 1 1 10 12 1 10 12 1 1 100 1 1 1 1 5 0 1 1 1 1 1 1 1 1 1 1 1 1
ciInstanceKlass java/lang/ArrayStoreException 1 1 26 10 100 12 1 1 1 10 12 1 100 1 1 1 1 5 0 1 1 1 1 1 1 1 1 1
instanceKlass net/sf/saxon/expr/sort/ComparisonException
ciInstanceKlass java/lang/ClassCastException 1 1 26 10 100 12 1 1 1 10 12 1 100 1 1 1 1 5 0 1 1 1 1 1 1 1 1 1
ciInstanceKlass java/lang/ClassNotFoundException 1 1 96 7 1 10 7 12 1 1 1 10 12 1 10 12 1 1 10 100 12 1 1 1 8 1 10 100 12 1 1 1 10 7 12 1 1 10 100 12 1 1 1 10 100 12 1 1 1 10 12 1 1 7 1 10 12 1 9 12 1 1 1 1 1 5 0 1 1 1 1 1 1 1 1 1 1 1 1 1 1 1 1 1 1 100 1 1 1 1 1 1 1 1 1 1 1 1
staticfield java/lang/ClassNotFoundException serialPersistentFields [Ljava/io/ObjectStreamField; 1 [Ljava/io/ObjectStreamField;
instanceKlass java/lang/reflect/InvocationTargetException
instanceKlass java/lang/IllegalAccessException
instanceKlass java/lang/InstantiationException
instanceKlass java/lang/NoSuchFieldException
instanceKlass java/lang/NoSuchMethodException
instanceKlass java/lang/ClassNotFoundException
ciInstanceKlass java/lang/ReflectiveOperationException 1 1 34 10 7 12 1 1 1 10 12 1 10 12 1 10 12 1 100 1 1 1 1 5 0 1 1 1 1 1 1 1 1 1 1 1
ciInstanceKlass java/lang/IllegalCallerException 0 0 35 10 100 12 1 1 1 10 12 1 10 12 1 10 12 1 100 1 1 1 1 5 0 1 1 1 1 1 1 1 1 1 1 1 1
ciInstanceKlass java/lang/IllegalMonitorStateException 1 1 26 10 100 12 1 1 1 10 12 1 100 1 1 1 1 5 0 1 1 1 1 1 1 1 1 1
ciInstanceKlass java/lang/BootstrapMethodError 0 0 45 10 100 12 1 1 1 10 12 1 10 12 1 10 100 12 1 1 1 10 100 12 1 1 1 1 1 1 5 0 1 1 1 1 1 1 1 1 1 1 1 100 1 1 1
instanceKlass javax/xml/transform/TransformerFactoryConfigurationError
instanceKlass javax/xml/parsers/FactoryConfigurationError
instanceKlass kotlin/NotImplementedError
instanceKlass java/util/ServiceConfigurationError
instanceKlass java/lang/AssertionError
instanceKlass java/lang/VirtualMachineError
instanceKlass java/lang/LinkageError
ciInstanceKlass java/lang/Error 1 1 58 10 7 12 1 1 1 9 12 1 1 10 100 12 1 1 1 10 100 12 1 1 1 10 12 1 10 12 1 10 12 1 10 12 1 100 1 1 1 1 5 0 1 1 1 1 1 1 1 1 100 1 1 1 1 1 1 1
instanceKlass java/lang/UnsatisfiedLinkError
instanceKlass java/lang/IncompatibleClassChangeError
instanceKlass java/lang/BootstrapMethodError
instanceKlass java/lang/NoClassDefFoundError
ciInstanceKlass java/lang/LinkageError 1 1 31 10 7 12 1 1 1 10 12 1 10 12 1 100 1 1 1 1 5 0 1 1 1 1 1 1 1 1 1 1 1
instanceKlass kotlin/KotlinNullPointerException
ciInstanceKlass java/lang/NullPointerException 1 1 52 10 7 12 1 1 1 10 12 1 9 7 12 1 1 1 10 12 1 1 9 12 1 1 10 12 1 1 10 12 1 1 1 1 5 0 1 1 1 1 1 1 1 1 100 1 100 1 100 1 1 1
ciInstanceKlass java/lang/InternalError 1 1 34 10 100 12 1 1 1 10 12 1 10 12 1 10 12 1 100 1 1 1 1 5 0 1 1 1 1 1 1 1 1 1 1 1
instanceKlass java/lang/StackOverflowError
instanceKlass java/lang/OutOfMemoryError
instanceKlass java/lang/InternalError
ciInstanceKlass java/lang/VirtualMachineError 1 1 34 10 7 12 1 1 1 10 12 1 10 12 1 10 12 1 100 1 1 1 1 5 0 1 1 1 1 1 1 1 1 1 1 1
ciInstanceKlass java/lang/NoClassDefFoundError 0 0 26 10 100 12 1 1 1 10 12 1 100 1 1 1 1 5 0 1 1 1 1 1 1 1 1 1
ciInstanceKlass java/lang/OutOfMemoryError 1 1 26 10 7 12 1 1 1 10 12 1 100 1 1 1 1 5 0 1 1 1 1 1 1 1 1 1
ciInstanceKlass java/lang/StackOverflowError 1 1 26 10 100 12 1 1 1 10 12 1 100 1 1 1 1 5 0 1 1 1 1 1 1 1 1 1
ciInstanceKlass java/lang/StackTraceElement 1 1 235 10 7 12 1 1 1 10 7 12 1 1 9 12 1 1 9 12 1 1 9 12 1 9 12 1 8 1 10 100 12 1 1 1 100 1 9 12 1 8 1 9 12 1 9 12 1 9 12 1 1 10 12 1 1 10 12 1 8 1 10 100 12 1 1 1 100 1 10 12 1 10 12 1 1 10 12 1 10 12 1 1 10 12 1 10 12 1 10 10 12 1 8 1 10 12 1 10 12 1 1 10 12 1 1 10 12 1 10 12 1 10 12 1 9 12 1 1 10 7 12 1 1 1 10 12 1 1 7 1 10 12 1 1 10 7 12 1 1 10 7 12 1 1 1 10 7 12 1 1 10 7 12 1 1 10 10 12 1 1 10 12 1 1 10 12 1 1 10 12 1 100 1 1 1 1 1 1 1 3 1 3 1 1 5 0 1 1 1 1 1 1 1 1 1 1 1 1 1 1 1 1 1 1 1 1 1 1 1 1 1 1 1 1 1 100 1 100 1 1 1 1 1 1 1 100 1 1 1 1 1 1 1 1 1
instanceKlass java/util/concurrent/locks/AbstractQueuedLongSynchronizer
instanceKlass java/util/concurrent/locks/AbstractQueuedSynchronizer
ciInstanceKlass java/util/concurrent/locks/AbstractOwnableSynchronizer 1 1 32 10 7 12 1 1 1 9 7 12 1 1 1 100 1 1 1 1 5 0 1 1 1 1 1 1 1 1 1 1 1 1
ciInstanceKlass jdk/internal/vm/Continuation 1 1 551 9 7 12 1 1 1 9 12 1 9 12 1 9 12 1 100 1 100 1 10 12 1 1 8 1 10 12 1 1 10 12 1 10 12 1 1 10 12 1 9 7 12 1 1 1 11 100 12 1 1 1 10 100 1 9 12 1 1 9 12 1 1 10 8 1 10 12 1 9 12 1 1 10 11 12 1 1 100 1 10 100 12 1 1 1 10 12 1 1 10 12 1 10 12 1 1 11 12 1 1 9 12 1 1 10 12 1 1 18 12 1 1 10 100 12 1 1 1 100 1 10 12 1 11 100 12 1 1 1 10 12 1 9 12 1 10 12 1 1 100 1 8 1 10 12 1 10 12 1 1 9 12 1 1 11 12 1 1 9 12 1 1 8 1 10 11 12 1 1 11 12 1 1 10 12 1 1 10 12 1 1 9 12 1 10 12 1 10 10 12 1 8 1 10 12 1 8 1 8 1 10 7 12 1 1 1 10 100 12 1 1 1 10 12 1 9 12 1 11 12 1 100 1 10 12 1 10 12 1 1 9 12 1 1 100 1 10 12 1 1 9 12 1 1 10 12 1 10 12 1 11 100 12 1 1 10 7 1 10 12 1 8 1 10 12 1 1 9 12 1 1 10 7 12 1 1 8 1 8 1 8 1 8 1 10 12 1 1 10 12 1 10 12 1 10 12 1 10 12 1 1 10 12 1 1 8 1 9 12 1 10 12 1 1 9 12 1 1 10 12 1 1 9 12 1 8 1 10 100 12 1 1 1 10 12 1 8 1 100 1 8 1 10 9 12 1 1 8 1 10 100 12 1 1 10 100 12 1 1 8 1 8 1 10 12 10 12 1 1 10 100 1 10 100 12 1 1 1 18 11 100 12 1 1 1 18 12 1 11 12 1 1 100 1 10 7 12 1 1 10 12 1 1 8 10 12 1 1 10 7 12 1 1 1 10 7 12 1 1 10 12 1 8 1 10 12 1 100 1 100 1 10 12 1 1 1 1 1 1 1 1 1 1 1 1 1 1 1 1 1 1 1 1 1 1 1 1 1 1 1 1 1 1 1 1 1 1 1 1 1 1 1 1 1 1 1 1 1 1 1 1 1 1 1 1 1 1 1 1 1 1 1 1 1 1 1 1 1 1 1 1 1 1 1 1 1 1 1 1 100 1 1 16 1 15 10 12 16 15 11 100 12 1 1 1 16 1 16 1 15 10 12 16 15 10 100 12 1 1 1 1 1 1 1 1 100 1 100 1 1
staticfield jdk/internal/vm/Continuation U Ljdk/internal/misc/Unsafe; jdk/internal/misc/Unsafe
staticfield jdk/internal/vm/Continuation MOUNTED_OFFSET J 13
staticfield jdk/internal/vm/Continuation PRESERVE_SCOPED_VALUE_CACHE Z 1
staticfield jdk/internal/vm/Continuation JLA Ljdk/internal/access/JavaLangAccess; java/lang/System$1
staticfield jdk/internal/vm/Continuation $assertionsDisabled Z 1
ciInstanceKlass jdk/internal/misc/UnsafeConstants 1 1 34 10 100 12 1 1 1 9 7 12 1 1 1 9 12 1 9 12 1 1 9 12 1 9 12 1 1 1 1 1 1 1 1 1
staticfield jdk/internal/misc/UnsafeConstants ADDRESS_SIZE0 I 8
staticfield jdk/internal/misc/UnsafeConstants PAGE_SIZE I 4096
staticfield jdk/internal/misc/UnsafeConstants BIG_ENDIAN Z 0
staticfield jdk/internal/misc/UnsafeConstants UNALIGNED_ACCESS Z 1
staticfield jdk/internal/misc/UnsafeConstants DATA_CACHE_LINE_FLUSH_SIZE I 0
ciInstanceKlass java/lang/invoke/MethodHandleImpl 1 1 1424 10 7 12 1 1 1 7 1 10 7 12 1 1 1 10 7 12 1 1 1 100 1 10 8 1 10 12 1 1 10 12 1 10 12 1 1 10 7 12 1 1 1 9 7 12 1 1 1 10 100 12 1 1 1 100 1 10 12 1 1 10 12 1 1 10 12 1 1 10 7 12 1 1 1 9 7 12 1 1 1 10 7 12 1 1 1 100 1 10 9 12 1 1 9 12 1 10 12 1 1 10 12 1 10 12 1 1 10 12 1 1 10 12 1 1 8 1 8 1 10 12 1 1 10 12 1 1 10 12 1 1 10 12 1 1 10 12 1 10 12 1 1 10 7 12 1 1 1 10 12 1 7 1 10 7 12 1 1 1 10 12 1 1 10 12 1 1 11 7 12 1 1 1 11 7 12 1 1 11 12 1 1 7 1 11 12 1 10 12 1 1 10 12 1 1 11 12 1 10 7 12 1 1 10 12 1 1 10 7 12 1 1 10 12 1 10 12 1 1 10 7 12 1 1 1 10 7 12 1 1 1 10 12 1 1 10 12 1 1 9 7 12 1 1 1 10 10 12 1 1 10 12 1 1 10 10 12 1 1 10 12 1 1 10 7 12 1 1 1 10 12 1 1 10 12 1 10 12 1 10 7 12 1 1 1 10 7 12 1 1 1 10 12 1 1 10 12 1 10 12 1 10 12 1 10 12 1 1 10 12 1 10 12 1 1 10 12 1 10 12 1 8 1 100 1 10 12 1 10 12 1 1 10 12 1 10 12 1 1 10 12 1 1 7 1 10 12 1 100 1 8 1 10 12 1 10 7 12 1 1 1 8 1 10 12 1 10 7 12 1 1 1 100 1 9 7 1 10 12 1 1 10 12 1 1 9 12 1 10 12 1 1 10 7 12 1 1 10 12 1 1 10 12 1 1 10 12 1 10 12 1 7 1 10 12 1 1 9 12 1 1 10 12 1 9 7 12 1 1 1 11 7 12 1 1 7 1 9 12 1 7 1 10 12 1 10 12 1 1 7 1 10 12 1 1 10 12 1 1 10 7 12 1 1 1 10 12 1 1 10 12 1 10 12 1 1 10 12 1 10 12 1 1 10 12 1 7 1 9 7 12 1 1 1 10 12 1 10 12 1 9 7 12 1 1 1 10 12 1 1 10 12 1 1 10 12 1 10 7 12 1 1 10 100 12 1 1 1 9 12 1 10 12 1 9 12 10 12 1 10 12 1 10 12 1 10 12 1 1 10 12 1 10 12 1 1 10 12 1 10 12 1 1 10 12 1 1 10 12 1 1 10 12 1 10 12 1 10 12 1 1 10 12 1 10 100 12 1 1 10 12 1 10 100 12 1 1 8 1 10 8 1 100 1 10 9 12 1 100 1 10 12 1 8 1 10 10 12 1 10 10 12 1 1 10 12 1 1 10 12 1 10 12 1 100 1 8 1 10 12 1 10 100 12 1 1 1 10 12 1 1 10 12 1 10 12 1 100 1 10 12 1 10 12 1 10 12 1 1 7 1 10 12 1 10 7 12 1 1 10 12 1 9 12 1 10 12 1 1 10 12 1 1 100 1 10 10 12 1 8 1 8 1 9 12 1 8 1 8 1 8 1 9 12 1 10 12 1 1 9 12 1 1 10 12 1 8 1 9 7 1 10 12 1 1 10 12 1 8 1 8 1 8 1 100 1 100 1 8 8 1 8 1 100 1 8 1 100 1 10 12 1 7 1 10 10 7 12 1 1 1 10 12 1 10 12 10 12 1 10 12 1 11 100 12 1 1 1 18 12 1 11 100 12 1 1 1 18 18 12 1 11 12 1 1 10 12 1 1 10 12 1 10 12 1 11 12 1 9 12 1 9 12 10 10 12 1 1 9 12 1 1 11 12 1 1 18 12 1 1 11 12 1 1 11 12 1 1 10 12 1 11 100 1 10 12 1 10 12 1 10 12 1 9 12 1 9 12 10 12 1 10 7 12 1 1 1 10 12 1 10 12 1 1 10 12 1 10 12 9 12 1 1 10 12 1 10 12 1 1 9 12 1 9 12 1 10 12 1 10 12 1 1 10 12 1 100 1 10 12 1 9 12 1 1 11 100 1 9 12 1 9 12 11 12 1 9 12 1 10 12 10 12 1 1 10 12 1 1 9 7 12 1 1 10 12 1 10 12 1 10 12 1 1 100 1 10 12 1 10 12 1 1 100 1 10 12 1 1 10 12 1 1 100 1 10 12 1 1 10 12 1 1 10 12 1 10 12 1 10 12 1 9 12 1 10 12 1 10 12 1 1 9 7 12 1 1 1 8 10 12 1 1 8 1 10 12 1 8 1 8 1 8 1 8 1 8 1 8 1 100 1 8 1 8 1 10 12 1 9 12 1 10 12 1 1 1 1 1 3 1 1 3 1 3 1 3 1 3 1 3 1 3 1 3 1 3 1 1 1 1 1 1 1 1 1 3 1 3 1 1 1 1 1 1 1 1 1 1 1 1 1 1 1 1 1 1 1 1 1 1 1 1 1 1 1 1 1 1 1 1 1 1 1 1 1 1 1 1 1 1 1 1 1 1 1 1 1 1 1 1 1 1 1 1 1 1 1 1 1 1 1 1 1 1 1 1 1 1 1 1 1 1 1 1 1 1 1 1 1 1 1 1 1 1 1 1 1 1 1 1 1 1 1 1 1 1 1 1 1 1 1 100 1 1 1 1 1 1 1 1 1 1 1 1 1 1 1 1 1 1 1 1 1 1 1 1 1 1 1 1 1 1 1 1 1 1 1 1 1 1 1 1 1 1 1 1 1 1 1 1 1 1 1 1 1 1 1 1 1 1 1 1 1 1 1 1 1 1 1 1 1 1 1 1 1 1 1 1 1 1 1 1 1 1 1 1 1 1 1 1 1 1 1 1 1 1 1 1 1 1 1 1 1 1 1 1 1 1 1 1 1 1 1 1 1 1 1 1 1 1 1 1 1 1 1 1 1 1 1 1 1 1 1 1 1 1 1 1 1 1 1 1 1 1 1 1 1 1 1 1 1 1 1 1 1 1 1 1 1 1 1 1 1 1 1 1 1 1 1 1 1 100 1 100 1 100 1 100 1 100 1 100 1 100 1 1 16 15 10 12 16 15 16 16 1 15 10 12 16 16 15 10 12 16 15 10 100 12 1 1 1 1 1 1 1 1 1 1 1 1 1 1 1 1 1 1 1 1 1 1 1 1
staticfield java/lang/invoke/MethodHandleImpl ARRAYS [Ljava/lang/invoke/MethodHandle; 256 [Ljava/lang/invoke/MethodHandle;
staticfield java/lang/invoke/MethodHandleImpl NFS [Ljava/lang/invoke/LambdaForm$NamedFunction; 7 [Ljava/lang/invoke/LambdaForm$NamedFunction;
staticfield java/lang/invoke/MethodHandleImpl HANDLES [Ljava/lang/invoke/MethodHandle; 9 [Ljava/lang/invoke/MethodHandle;
staticfield java/lang/invoke/MethodHandleImpl $assertionsDisabled Z 1
instanceKlass java/lang/invoke/DelegatingMethodHandle
instanceKlass java/lang/invoke/BoundMethodHandle
instanceKlass java/lang/invoke/DirectMethodHandle
ciInstanceKlass java/lang/invoke/MethodHandle 1 1 734 100 1 9 7 12 1 1 1 10 7 12 1 1 1 10 7 12 1 1 1 7 1 7 1 10 12 1 1 9 12 1 1 10 12 1 10 12 1 1 10 12 1 1 10 100 12 1 1 1 10 12 1 1 10 12 1 1 11 100 12 1 1 1 10 12 1 1 10 12 1 10 12 1 9 12 1 1 9 12 1 1 10 100 12 1 1 1 10 12 1 10 12 1 1 10 12 1 10 12 1 100 1 100 1 10 8 1 10 12 1 1 10 12 1 8 1 10 12 1 1 10 12 1 10 7 12 1 1 1 10 12 1 1 10 12 1 1 10 12 1 1 10 7 12 1 1 1 10 12 1 1 10 12 1 1 10 12 1 10 12 1 1 10 100 12 1 1 10 7 12 1 1 10 12 1 10 12 1 10 12 1 1 10 12 1 1 10 12 1 1 10 12 1 1 10 7 12 1 1 1 10 7 12 1 1 1 10 12 1 1 10 12 1 1 10 12 1 1 8 1 10 7 12 1 1 1 8 1 10 12 1 10 12 1 1 10 12 1 1 10 12 1 8 1 10 12 1 1 8 1 10 12 1 8 1 10 100 12 1 1 1 9 12 1 1 100 1 10 9 100 12 1 1 1 9 100 1 8 1 10 12 1 1 10 12 1 10 12 1 1 10 12 1 10 12 1 1 10 12 1 10 12 1 1 10 12 1 10 12 1 1 10 12 1 1 8 1 10 12 1 1 8 1 10 12 1 10 12 1 1 10 12 1 10 12 1 10 12 1 1 9 100 12 1 1 1 10 12 1 1 11 12 1 10 12 1 10 12 1 1 10 100 12 1 1 100 1 11 12 1 10 100 1 11 12 1 100 1 10 12 1 11 12 1 9 100 12 1 1 1 11 12 1 1 11 100 12 1 1 1 10 12 1 1 9 12 1 11 12 1 9 12 1 9 12 1 9 12 1 11 12 1 1 9 12 1 9 12 1 9 12 1 9 12 1 9 12 1 9 12 1 9 12 1 8 1 10 12 1 10 12 1 8 1 10 12 1 10 12 1 10 12 1 1 10 10 10 7 12 1 1 10 12 1 1 100 1 100 1 8 1 8 1 10 10 12 1 1 10 12 1 10 12 1 100 1 10 100 12 1 1 1 10 9 7 12 1 1 1 10 12 1 1 10 12 1 1 8 1 8 1 10 100 12 1 1 9 12 1 9 12 1 1 9 12 1 1 10 12 1 7 1 10 12 1 10 12 1 1 9 12 1 1 9 12 1 1 10 7 12 1 1 1 11 7 12 1 1 9 12 1 10 12 1 1 9 12 1 10 12 1 8 10 12 1 1 8 1 1 1 1 1 1 1 1 100 1 1 1 1 1 1 1 1 1 1 1 1 1 1 1 1 1 1 1 1 1 1 1 1 1 1 1 1 1 1 1 1 100 1 1 1 1 1 1 1 1 1 1 1 1 1 1 1 1 1 1 1 1 1 1 1 1 1 1 1 1 1 1 1 1 1 1 1 1 1 1 1 1 1 1 1 1 1 1 1 1 1 1 1 1 1 1 1 1 1 1 1 1 1 1 1 1 1 1 1 1 1 1 1 1 1 1 1 1 1 1 1 1 1 1 1 1 1 1 100 1 1 100 1 100 1 100 1 1 100 1 1 100 1 1 1 1
staticfield java/lang/invoke/MethodHandle FORM_OFFSET J 20
staticfield java/lang/invoke/MethodHandle UPDATE_OFFSET J 13
staticfield java/lang/invoke/MethodHandle $assertionsDisabled Z 1
ciInstanceKlass java/lang/invoke/MethodType 1 1 724 7 1 10 7 12 1 1 1 9 12 1 1 9 12 1 1 9 12 1 1 10 7 12 1 1 1 9 7 12 1 1 8 1 10 100 12 1 1 1 9 7 1 9 7 1 10 12 1 1 100 1 10 8 1 10 12 1 1 10 12 1 10 12 1 1 100 1 8 1 10 12 1 100 1 10 10 12 1 10 12 1 1 10 12 1 1 11 7 12 1 1 1 9 12 1 11 12 1 1 7 10 12 1 1 10 12 1 1 7 1 7 1 10 7 12 1 1 1 10 12 1 10 12 1 9 12 1 1 10 7 12 1 1 10 12 1 1 10 7 12 1 1 1 10 7 12 1 1 1 10 12 1 9 12 1 1 10 12 1 1 10 12 1 1 10 12 1 1 10 12 1 1 10 12 1 1 10 12 1 10 12 1 10 12 1 1 10 12 1 8 1 8 1 10 12 1 1 9 12 1 1 100 1 10 10 12 1 1 10 12 1 10 12 1 1 10 12 1 1 10 12 1 10 12 1 10 12 1 8 1 10 12 1 1 10 100 12 1 1 1 10 12 1 10 12 1 1 10 12 1 10 12 1 10 12 1 1 10 12 1 10 12 1 9 12 1 10 12 1 10 10 12 1 1 10 12 1 9 12 1 1 10 12 1 1 11 12 1 1 10 12 1 1 10 12 1 10 12 1 100 1 8 1 8 1 8 1 10 12 1 10 12 1 10 12 1 1 10 10 12 1 11 12 1 1 11 12 1 10 100 12 1 1 1 9 12 1 10 12 1 10 12 1 1 10 12 1 1 10 12 1 10 12 1 10 100 12 1 1 1 10 12 1 1 10 12 1 10 12 1 10 12 1 10 9 12 1 1 7 1 10 12 1 10 100 12 1 1 1 10 12 1 1 10 100 12 1 1 1 10 12 1 1 8 1 10 100 12 1 1 1 11 12 1 1 9 12 1 1 10 12 1 1 10 12 1 10 12 1 1 10 12 1 1 10 100 12 1 1 10 12 1 10 12 100 1 11 100 12 1 1 10 12 1 11 12 1 10 100 12 1 1 10 12 1 1 10 12 1 1 9 12 1 1 9 100 12 1 1 1 10 100 12 1 1 1 9 12 1 10 100 12 1 1 10 12 1 100 10 12 1 10 12 1 1 10 12 1 7 1 10 10 12 1 1 7 1 7 1 9 12 1 1 100 1 100 1 100 1 1 1 5 0 1 1 1 1 1 1 1 3 1 3 1 3 1 1 1 1 1 1 1 1 1 1 1 1 1 1 1 1 1 1 1 1 1 1 1 1 1 1 1 1 1 1 1 1 1 1 1 1 1 1 1 1 1 1 1 1 1 1 1 1 1 1 1 1 1 1 1 1 1 1 1 1 1 1 1 1 1 1 1 1 1 1 1 1 1 1 1 1 1 1 1 1 1 1 1 1 1 1 1 1 1 1 1 1 1 1 1 1 1 1 1 1 1 1 1 1 1 1 1 1 1 1 1 1 1 1 1 1 1 1 1 1 1 1 1 1 1 1 1 1 100 1 100 1 1 1 1 1 1 1 1 1 1 1 1 1 100 1 1 1 1 100 1 1 1 100 1 1 1 1 1 1 1 1 1 1 1 1 1 1 1 1 1 1 100 1 1 100 1 1
staticfield java/lang/invoke/MethodType internTable Ljdk/internal/util/ReferencedKeySet; jdk/internal/util/ReferencedKeySet
staticfield java/lang/invoke/MethodType NO_PTYPES [Ljava/lang/Class; 0 [Ljava/lang/Class;
staticfield java/lang/invoke/MethodType objectOnlyTypes [Ljava/lang/invoke/MethodType; 20 [Ljava/lang/invoke/MethodType;
staticfield java/lang/invoke/MethodType METHOD_HANDLE_ARRAY [Ljava/lang/Class; 1 [Ljava/lang/Class;
staticfield java/lang/invoke/MethodType serialPersistentFields [Ljava/io/ObjectStreamField; 0 [Ljava/io/ObjectStreamField;
staticfield java/lang/invoke/MethodType $assertionsDisabled Z 1
ciInstanceKlass java/lang/invoke/TypeDescriptor$OfMethod 1 0 43 100 1 100 1 100 1 1 1 1 1 1 1 1 1 1 1 1 1 1 1 1 1 1 1 1 1 1 1 1 1 1 1 1 1 1 1 1 1 1 100 1 1
instanceKlass org/hl7/fhir/r5/fhirpath/ExpressionNode$CollectionStatus
instanceKlass com/ibm/icu/text/PluralRules$Operand
instanceKlass com/ibm/icu/text/PluralRules$SampleType
instanceKlass com/ibm/icu/impl/StandardPlural
instanceKlass com/ibm/icu/util/UResourceBundle$RootType
instanceKlass com/ibm/icu/impl/ICUResourceBundle$OpenType
instanceKlass com/ibm/icu/text/PluralRules$PluralType
instanceKlass java/util/Locale$FilteringMode
instanceKlass java/util/Locale$IsoCountryCode
instanceKlass com/ibm/icu/util/ULocale$Category
instanceKlass com/ibm/icu/impl/CacheValue$Strength
instanceKlass org/hl7/fhir/validation/instance/type/ValueSetValidator$PropertyOperation
instanceKlass org/hl7/fhir/validation/instance/type/ValueSetValidator$PropertyFilterType
instanceKlass org/hl7/fhir/r5/utils/validation/IValidationPolicyAdvisor$SpecialValidationAction
instanceKlass org/hl7/fhir/r5/utils/validation/IValidationPolicyAdvisor$SpecialValidationRule
instanceKlass org/hl7/fhir/utilities/fhirpath/FHIRPathConstantEvaluationMode
instanceKlass org/hl7/fhir/r5/utils/validation/IValidationPolicyAdvisor$ReferenceDestinationType
instanceKlass org/hl7/fhir/validation/instance/InstanceValidator$BindingContext
instanceKlass org/hl7/fhir/validation/service/model/HtmlInMarkdownCheck
instanceKlass org/hl7/fhir/r5/utils/validation/IValidationPolicyAdvisor$CodedContentValidationAction
instanceKlass org/hl7/fhir/r5/utils/validation/constants/BindingKind
instanceKlass org/hl7/fhir/utilities/ElementDecoration$DecorationType
instanceKlass org/hl7/fhir/r5/utils/validation/IValidationPolicyAdvisor$ElementValidationAction
instanceKlass org/hl7/fhir/r5/utils/xver/XVerExtensionManager$XVerExtensionStatus
instanceKlass org/hl7/fhir/r5/utils/validation/constants/IdStatus
instanceKlass org/hl7/fhir/utilities/validation/ValidationMessage$IssueType
instanceKlass org/hl7/fhir/r5/model/Base$ProfileSource
instanceKlass org/hl7/fhir/r5/model/Base$ValidationReason
instanceKlass sun/awt/AppContext$State
instanceKlass sun/java2d/StateTrackable$State
instanceKlass org/hl7/fhir/utilities/xhtml/HierarchicalTableGenerator$TextAlignment
instanceKlass org/hl7/fhir/utilities/xhtml/HierarchicalTableGenerator$TableGenerationMode
instanceKlass org/hl7/fhir/r5/renderers/StructureDefinitionRenderer$MapStructureMode
instanceKlass org/hl7/fhir/r5/renderers/utils/Resolver$ResourceReferenceKind
instanceKlass org/hl7/fhir/r5/terminologies/utilities/ValueSetProcessBase$OpIssueCode
instanceKlass org/hl7/fhir/utilities/validation/ValidationMessage$IssueSeverity
instanceKlass org/commonmark/internal/LinkReferenceDefinitionParser$State
instanceKlass org/commonmark/parser/IncludeSourceSpans
instanceKlass org/hl7/fhir/utilities/StandardsStatus
instanceKlass org/hl7/fhir/r5/terminologies/utilities/VersionAlgorithm
instanceKlass org/hl7/fhir/r5/terminologies/utilities/TerminologyServiceErrorClass
instanceKlass org/hl7/fhir/r5/renderers/utils/ResourceWrapper$ElementKind
instanceKlass com/nimbusds/jose/jwk/KeyOperation
instanceKlass com/nimbusds/jose/Requirement
instanceKlass org/hl7/fhir/r5/utils/NPMPackageGenerator$Category
instanceKlass org/hl7/fhir/igtools/publisher/FetchedFile$FetchedBundleType
instanceKlass org/hl7/fhir/r5/elementmodel/Element$SpecialElement
instanceKlass java/nio/file/FileVisitResult
instanceKlass org/apache/commons/io/file/StandardDeleteOption
instanceKlass org/hl7/fhir/r5/elementmodel/ParserBase$ValidationPolicy
instanceKlass org/hl7/fhir/r5/elementmodel/ParserBase$IdRenderingPolicy
instanceKlass org/hl7/fhir/utilities/validation/ValidationMessage$Source
instanceKlass org/hl7/fhir/validation/instance/InstanceValidator$MatchetypeStatus
instanceKlass org/hl7/fhir/r5/utils/validation/constants/ReferenceValidationPolicy
instanceKlass org/hl7/fhir/r5/utils/validation/constants/BestPracticeWarningLevel
instanceKlass org/hl7/fhir/validation/service/utils/ValidationLevel
instanceKlass org/hl7/fhir/utilities/xhtml/NodeType
instanceKlass org/hl7/fhir/utilities/xhtml/XhtmlParser$ParserSecurityPolicy
instanceKlass org/hl7/fhir/utilities/VersionUtilities$VersionPrecision
instanceKlass org/hl7/fhir/r5/renderers/utils/RenderingContext$DesignationMode
instanceKlass org/hl7/fhir/r5/renderers/utils/RenderingContext$KnownLinkType
instanceKlass org/hl7/fhir/r5/renderers/utils/RenderingContext$StructureDefinitionRendererMode
instanceKlass org/hl7/fhir/r5/renderers/utils/RenderingContext$QuestionnaireRendererMode
instanceKlass org/hl7/fhir/r5/renderers/utils/RenderingContext$MultiLanguagePolicy
instanceKlass org/hl7/fhir/r5/renderers/utils/RenderingContext$GenerationRules
instanceKlass org/hl7/fhir/r5/renderers/utils/RenderingContext$ResourceRendererMode
instanceKlass org/hl7/fhir/utilities/Utilities$DecimalStatus
instanceKlass org/hl7/fhir/r5/fhirpath/FHIRPathEngine$Equality
instanceKlass org/hl7/fhir/r5/fhirpath/ExpressionNode$Function
instanceKlass org/hl7/fhir/r5/fhirpath/ExpressionNode$Kind
instanceKlass org/hl7/fhir/r5/model/Enumerations$AllLanguages
instanceKlass org/hl7/fhir/r5/model/Enumerations$Currencies
instanceKlass org/hl7/fhir/r5/model/Enumerations$MeasureImprovementNotation
instanceKlass org/hl7/fhir/r5/model/Enumerations$MimeTypes
instanceKlass org/hl7/fhir/r5/model/Enumerations$ResourceTypeEnum
instanceKlass org/hl7/fhir/r5/fhirpath/ExpressionNode$Operation
instanceKlass org/hl7/fhir/r5/conformance/profile/MappingAssistant$MappingMergeModeOption
instanceKlass org/hl7/fhir/r5/conformance/profile/ProfileUtilities$AllowUnknownProfile
instanceKlass org/hl7/fhir/r5/context/IWorkerContext$VersionResolutionRules
instanceKlass org/hl7/fhir/utilities/MarkDownProcessor$Dialect
instanceKlass org/hl7/fhir/r5/context/ILoggingService$LogCategory
instanceKlass org/hl7/fhir/utilities/validation/ValidationOptions$R5BundleRelativeReferencePolicy
instanceKlass org/hl7/fhir/utilities/FhirPublication
instanceKlass net/sf/saxon/om/MemoSequence$State
instanceKlass net/sf/saxon/event/RegularSequenceChecker$State
instanceKlass net/sf/saxon/om/AllElementsSpaceStrippingRule
instanceKlass net/sf/saxon/s9api/ValidationMode
instanceKlass net/sf/saxon/s9api/Serializer$Property
instanceKlass net/sf/saxon/expr/GeneralComparison$ComparisonCardinality
instanceKlass net/sf/saxon/tree/iter/EmptyIterator
instanceKlass net/sf/saxon/om/Genre
instanceKlass net/sf/saxon/type/Affinity
instanceKlass net/sf/saxon/expr/parser/OperatorSymbol
instanceKlass net/sf/saxon/expr/parser/XPathParser$ParsedLanguage
instanceKlass net/sf/saxon/trans/VisibilityProvenance
instanceKlass net/sf/saxon/trans/RecoveryPolicy
instanceKlass net/sf/saxon/trans/DecimalSymbols$Property
instanceKlass net/sf/saxon/value/EmptySequence
instanceKlass net/sf/saxon/expr/OperandUsage
instanceKlass net/sf/saxon/expr/parser/Optionality
instanceKlass net/sf/saxon/trans/Visibility
instanceKlass net/sf/saxon/type/AnyItemType
instanceKlass net/sf/saxon/style/SourceBinding$BindingProperty
instanceKlass net/sf/saxon/style/StyleElement$OnFailure
instanceKlass net/sf/saxon/om/EmptyAttributeMap
instanceKlass net/sf/saxon/om/NoElementsSpaceStrippingRule
instanceKlass net/sf/saxon/tree/tiny/TinyBuilder$Eligibility
instanceKlass net/sf/saxon/om/Durability
instanceKlass net/sf/saxon/lib/ParseOptions$Key
instanceKlass net/sf/saxon/s9api/HostLanguage
instanceKlass net/sf/saxon/type/Untyped
instanceKlass net/sf/saxon/type/AnyType
instanceKlass net/sf/saxon/type/AnySimpleType
instanceKlass net/sf/saxon/s9api/UnprefixedElementMatchingPolicy
instanceKlass net/sf/saxon/type/PrimitiveUType
instanceKlass org/apache/tools/ant/taskdefs/XSLTProcess$ParamType
instanceKlass org/hl7/fhir/r4/formats/XmlParserBase$XmlVersion
instanceKlass org/hl7/fhir/igtools/publisher/IFetchFile$FetchState
instanceKlass java/nio/file/FileTreeWalker$EventType
instanceKlass java/nio/file/FileVisitOption
instanceKlass java/time/format/TextStyle
instanceKlass java/time/format/ResolverStyle
instanceKlass java/time/format/SignStyle
instanceKlass java/time/format/DateTimeFormatterBuilder$SettingsParser
instanceKlass java/time/temporal/JulianFields$Field
instanceKlass java/time/temporal/IsoFields$Unit
instanceKlass java/time/temporal/IsoFields$Field
instanceKlass java/time/zone/ZoneOffsetTransitionRule$TimeDefinition
instanceKlass java/time/DayOfWeek
instanceKlass java/nio/file/attribute/PosixFilePermission
instanceKlass com/fasterxml/jackson/core/JsonToken
instanceKlass com/fasterxml/jackson/core/StreamReadCapability
instanceKlass com/fasterxml/jackson/core/JsonEncoding
instanceKlass org/sqlite/SQLiteLimits
instanceKlass java/nio/file/StandardCopyOption
instanceKlass org/sqlite/SQLiteOpenMode
instanceKlass org/sqlite/SQLiteConfig$HexKeyMode
instanceKlass org/sqlite/SQLiteConfig$DateClass
instanceKlass org/sqlite/SQLiteConfig$DatePrecision
instanceKlass org/sqlite/SQLiteConfig$TransactionMode
instanceKlass org/sqlite/SQLiteConfig$TempStore
instanceKlass org/sqlite/SQLiteConfig$SynchronousMode
instanceKlass org/sqlite/SQLiteConfig$LockingMode
instanceKlass org/sqlite/SQLiteConfig$JournalMode
instanceKlass org/sqlite/SQLiteConfig$Encoding
instanceKlass org/sqlite/SQLiteConfig$Pragma
instanceKlass org/apache/commons/io/StandardLineSeparator
instanceKlass sun/security/ssl/Alert$Level
instanceKlass sun/security/ssl/Alert
instanceKlass org/hl7/fhir/utilities/npm/PackageGenerator$PackageType
instanceKlass okhttp3/internal/http2/ErrorCode
instanceKlass javax/net/ssl/SSLEngineResult$HandshakeStatus
instanceKlass sun/security/ssl/Finished$VerifyDataScheme
instanceKlass java/time/Month
instanceKlass sun/security/validator/CADistrustPolicy
instanceKlass sun/security/provider/certpath/OCSP$RevocationStatus$CertStatus
instanceKlass sun/security/provider/certpath/ResponderId$Type
instanceKlass java/security/cert/CRLReason
instanceKlass sun/security/provider/certpath/OCSPResponse$ResponseStatus
instanceKlass sun/security/ssl/SSLTrafficKeyDerivation$KeySchedule
instanceKlass sun/security/ssl/SSLTrafficKeyDerivation
instanceKlass sun/security/ssl/SSLSecretDerivation$SecretSchedule
instanceKlass com/sun/crypto/provider/HKDFKeyDerivation$SupportedHmac
instanceKlass java/lang/invoke/MethodHandleImpl$ArrayAccess
instanceKlass sun/security/ssl/ContentType
instanceKlass sun/security/ssl/SSLKeyExchange$T12KeyAgreement
instanceKlass sun/security/ssl/PskKeyExchangeModesExtension$PskKeyExchangeMode
instanceKlass sun/security/ssl/ECPointFormatsExtension$ECPointFormat
instanceKlass sun/security/ssl/CertStatusExtension$CertStatusRequestType
instanceKlass sun/security/ssl/SSLExtension
instanceKlass sun/security/ssl/SignatureScheme$SigAlgParamSpec
instanceKlass sun/security/ssl/SignatureScheme
instanceKlass sun/security/ssl/ClientAuthType
instanceKlass sun/security/ssl/SSLHandshake
instanceKlass java/net/StandardProtocolFamily
instanceKlass kotlin/time/DurationUnit
instanceKlass jdk/internal/icu/util/CodePointTrie$ValueWidth
instanceKlass jdk/internal/icu/util/CodePointTrie$Type
instanceKlass java/text/Normalizer$Form
instanceKlass java/security/DrbgParameters$Capability
instanceKlass sun/security/ssl/NamedGroup
instanceKlass sun/security/ssl/NamedGroup$NamedGroupSpec
instanceKlass sun/security/ssl/CipherSuite$KeyExchange
instanceKlass sun/security/ssl/CipherSuite$MacAlg
instanceKlass sun/security/ssl/CipherSuite$HashAlg
instanceKlass java/lang/StackWalker$Option
instanceKlass java/nio/file/AccessMode
instanceKlass sun/security/ssl/CipherType
instanceKlass sun/security/ssl/SSLCipher
instanceKlass sun/security/ssl/CipherSuite
instanceKlass java/security/CryptoPrimitive
instanceKlass java/time/temporal/ChronoUnit
instanceKlass java/time/temporal/ChronoField
instanceKlass sun/security/ssl/SSLScope
instanceKlass sun/security/util/DisabledAlgorithmConstraints$Constraint$Operator
instanceKlass sun/security/ssl/ProtocolVersion
instanceKlass java/lang/invoke/MethodHandles$Lookup$ClassOption
instanceKlass sun/security/rsa/RSAUtil$KeyType
instanceKlass sun/security/util/KnownOIDs
instanceKlass java/security/Security$SecPropLoader$LoadingMode
instanceKlass java/net/Proxy$Type
instanceKlass okhttp3/TlsVersion
instanceKlass okhttp3/Protocol
instanceKlass org/hl7/fhir/utilities/json/model/JsonElementType
instanceKlass org/hl7/fhir/utilities/json/parser/JsonLexer$TokenType
instanceKlass org/hl7/fhir/utilities/json/parser/JsonParser$ItemType
instanceKlass org/hl7/fhir/r4/model/ImplementationGuide$GuideParameterCode
instanceKlass org/hl7/fhir/r5/utils/GuideParameterCode
instanceKlass org/hl7/fhir/convertors/context/ConversionContext40_50
instanceKlass org/hl7/fhir/utilities/json/JsonTrackingParser$TokenType
instanceKlass org/hl7/fhir/utilities/json/JsonTrackingParser$ItemType
instanceKlass org/hl7/fhir/r4/formats/IParser$OutputStyle
instanceKlass org/hl7/fhir/r4/model/PlanDefinition$ActionRelationshipType
instanceKlass org/hl7/fhir/r4/model/OperationDefinition$OperationParameterUse
instanceKlass org/hl7/fhir/r4/model/SpecimenDefinition$SpecimenContainedPreference
instanceKlass org/hl7/fhir/r4/model/StructureMap$StructureMapTransform
instanceKlass org/hl7/fhir/r4/model/StructureMap$StructureMapTargetListMode
instanceKlass org/hl7/fhir/r4/model/StructureMap$StructureMapContextType
instanceKlass org/hl7/fhir/r4/model/StructureMap$StructureMapSourceListMode
instanceKlass org/hl7/fhir/r4/model/RequestGroup$ActionRelationshipType
instanceKlass org/hl7/fhir/r4/model/PlanDefinition$ActionConditionKind
instanceKlass org/hl7/fhir/r4/model/StructureDefinition$ExtensionContextType
instanceKlass org/hl7/fhir/r4/model/Questionnaire$QuestionnaireItemOperator
instanceKlass org/hl7/fhir/r4/model/PractitionerRole$DaysOfWeek
instanceKlass org/hl7/fhir/r4/model/PlanDefinition$ActionParticipantType
instanceKlass org/hl7/fhir/r4/model/RequestGroup$ActionConditionKind
instanceKlass org/hl7/fhir/r4/model/OperationOutcome$IssueType
instanceKlass org/hl7/fhir/r4/model/OperationOutcome$IssueSeverity
instanceKlass org/hl7/fhir/r4/model/Invoice$InvoicePriceComponentType
instanceKlass org/hl7/fhir/r4/model/MolecularSequence$StrandType
instanceKlass org/hl7/fhir/r4/model/MolecularSequence$OrientationType
instanceKlass org/hl7/fhir/r4/model/MolecularSequence$QualityType
instanceKlass org/hl7/fhir/r4/model/MolecularSequence$RepositoryType
instanceKlass org/hl7/fhir/r4/model/DocumentReference$DocumentRelationshipType
instanceKlass org/hl7/fhir/r4/model/DeviceDefinition$DeviceNameType
instanceKlass org/hl7/fhir/r4/model/HealthcareService$DaysOfWeek
instanceKlass org/hl7/fhir/r4/model/EvidenceVariable$GroupMeasure
instanceKlass org/hl7/fhir/r4/model/ExampleScenario$ExampleScenarioActorType
instanceKlass org/hl7/fhir/r4/model/DeviceMetric$DeviceMetricCalibrationState
instanceKlass org/hl7/fhir/r4/model/DeviceMetric$DeviceMetricCalibrationType
instanceKlass org/hl7/fhir/r4/model/ExampleScenario$FHIRResourceType
instanceKlass org/hl7/fhir/r4/model/CapabilityStatement$DocumentMode
instanceKlass org/hl7/fhir/r4/model/ElementDefinition$SlicingRules
instanceKlass org/hl7/fhir/r4/model/CatalogEntry$CatalogEntryRelationType
instanceKlass org/hl7/fhir/r4/model/CapabilityStatement$RestfulCapabilityMode
instanceKlass org/hl7/fhir/r4/model/CapabilityStatement$ReferenceHandlingPolicy
instanceKlass org/hl7/fhir/r4/model/CapabilityStatement$ConditionalDeleteStatus
instanceKlass org/hl7/fhir/r4/model/CapabilityStatement$ConditionalReadStatus
instanceKlass org/hl7/fhir/r4/model/CapabilityStatement$ResourceVersionPolicy
instanceKlass org/hl7/fhir/r4/model/ElementDefinition$ConstraintSeverity
instanceKlass org/hl7/fhir/r4/model/ActivityDefinition$ActivityParticipantType
instanceKlass org/hl7/fhir/r4/model/AllergyIntolerance$AllergyIntoleranceSeverity
instanceKlass org/hl7/fhir/r4/model/Subscription$SubscriptionChannelType
instanceKlass org/hl7/fhir/r4/model/StructureMap$StructureMapGroupTypeMode
instanceKlass org/hl7/fhir/r4/model/NamingSystem$NamingSystemIdentifierType
instanceKlass org/hl7/fhir/r4/model/TestReport$TestReportParticipantType
instanceKlass org/hl7/fhir/r4/model/PlanDefinition$ActionCardinalityBehavior
instanceKlass org/hl7/fhir/r4/model/PlanDefinition$ActionPrecheckBehavior
instanceKlass org/hl7/fhir/r4/model/PlanDefinition$ActionRequiredBehavior
instanceKlass org/hl7/fhir/r4/model/PlanDefinition$ActionSelectionBehavior
instanceKlass org/hl7/fhir/r4/model/PlanDefinition$ActionGroupingBehavior
instanceKlass org/hl7/fhir/r4/model/PlanDefinition$RequestPriority
instanceKlass org/hl7/fhir/r4/model/StructureMap$StructureMapInputMode
instanceKlass org/hl7/fhir/r4/model/RequestGroup$ActionCardinalityBehavior
instanceKlass org/hl7/fhir/r4/model/RequestGroup$ActionPrecheckBehavior
instanceKlass org/hl7/fhir/r4/model/RequestGroup$ActionRequiredBehavior
instanceKlass org/hl7/fhir/r4/model/RequestGroup$ActionSelectionBehavior
instanceKlass org/hl7/fhir/r4/model/RequestGroup$ActionGroupingBehavior
instanceKlass org/hl7/fhir/r4/model/Encounter$EncounterLocationStatus
instanceKlass org/hl7/fhir/r4/model/Provenance$ProvenanceEntityRole
instanceKlass org/hl7/fhir/r4/model/MessageHeader$ResponseType
instanceKlass org/hl7/fhir/r4/model/Questionnaire$EnableWhenBehavior
instanceKlass org/hl7/fhir/r4/model/Questionnaire$QuestionnaireItemType
instanceKlass org/hl7/fhir/r4/model/StructureMap$StructureMapModelMode
instanceKlass org/hl7/fhir/r4/model/Location$DaysOfWeek
instanceKlass org/hl7/fhir/r4/model/Composition$CompositionAttestationMode
instanceKlass org/hl7/fhir/r4/model/ConceptMap$ConceptMapGroupUnmappedMode
instanceKlass org/hl7/fhir/r4/model/Device$DeviceNameType
instanceKlass org/hl7/fhir/r4/model/Device$UDIEntryType
instanceKlass org/hl7/fhir/r4/model/CodeSystem$FilterOperator
instanceKlass org/hl7/fhir/r4/model/CarePlan$CarePlanActivityStatus
instanceKlass org/hl7/fhir/r4/model/CarePlan$CarePlanActivityKind
instanceKlass org/hl7/fhir/r4/model/Appointment$ParticipationStatus
instanceKlass org/hl7/fhir/r4/model/Appointment$ParticipantRequired
instanceKlass org/hl7/fhir/r4/model/AuditEvent$AuditEventAgentNetworkType
instanceKlass org/hl7/fhir/r4/model/DataRequirement$SortDirection
instanceKlass org/hl7/fhir/r4/model/Composition$DocumentRelationshipType
instanceKlass org/hl7/fhir/r4/model/Consent$ConsentDataMeaning
instanceKlass org/hl7/fhir/r4/model/Bundle$HTTPVerb
instanceKlass org/hl7/fhir/r4/model/Bundle$SearchEntryMode
instanceKlass org/hl7/fhir/r4/model/VisionPrescription$VisionEyes
instanceKlass org/hl7/fhir/r4/model/ObservationDefinition$ObservationRangeCategory
instanceKlass org/hl7/fhir/r4/model/ResearchElementDefinition$GroupMeasure
instanceKlass org/hl7/fhir/r4/model/Enumerations$BindingStrength
instanceKlass org/hl7/fhir/r4/model/BiologicallyDerivedProduct$BiologicallyDerivedProductStorageScale
instanceKlass org/hl7/fhir/r4/model/GraphDefinition$GraphCompartmentRule
instanceKlass org/hl7/fhir/r4/model/GraphDefinition$CompartmentCode
instanceKlass org/hl7/fhir/r4/model/GraphDefinition$GraphCompartmentUse
instanceKlass org/hl7/fhir/r4/model/CapabilityStatement$EventCapabilityMode
instanceKlass org/hl7/fhir/r4/model/EffectEvidenceSynthesis$ExposureState
instanceKlass org/hl7/fhir/r4/model/ImplementationGuide$GuidePageGeneration
instanceKlass org/hl7/fhir/r4/model/ElementDefinition$DiscriminatorType
instanceKlass org/hl7/fhir/r4/model/Media$MediaStatus
instanceKlass org/hl7/fhir/r4/model/ChargeItemDefinition$ChargeItemDefinitionPriceComponentType
instanceKlass org/hl7/fhir/r4/model/Linkage$LinkageType
instanceKlass org/hl7/fhir/r4/model/Person$IdentityAssuranceLevel
instanceKlass org/hl7/fhir/r4/model/RequestGroup$RequestPriority
instanceKlass org/hl7/fhir/r4/model/RequestGroup$RequestIntent
instanceKlass org/hl7/fhir/r4/model/RequestGroup$RequestStatus
instanceKlass org/hl7/fhir/r4/model/Patient$LinkType
instanceKlass org/hl7/fhir/r4/model/ResearchElementDefinition$VariableType
instanceKlass org/hl7/fhir/r4/model/ResearchElementDefinition$ResearchElementType
instanceKlass org/hl7/fhir/r4/model/Consent$ConsentProvisionType
instanceKlass org/hl7/fhir/r4/model/DeviceUseStatement$DeviceUseStatementStatus
instanceKlass org/hl7/fhir/r4/model/Timing$EventTiming
instanceKlass org/hl7/fhir/r4/model/Timing$DayOfWeek
instanceKlass org/hl7/fhir/r4/model/Timing$UnitsOfTime
instanceKlass org/hl7/fhir/r4/model/ElementDefinition$ReferenceVersionRules
instanceKlass org/hl7/fhir/r4/model/ElementDefinition$AggregationMode
instanceKlass org/hl7/fhir/r4/model/Medication$MedicationStatus
instanceKlass org/hl7/fhir/r4/model/Location$LocationMode
instanceKlass org/hl7/fhir/r4/model/Location$LocationStatus
instanceKlass org/hl7/fhir/r4/model/Invoice$InvoiceStatus
instanceKlass org/hl7/fhir/r4/model/Group$GroupType
instanceKlass org/hl7/fhir/r4/model/Goal$GoalLifecycleStatus
instanceKlass org/hl7/fhir/r4/model/Flag$FlagStatus
instanceKlass org/hl7/fhir/r4/model/Encounter$EncounterStatus
instanceKlass org/hl7/fhir/r4/model/Endpoint$EndpointStatus
instanceKlass org/hl7/fhir/r4/model/Device$FHIRDeviceStatus
instanceKlass org/hl7/fhir/r4/model/Coverage$CoverageStatus
instanceKlass org/hl7/fhir/r4/model/Contract$ContractStatus
instanceKlass org/hl7/fhir/r4/model/Consent$ConsentState
instanceKlass org/hl7/fhir/r4/model/Composition$DocumentConfidentiality
instanceKlass org/hl7/fhir/r4/model/Composition$CompositionStatus
instanceKlass org/hl7/fhir/r4/model/CodeSystem$CodeSystemContentMode
instanceKlass org/hl7/fhir/r4/model/CodeSystem$CodeSystemHierarchyMeaning
instanceKlass org/hl7/fhir/r4/model/Claim$Use
instanceKlass org/hl7/fhir/r4/model/Claim$ClaimStatus
instanceKlass org/hl7/fhir/r4/model/CarePlan$CarePlanIntent
instanceKlass org/hl7/fhir/r4/model/CarePlan$CarePlanStatus
instanceKlass org/hl7/fhir/r4/model/CareTeam$CareTeamStatus
instanceKlass org/hl7/fhir/r4/model/ChargeItem$ChargeItemStatus
instanceKlass org/hl7/fhir/r4/model/Bundle$BundleType
instanceKlass org/hl7/fhir/r4/model/AuditEvent$AuditEventOutcome
instanceKlass org/hl7/fhir/r4/model/AuditEvent$AuditEventAction
instanceKlass org/hl7/fhir/r4/model/Account$AccountStatus
instanceKlass org/hl7/fhir/r4/model/Narrative$NarrativeStatus
instanceKlass org/hl7/fhir/r4/model/Identifier$IdentifierUse
instanceKlass org/hl7/fhir/r4/model/HumanName$NameUse
instanceKlass org/hl7/fhir/r4/model/Contributor$ContributorType
instanceKlass org/hl7/fhir/r4/model/Quantity$QuantityComparator
instanceKlass org/hl7/fhir/r4/model/Address$AddressType
instanceKlass org/hl7/fhir/r4/model/Address$AddressUse
instanceKlass org/hl7/fhir/r4/model/Appointment$AppointmentStatus
instanceKlass org/hl7/fhir/r4/model/SearchParameter$SearchModifierCode
instanceKlass org/hl7/fhir/r4/model/SearchParameter$SearchComparator
instanceKlass org/hl7/fhir/r4/model/SearchParameter$XPathUsageType
instanceKlass org/hl7/fhir/r4/model/Enumerations$SearchParamType
instanceKlass org/hl7/fhir/r4/model/RiskAssessment$RiskAssessmentStatus
instanceKlass org/hl7/fhir/r4/model/ResearchStudy$ResearchStudyStatus
instanceKlass org/hl7/fhir/r4/model/QuestionnaireResponse$QuestionnaireResponseStatus
instanceKlass org/hl7/fhir/r4/model/ResearchSubject$ResearchSubjectStatus
instanceKlass org/hl7/fhir/r4/model/PaymentReconciliation$PaymentReconciliationStatus
instanceKlass org/hl7/fhir/r4/model/PaymentNotice$PaymentNoticeStatus
instanceKlass org/hl7/fhir/r4/model/OperationDefinition$OperationKind
instanceKlass org/hl7/fhir/r4/model/ObservationDefinition$ObservationDataType
instanceKlass org/hl7/fhir/r4/model/MedicationKnowledge$MedicationKnowledgeStatus
instanceKlass org/hl7/fhir/r4/model/MedicationRequest$MedicationRequestPriority
instanceKlass org/hl7/fhir/r4/model/MedicationRequest$MedicationRequestIntent
instanceKlass org/hl7/fhir/r4/model/MedicationRequest$MedicationRequestStatus
instanceKlass org/hl7/fhir/r4/model/MedicationStatement$MedicationStatementStatus
instanceKlass org/hl7/fhir/r4/model/MedicationAdministration$MedicationAdministrationStatus
instanceKlass org/hl7/fhir/r4/model/MedicationDispense$MedicationDispenseStatus
instanceKlass org/hl7/fhir/r4/model/NutritionOrder$NutritiionOrderIntent
instanceKlass org/hl7/fhir/r4/model/NutritionOrder$NutritionOrderStatus
instanceKlass org/hl7/fhir/r4/model/MessageDefinition$MessageheaderResponseRequest
instanceKlass org/hl7/fhir/r4/model/MessageDefinition$MessageSignificanceCategory
instanceKlass org/hl7/fhir/r4/model/NamingSystem$NamingSystemType
instanceKlass org/hl7/fhir/r4/model/MolecularSequence$SequenceType
instanceKlass org/hl7/fhir/r4/model/ListResource$ListMode
instanceKlass org/hl7/fhir/r4/model/ListResource$ListStatus
instanceKlass org/hl7/fhir/r4/model/MeasureReport$MeasureReportType
instanceKlass org/hl7/fhir/r4/model/MeasureReport$MeasureReportStatus
instanceKlass org/hl7/fhir/r4/model/ImplementationGuide$SPDXLicense
instanceKlass org/hl7/fhir/r4/model/ImagingStudy$ImagingStudyStatus
instanceKlass org/hl7/fhir/r4/model/Immunization$ImmunizationStatus
instanceKlass org/hl7/fhir/r4/model/GuidanceResponse$GuidanceResponseStatus
instanceKlass org/hl7/fhir/r4/model/ImmunizationEvaluation$ImmunizationEvaluationStatus
instanceKlass org/hl7/fhir/r4/model/FamilyMemberHistory$FamilyHistoryStatus
instanceKlass org/hl7/fhir/r4/model/ExplanationOfBenefit$RemittanceOutcome
instanceKlass org/hl7/fhir/r4/model/ExplanationOfBenefit$Use
instanceKlass org/hl7/fhir/r4/model/ExplanationOfBenefit$ExplanationOfBenefitStatus
instanceKlass org/hl7/fhir/r4/model/EvidenceVariable$EvidenceVariableType
instanceKlass org/hl7/fhir/r4/model/EnrollmentRequest$EnrollmentRequestStatus
instanceKlass org/hl7/fhir/r4/model/EpisodeOfCare$EpisodeOfCareStatus
instanceKlass org/hl7/fhir/r4/model/EnrollmentResponse$EnrollmentResponseStatus
instanceKlass org/hl7/fhir/r4/model/CoverageEligibilityRequest$EligibilityRequestPurpose
instanceKlass org/hl7/fhir/r4/model/CoverageEligibilityRequest$EligibilityRequestStatus
instanceKlass org/hl7/fhir/r4/model/DocumentReference$ReferredDocumentStatus
instanceKlass org/hl7/fhir/r4/model/Enumerations$DocumentReferenceStatus
instanceKlass org/hl7/fhir/r4/model/DeviceMetric$DeviceMetricCategory
instanceKlass org/hl7/fhir/r4/model/DeviceMetric$DeviceMetricColor
instanceKlass org/hl7/fhir/r4/model/DeviceMetric$DeviceMetricOperationalStatus
instanceKlass org/hl7/fhir/r4/model/DetectedIssue$DetectedIssueSeverity
instanceKlass org/hl7/fhir/r4/model/DetectedIssue$DetectedIssueStatus
instanceKlass org/hl7/fhir/r4/model/DiagnosticReport$DiagnosticReportStatus
instanceKlass org/hl7/fhir/r4/model/Enumerations$RemittanceOutcome
instanceKlass org/hl7/fhir/r4/model/CoverageEligibilityResponse$EligibilityResponsePurpose
instanceKlass org/hl7/fhir/r4/model/CoverageEligibilityResponse$EligibilityResponseStatus
instanceKlass org/hl7/fhir/r4/model/DeviceRequest$RequestPriority
instanceKlass org/hl7/fhir/r4/model/DeviceRequest$RequestIntent
instanceKlass org/hl7/fhir/r4/model/DeviceRequest$DeviceRequestStatus
instanceKlass org/hl7/fhir/r4/model/Communication$CommunicationPriority
instanceKlass org/hl7/fhir/r4/model/Communication$CommunicationStatus
instanceKlass org/hl7/fhir/r4/model/CommunicationRequest$CommunicationPriority
instanceKlass org/hl7/fhir/r4/model/CommunicationRequest$CommunicationRequestStatus
instanceKlass org/hl7/fhir/r4/model/CompartmentDefinition$CompartmentType
instanceKlass org/hl7/fhir/r4/model/Composition$SectionMode
instanceKlass org/hl7/fhir/r4/model/CodeSystem$PropertyType
instanceKlass org/hl7/fhir/r4/model/ClinicalImpression$ClinicalImpressionStatus
instanceKlass org/hl7/fhir/r4/model/ClaimResponse$RemittanceOutcome
instanceKlass org/hl7/fhir/r4/model/ClaimResponse$Use
instanceKlass org/hl7/fhir/r4/model/ClaimResponse$ClaimResponseStatus
instanceKlass org/hl7/fhir/r4/model/BiologicallyDerivedProduct$BiologicallyDerivedProductStatus
instanceKlass org/hl7/fhir/r4/model/BiologicallyDerivedProduct$BiologicallyDerivedProductCategory
instanceKlass org/hl7/fhir/r4/model/CapabilityStatement$CapabilityStatementKind
instanceKlass org/hl7/fhir/r4/model/ActivityDefinition$RequestPriority
instanceKlass org/hl7/fhir/r4/model/ActivityDefinition$RequestIntent
instanceKlass org/hl7/fhir/r4/model/ActivityDefinition$ActivityDefinitionKind
instanceKlass org/hl7/fhir/r4/model/ParameterDefinition$ParameterUse
instanceKlass org/hl7/fhir/r4/model/AppointmentResponse$ParticipantStatus
instanceKlass org/hl7/fhir/r4/model/AllergyIntolerance$AllergyIntoleranceCriticality
instanceKlass org/hl7/fhir/r4/model/AllergyIntolerance$AllergyIntoleranceCategory
instanceKlass org/hl7/fhir/r4/model/AllergyIntolerance$AllergyIntoleranceType
instanceKlass org/hl7/fhir/r4/model/RelatedArtifact$RelatedArtifactType
instanceKlass org/hl7/fhir/r4/model/AdverseEvent$AdverseEventActuality
instanceKlass org/hl7/fhir/r4/model/TriggerDefinition$TriggerType
instanceKlass org/hl7/fhir/r4/model/ContactPoint$ContactPointUse
instanceKlass org/hl7/fhir/r4/model/ContactPoint$ContactPointSystem
instanceKlass org/hl7/fhir/r4/model/ElementDefinition$PropertyRepresentation
instanceKlass org/hl7/fhir/r4/model/ServiceRequest$ServiceRequestPriority
instanceKlass org/hl7/fhir/r4/model/ServiceRequest$ServiceRequestIntent
instanceKlass org/hl7/fhir/r4/model/ServiceRequest$ServiceRequestStatus
instanceKlass org/hl7/fhir/r4/model/VisionPrescription$VisionBase
instanceKlass org/hl7/fhir/r4/model/ValueSet$FilterOperator
instanceKlass org/hl7/fhir/r4/model/TestReport$TestReportActionResult
instanceKlass org/hl7/fhir/r4/model/TestScript$AssertionResponseTypes
instanceKlass org/hl7/fhir/r4/model/TestScript$TestScriptRequestMethodCode
instanceKlass org/hl7/fhir/r4/model/TestScript$AssertionOperatorType
instanceKlass org/hl7/fhir/r4/model/TestScript$AssertionDirectionType
instanceKlass org/hl7/fhir/r4/model/TestReport$TestReportResult
instanceKlass org/hl7/fhir/r4/model/TestReport$TestReportStatus
instanceKlass org/hl7/fhir/r4/model/Task$TaskPriority
instanceKlass org/hl7/fhir/r4/model/Task$TaskIntent
instanceKlass org/hl7/fhir/r4/model/Task$TaskStatus
instanceKlass org/hl7/fhir/r4/model/Substance$FHIRSubstanceStatus
instanceKlass org/hl7/fhir/r4/model/Slot$SlotStatus
instanceKlass org/hl7/fhir/r4/model/Specimen$SpecimenStatus
instanceKlass org/hl7/fhir/r4/model/Procedure$ProcedureStatus
instanceKlass org/hl7/fhir/r4/model/Enumerations$AdministrativeGender
instanceKlass org/hl7/fhir/r4/model/Observation$ObservationStatus
instanceKlass org/hl7/fhir/r4/model/StructureDefinition$TypeDerivationRule
instanceKlass org/hl7/fhir/r4/model/StructureDefinition$StructureDefinitionKind
instanceKlass org/hl7/fhir/r4/model/Enumerations$FHIRVersion
instanceKlass org/hl7/fhir/r4/model/Enumerations$NoteType
instanceKlass org/hl7/fhir/r4/model/Enumerations$ConceptMapEquivalence
instanceKlass org/hl7/fhir/r4/model/Contract$ContractPublicationStatus
instanceKlass org/hl7/fhir/r4/model/VisionPrescription$VisionStatus
instanceKlass org/hl7/fhir/r4/model/VerificationResult$Status
instanceKlass org/hl7/fhir/r4/model/TerminologyCapabilities$CodeSearchSupport
instanceKlass org/hl7/fhir/r4/model/TerminologyCapabilities$CapabilityStatementKind
instanceKlass org/hl7/fhir/r4/model/SupplyRequest$RequestPriority
instanceKlass org/hl7/fhir/r4/model/SupplyRequest$SupplyRequestStatus
instanceKlass org/hl7/fhir/r4/model/Subscription$SubscriptionStatus
instanceKlass org/hl7/fhir/r4/model/SupplyDelivery$SupplyDeliveryStatus
instanceKlass org/hl7/fhir/r4/model/CapabilityStatement$SystemRestfulInteraction
instanceKlass org/hl7/fhir/r4/model/CapabilityStatement$TypeRestfulInteraction
instanceKlass org/hl7/fhir/r4/model/Enumerations$PublicationStatus
instanceKlass org/hl7/fhir/r4/elementmodel/Manager$FhirFormat
instanceKlass com/google/gson/stream/JsonToken
instanceKlass com/google/gson/Strictness
instanceKlass org/hl7/fhir/r5/formats/IParser$OutputStyle
instanceKlass org/hl7/fhir/r5/model/AllergyIntolerance$AllergyIntoleranceSeverity
instanceKlass org/hl7/fhir/r5/model/ArtifactAssessment$ArtifactAssessmentInformationType
instanceKlass org/hl7/fhir/r5/model/Appointment$ParticipationStatus
instanceKlass org/hl7/fhir/r5/model/ElementDefinition$ReferenceVersionRules
instanceKlass org/hl7/fhir/r5/model/ElementDefinition$AggregationMode
instanceKlass org/hl7/fhir/r5/model/ElementDefinition$SlicingRules
instanceKlass org/hl7/fhir/r5/model/DataRequirement$SortDirection
instanceKlass org/hl7/fhir/r5/model/ElementDefinition$AdditionalBindingPurposeVS
instanceKlass org/hl7/fhir/r5/model/ElementDefinition$ConstraintSeverity
instanceKlass org/hl7/fhir/r5/model/DataRequirement$ValueFilterComparator
instanceKlass org/hl7/fhir/r5/model/Citation$RelatedArtifactTypeExpanded
instanceKlass org/hl7/fhir/r5/model/CapabilityStatement$DocumentMode
instanceKlass org/hl7/fhir/r5/model/CapabilityStatement$RestfulCapabilityMode
instanceKlass org/hl7/fhir/r5/model/BiologicallyDerivedProductDispense$BiologicallyDerivedProductDispenseCodes
instanceKlass org/hl7/fhir/r5/model/CapabilityStatement$ReferenceHandlingPolicy
instanceKlass org/hl7/fhir/r5/model/CapabilityStatement$ConditionalDeleteStatus
instanceKlass org/hl7/fhir/r5/model/CapabilityStatement$ConditionalReadStatus
instanceKlass org/hl7/fhir/r5/model/CapabilityStatement$ResourceVersionPolicy
instanceKlass org/hl7/fhir/r5/model/Medication$MedicationStatusCodes
instanceKlass org/hl7/fhir/r5/model/Location$LocationMode
instanceKlass org/hl7/fhir/r5/model/Location$LocationStatus
instanceKlass org/hl7/fhir/r5/model/Invoice$InvoiceStatus
instanceKlass org/hl7/fhir/r5/model/Group$GroupMembershipBasis
instanceKlass org/hl7/fhir/r5/model/Group$GroupType
instanceKlass org/hl7/fhir/r5/model/Goal$GoalLifecycleStatus
instanceKlass org/hl7/fhir/r5/model/Flag$FlagStatus
instanceKlass org/hl7/fhir/r5/model/Endpoint$EndpointStatus
instanceKlass org/hl7/fhir/r5/model/DeviceUsage$DeviceUsageStatus
instanceKlass org/hl7/fhir/r5/model/Device$FHIRDeviceStatus
instanceKlass org/hl7/fhir/r5/model/Coverage$Kind
instanceKlass org/hl7/fhir/r5/model/Contract$ContractResourceStatusCodes
instanceKlass org/hl7/fhir/r5/model/Consent$ConsentState
instanceKlass org/hl7/fhir/r5/model/CodeSystem$CodeSystemHierarchyMeaning
instanceKlass org/hl7/fhir/r5/model/CarePlan$CarePlanIntent
instanceKlass org/hl7/fhir/r5/model/CareTeam$CareTeamStatus
instanceKlass org/hl7/fhir/r5/model/ChargeItem$ChargeItemStatus
instanceKlass org/hl7/fhir/r5/model/Bundle$BundleType
instanceKlass org/hl7/fhir/r5/model/AuditEvent$AuditEventSeverity
instanceKlass org/hl7/fhir/r5/model/AuditEvent$AuditEventAction
instanceKlass org/hl7/fhir/r5/model/Account$AccountStatus
instanceKlass org/hl7/fhir/r5/model/Narrative$NarrativeStatus
instanceKlass org/hl7/fhir/r5/model/Identifier$IdentifierUse
instanceKlass org/hl7/fhir/r5/model/HumanName$NameUse
instanceKlass org/hl7/fhir/r5/model/Contributor$ContributorType
instanceKlass org/hl7/fhir/r5/model/Enumerations$QuantityComparator
instanceKlass org/hl7/fhir/r5/model/Address$AddressType
instanceKlass org/hl7/fhir/r5/model/Address$AddressUse
instanceKlass org/hl7/fhir/r5/model/Appointment$AppointmentStatus
instanceKlass org/hl7/fhir/r5/model/Questionnaire$QuestionnaireAnswerConstraint
instanceKlass org/hl7/fhir/r5/model/Questionnaire$QuestionnaireItemDisabledDisplay
instanceKlass org/hl7/fhir/r5/model/Questionnaire$EnableWhenBehavior
instanceKlass org/hl7/fhir/r5/model/Questionnaire$QuestionnaireItemType
instanceKlass org/hl7/fhir/r5/model/SearchParameter$SearchProcessingModeType
instanceKlass org/hl7/fhir/r5/model/QuestionnaireResponse$QuestionnaireResponseStatus
instanceKlass org/hl7/fhir/r5/model/Provenance$ProvenanceEntityRole
instanceKlass org/hl7/fhir/r5/model/Enumerations$ConsentProvisionType
instanceKlass org/hl7/fhir/r5/model/Person$IdentityAssuranceLevel
instanceKlass org/hl7/fhir/r5/model/PaymentReconciliation$PaymentOutcome
instanceKlass org/hl7/fhir/r5/model/Patient$LinkType
instanceKlass org/hl7/fhir/r5/model/OperationDefinition$OperationKind
instanceKlass org/hl7/fhir/r5/model/MedicationKnowledge$MedicationKnowledgeStatusCodes
instanceKlass org/hl7/fhir/r5/model/MedicationRequest$MedicationRequestIntent
instanceKlass org/hl7/fhir/r5/model/MedicationRequest$MedicationrequestStatus
instanceKlass org/hl7/fhir/r5/model/MedicationStatement$MedicationStatementStatusCodes
instanceKlass org/hl7/fhir/r5/model/MedicationAdministration$MedicationAdministrationStatusCodes
instanceKlass org/hl7/fhir/r5/model/MedicationDispense$MedicationDispenseStatusCodes
instanceKlass org/hl7/fhir/r5/model/MessageDefinition$MessageheaderResponseRequest
instanceKlass org/hl7/fhir/r5/model/MessageDefinition$MessageSignificanceCategory
instanceKlass org/hl7/fhir/r5/model/NutritionProduct$NutritionProductStatus
instanceKlass org/hl7/fhir/r5/model/NamingSystem$NamingSystemType
instanceKlass org/hl7/fhir/r5/model/MolecularSequence$SequenceType
instanceKlass org/hl7/fhir/r5/model/ListResource$ListStatus
instanceKlass org/hl7/fhir/r5/model/Linkage$LinkageType
instanceKlass org/hl7/fhir/r5/model/InventoryItem$InventoryItemStatusCodes
instanceKlass org/hl7/fhir/r5/model/InventoryReport$InventoryCountType
instanceKlass org/hl7/fhir/r5/model/InventoryReport$InventoryReportStatus
instanceKlass org/hl7/fhir/r5/model/MeasureReport$SubmitDataUpdateType
instanceKlass org/hl7/fhir/r5/model/MeasureReport$MeasureReportType
instanceKlass org/hl7/fhir/r5/model/MeasureReport$MeasureReportStatus
instanceKlass org/hl7/fhir/r5/model/FormularyItem$FormularyItemStatusCodes
instanceKlass org/hl7/fhir/r5/model/ImplementationGuide$SPDXLicense
instanceKlass org/hl7/fhir/r5/model/ImagingStudy$ImagingStudyStatus
instanceKlass org/hl7/fhir/r5/model/Immunization$ImmunizationStatusCodes
instanceKlass org/hl7/fhir/r5/model/GenomicStudy$GenomicStudyStatus
instanceKlass org/hl7/fhir/r5/model/GuidanceResponse$GuidanceResponseStatus
instanceKlass org/hl7/fhir/r5/model/ImmunizationEvaluation$ImmunizationEvaluationStatusCodes
instanceKlass org/hl7/fhir/r5/model/FamilyMemberHistory$FamilyHistoryStatus
instanceKlass org/hl7/fhir/r5/model/ImagingSelection$ImagingSelectionStatus
instanceKlass org/hl7/fhir/r5/model/ExplanationOfBenefit$ExplanationOfBenefitStatus
instanceKlass org/hl7/fhir/r5/model/Encounter$EncounterLocationStatus
instanceKlass org/hl7/fhir/r5/model/EnrollmentResponse$EnrollmentOutcome
instanceKlass org/hl7/fhir/r5/model/Enumerations$EncounterStatus
instanceKlass org/hl7/fhir/r5/model/Device$UDIEntryType
instanceKlass org/hl7/fhir/r5/model/CoverageEligibilityRequest$EligibilityRequestPurpose
instanceKlass org/hl7/fhir/r5/model/Enumerations$CompositionStatus
instanceKlass org/hl7/fhir/r5/model/DocumentReference$DocumentReferenceStatus
instanceKlass org/hl7/fhir/r5/model/DeviceMetric$DeviceMetricCategory
instanceKlass org/hl7/fhir/r5/model/DeviceMetric$DeviceMetricOperationalStatus
instanceKlass org/hl7/fhir/r5/model/DetectedIssue$DetectedIssueSeverity
instanceKlass org/hl7/fhir/r5/model/DetectedIssue$DetectedIssueStatus
instanceKlass org/hl7/fhir/r5/model/DiagnosticReport$DiagnosticReportStatus
instanceKlass org/hl7/fhir/r5/model/CoverageEligibilityResponse$EligibilityOutcome
instanceKlass org/hl7/fhir/r5/model/CoverageEligibilityResponse$EligibilityResponsePurpose
instanceKlass org/hl7/fhir/r5/model/DeviceDefinition$DeviceProductionIdentifierInUDI
instanceKlass org/hl7/fhir/r5/model/DeviceDispense$DeviceDispenseStatusCodes
instanceKlass org/hl7/fhir/r5/model/ConceptMap$ConceptMapPropertyType
instanceKlass org/hl7/fhir/r5/model/CodeSystem$PropertyType
instanceKlass org/hl7/fhir/r5/model/ClinicalUseDefinition$ClinicalUseDefinitionType
instanceKlass org/hl7/fhir/r5/model/Enumerations$ClaimProcessingCodes
instanceKlass org/hl7/fhir/r5/model/Enumerations$Use
instanceKlass org/hl7/fhir/r5/model/Bundle$SearchEntryMode
instanceKlass org/hl7/fhir/r5/model/Bundle$HTTPVerb
instanceKlass org/hl7/fhir/r5/model/Bundle$LinkRelationTypes
instanceKlass org/hl7/fhir/r5/model/ArtifactAssessment$ArtifactAssessmentDisposition
instanceKlass org/hl7/fhir/r5/model/ArtifactAssessment$ArtifactAssessmentWorkflowStatus
instanceKlass org/hl7/fhir/r5/model/ActivityDefinition$RequestResourceTypes
instanceKlass org/hl7/fhir/r5/model/AppointmentResponse$AppointmentResponseStatus
instanceKlass org/hl7/fhir/r5/model/AllergyIntolerance$AllergyIntoleranceCriticality
instanceKlass org/hl7/fhir/r5/model/AllergyIntolerance$AllergyIntoleranceCategory
instanceKlass org/hl7/fhir/r5/model/RelatedArtifact$RelatedArtifactType
instanceKlass org/hl7/fhir/r5/model/Timing$EventTiming
instanceKlass org/hl7/fhir/r5/model/Enumerations$DaysOfWeek
instanceKlass org/hl7/fhir/r5/model/Timing$UnitsOfTime
instanceKlass org/hl7/fhir/r5/model/AdverseEvent$AdverseEventActuality
instanceKlass org/hl7/fhir/r5/model/AdverseEvent$AdverseEventStatus
instanceKlass org/hl7/fhir/r5/model/TriggerDefinition$TriggerType
instanceKlass org/hl7/fhir/r5/model/ContactPoint$ContactPointUse
instanceKlass org/hl7/fhir/r5/model/ContactPoint$ContactPointSystem
instanceKlass org/hl7/fhir/r5/model/MonetaryComponent$PriceComponentType
instanceKlass org/hl7/fhir/r5/model/ElementDefinition$PropertyRepresentation
instanceKlass org/hl7/fhir/r5/model/Enumerations$RequestIntent
instanceKlass org/hl7/fhir/r5/model/Enumerations$RequestStatus
instanceKlass org/hl7/fhir/r5/model/NamingSystem$NamingSystemIdentifierType
instanceKlass org/hl7/fhir/r5/model/VisionPrescription$VisionBase
instanceKlass org/hl7/fhir/r5/model/Enumerations$FilterOperator
instanceKlass org/hl7/fhir/r5/model/TestReport$TestReportParticipantType
instanceKlass org/hl7/fhir/r5/model/TestReport$TestReportActionResult
instanceKlass org/hl7/fhir/r5/model/TestScript$AssertionResponseTypes
instanceKlass org/hl7/fhir/r5/model/TestScript$TestScriptRequestMethodCode
instanceKlass org/hl7/fhir/r5/model/TestScript$AssertionOperatorType
instanceKlass org/hl7/fhir/r5/model/TestScript$AssertionManualCompletionType
instanceKlass org/hl7/fhir/r5/model/TestScript$AssertionDirectionType
instanceKlass org/hl7/fhir/r5/model/Enumerations$CodeSystemContentMode
instanceKlass org/hl7/fhir/r5/model/StructureMap$StructureMapTransform
instanceKlass org/hl7/fhir/r5/model/StructureMap$StructureMapTargetListMode
instanceKlass org/hl7/fhir/r5/model/SpecimenDefinition$SpecimenContainedPreference
instanceKlass org/hl7/fhir/r5/model/StructureMap$StructureMapInputMode
instanceKlass org/hl7/fhir/r5/model/StructureDefinition$ExtensionContextType
instanceKlass org/hl7/fhir/r5/model/StructureMap$StructureMapSourceListMode
instanceKlass org/hl7/fhir/r5/model/StructureMap$StructureMapModelMode
instanceKlass org/hl7/fhir/r5/model/SubscriptionTopic$InteractionTrigger
instanceKlass org/hl7/fhir/r5/model/Enumerations$SearchModifierCode
instanceKlass org/hl7/fhir/r5/model/Enumerations$SearchComparator
instanceKlass org/hl7/fhir/r5/model/Requirements$ConformanceExpectation
instanceKlass org/hl7/fhir/r5/model/Questionnaire$QuestionnaireItemOperator
instanceKlass org/hl7/fhir/r5/model/Enumerations$ActionCardinalityBehavior
instanceKlass org/hl7/fhir/r5/model/Enumerations$ActionPrecheckBehavior
instanceKlass org/hl7/fhir/r5/model/Enumerations$ActionRequiredBehavior
instanceKlass org/hl7/fhir/r5/model/Enumerations$ActionSelectionBehavior
instanceKlass org/hl7/fhir/r5/model/Enumerations$ActionGroupingBehavior
instanceKlass org/hl7/fhir/r5/model/OperationOutcome$IssueType
instanceKlass org/hl7/fhir/r5/model/OperationOutcome$IssueSeverity
instanceKlass org/hl7/fhir/r5/model/Observation$TriggeredBytype
instanceKlass org/hl7/fhir/r5/model/Enumerations$FHIRTypes
instanceKlass org/hl7/fhir/r5/model/OperationDefinition$OperationParameterScope
instanceKlass org/hl7/fhir/r5/model/Enumerations$OperationParameterUse
instanceKlass org/hl7/fhir/r5/model/PaymentReconciliation$NoteType
instanceKlass org/hl7/fhir/r5/model/ObservationDefinition$ObservationDataType
instanceKlass org/hl7/fhir/r5/model/Transport$TransportIntent
instanceKlass org/hl7/fhir/r5/model/Transport$TransportStatus
instanceKlass org/hl7/fhir/r5/model/TestReport$TestReportResult
instanceKlass org/hl7/fhir/r5/model/TestReport$TestReportStatus
instanceKlass org/hl7/fhir/r5/model/Task$TaskIntent
instanceKlass org/hl7/fhir/r5/model/Task$TaskStatus
instanceKlass org/hl7/fhir/r5/model/Substance$FHIRSubstanceStatus
instanceKlass org/hl7/fhir/r5/model/Slot$SlotStatus
instanceKlass org/hl7/fhir/r5/model/Specimen$SpecimenCombined
instanceKlass org/hl7/fhir/r5/model/Specimen$SpecimenStatus
instanceKlass org/hl7/fhir/r5/model/Enumerations$EventStatus
instanceKlass org/hl7/fhir/r5/model/Permission$PermissionRuleCombining
instanceKlass org/hl7/fhir/r5/model/Permission$PermissionStatus
instanceKlass org/hl7/fhir/r5/model/Enumerations$ObservationStatus
instanceKlass org/hl7/fhir/r5/model/StructureDefinition$TypeDerivationRule
instanceKlass org/hl7/fhir/r5/model/StructureDefinition$StructureDefinitionKind
instanceKlass org/hl7/fhir/r5/model/EvidenceVariable$CharacteristicCombination
instanceKlass org/hl7/fhir/r5/model/MolecularSequence$StrandType
instanceKlass org/hl7/fhir/r5/model/MolecularSequence$OrientationType
instanceKlass org/hl7/fhir/r5/model/Enumerations$FHIRVersion
instanceKlass org/hl7/fhir/r5/model/Enumerations$EvidenceVariableHandling
instanceKlass org/hl7/fhir/r5/model/DeviceDefinition$DeviceDefinitionRegulatoryIdentifierType
instanceKlass org/hl7/fhir/r5/model/ObservationDefinition$ObservationRangeCategory
instanceKlass org/hl7/fhir/r5/model/Enumerations$AdministrativeGender
instanceKlass org/hl7/fhir/r5/model/Enumerations$BindingStrength
instanceKlass org/hl7/fhir/r5/model/MessageHeader$ResponseType
instanceKlass org/hl7/fhir/r5/model/ImagingSelection$ImagingSelection3DGraphicType
instanceKlass org/hl7/fhir/r5/model/Ingredient$IngredientManufacturerRole
instanceKlass org/hl7/fhir/r5/model/ImagingSelection$ImagingSelection2DGraphicType
instanceKlass org/hl7/fhir/r5/model/ImplementationGuide$GuidePageGeneration
instanceKlass org/hl7/fhir/r5/model/Enumerations$CompartmentType
instanceKlass org/hl7/fhir/r5/model/GraphDefinition$GraphCompartmentRule
instanceKlass org/hl7/fhir/r5/model/GraphDefinition$GraphCompartmentUse
instanceKlass org/hl7/fhir/r5/model/Enumerations$VersionIndependentResourceTypesAll
instanceKlass org/hl7/fhir/r5/model/Enumerations$ExampleScenarioActorType
instanceKlass org/hl7/fhir/r5/model/EvidenceReport$ReportRelationshipType
instanceKlass org/hl7/fhir/r5/model/EpisodeOfCare$EpisodeOfCareStatus
instanceKlass org/hl7/fhir/r5/model/Enumerations$ListMode
instanceKlass org/hl7/fhir/r5/model/DeviceDefinition$DeviceCorrectiveActionScope
instanceKlass org/hl7/fhir/r5/model/Enumerations$DeviceNameType
instanceKlass org/hl7/fhir/r5/model/DeviceMetric$DeviceMetricCalibrationState
instanceKlass org/hl7/fhir/r5/model/DeviceMetric$DeviceMetricCalibrationType
instanceKlass org/hl7/fhir/r5/model/Enumerations$ConsentDataMeaning
instanceKlass org/hl7/fhir/r5/model/ConditionDefinition$ConditionPreconditionType
instanceKlass org/hl7/fhir/r5/model/ConceptMap$ConceptMapAttributeType
instanceKlass org/hl7/fhir/r5/model/ConditionDefinition$ConditionQuestionnairePurpose
instanceKlass org/hl7/fhir/r5/model/Enumerations$ConceptMapRelationship
instanceKlass org/hl7/fhir/r5/model/ConceptMap$ConceptMapGroupUnmappedMode
instanceKlass org/hl7/fhir/r5/model/Contract$ContractResourcePublicationStatusCodes
instanceKlass org/hl7/fhir/r5/model/Enumerations$FinancialResourceStatusCodes
instanceKlass org/hl7/fhir/r5/model/VerificationResult$VerificationResultStatus
instanceKlass org/hl7/fhir/r5/model/TerminologyCapabilities$CodeSearchSupport
instanceKlass org/hl7/fhir/r5/model/Enumerations$CapabilityStatementKind
instanceKlass org/hl7/fhir/r5/model/Enumerations$RequestPriority
instanceKlass org/hl7/fhir/r5/model/SupplyRequest$SupplyRequestStatus
instanceKlass org/hl7/fhir/r5/model/Subscription$SubscriptionPayloadContent
instanceKlass org/hl7/fhir/r5/model/SupplyDelivery$SupplyDeliveryStatus
instanceKlass org/hl7/fhir/r5/model/StructureMap$StructureMapGroupTypeMode
instanceKlass org/hl7/fhir/r5/model/SubscriptionStatus$SubscriptionNotificationType
instanceKlass org/hl7/fhir/r5/model/Enumerations$SubscriptionStatusCodes
instanceKlass org/hl7/fhir/r5/model/VisionPrescription$VisionEyes
instanceKlass org/hl7/fhir/r5/model/Enumerations$CommonLanguages
instanceKlass org/hl7/fhir/r5/model/SubscriptionTopic$CriteriaNotExistsBehavior
instanceKlass org/hl7/fhir/r5/model/Enumerations$ActionConditionKind
instanceKlass org/hl7/fhir/r5/model/Enumerations$ActionRelationshipType
instanceKlass org/hl7/fhir/r5/model/Enumerations$ActionParticipantType
instanceKlass org/hl7/fhir/r5/model/ElementDefinition$DiscriminatorType
instanceKlass org/hl7/fhir/r5/model/CapabilityStatement$SystemRestfulInteraction
instanceKlass org/hl7/fhir/r5/model/CapabilityStatement$TypeRestfulInteraction
instanceKlass org/hl7/fhir/r5/model/Enumerations$SearchParamType
instanceKlass org/hl7/fhir/r5/model/CapabilityStatement$EventCapabilityMode
instanceKlass org/hl7/fhir/r5/model/Enumerations$PublicationStatus
instanceKlass org/hl7/fhir/r5/elementmodel/Manager$FhirFormat
instanceKlass sun/util/logging/PlatformLogger$Level
instanceKlass java/lang/System$Logger$Level
instanceKlass jdk/internal/logger/BootstrapLogger$LoggingBackend
instanceKlass org/apache/commons/lang3/JavaVersion
instanceKlass org/hl7/fhir/utilities/npm/PackageServer$PackageServerType
instanceKlass org/hl7/fhir/utilities/http/HTTPAuthenticationMode
instanceKlass org/hl7/fhir/igtools/publisher/PublisherUtils$UMLGenerationMode
instanceKlass org/hl7/fhir/igtools/publisher/PublisherUtils$PinningPolicy
instanceKlass org/hl7/fhir/igtools/renderers/ValidationPresenter$LanguagePopulationPolicy
instanceKlass org/hl7/fhir/r5/renderers/utils/RenderingContext$FixedValueFormat
instanceKlass org/hl7/fhir/igtools/publisher/PublisherUtils$CacheOption
instanceKlass java/math/RoundingMode
instanceKlass ca/uhn/fhir/model/api/TemporalPrecisionEnum
instanceKlass com/fasterxml/jackson/core/JsonGenerator$Feature
instanceKlass com/fasterxml/jackson/core/JsonParser$Feature
instanceKlass com/fasterxml/jackson/core/JsonFactory$Feature
instanceKlass sun/util/locale/provider/LocaleProviderAdapter$Type
instanceKlass org/hl7/fhir/utilities/filesystem/ManagedFileAccess$FileAccessPolicy
instanceKlass org/hl7/fhir/utilities/http/ManagedWebAccess$WebAccessPolicy
instanceKlass org/slf4j/helpers/Reporter$Level
instanceKlass org/slf4j/helpers/Reporter$TargetChoice
instanceKlass ch/qos/logback/classic/spi/Configurator$ExecutionStatus
instanceKlass ch/qos/logback/core/util/ReentryGuardFactory$GuardType
instanceKlass ch/qos/logback/core/pattern/parser/TokenStream$TokenizerState
instanceKlass ch/qos/logback/core/util/AggregationType
instanceKlass ch/qos/logback/core/joran/spi/ConsoleTarget
instanceKlass ch/qos/logback/core/subst/Node$Type
instanceKlass ch/qos/logback/core/subst/Token$Type
instanceKlass ch/qos/logback/core/subst/Tokenizer$TokenizerState
instanceKlass java/util/regex/Pattern$Qtype
instanceKlass ch/qos/logback/core/spi/FilterReply
instanceKlass java/lang/classfile/attribute/StackMapFrameInfo$SimpleVerificationTypeInfo
instanceKlass java/lang/reflect/ProxyGenerator$PrimitiveTypeInfo
instanceKlass java/lang/classfile/ClassFile$StackMapsOption
instanceKlass java/lang/reflect/AccessFlag$Location
instanceKlass java/lang/reflect/AccessFlag
instanceKlass java/lang/module/ModuleDescriptor$Modifier
instanceKlass java/lang/annotation/RetentionPolicy
instanceKlass ch/qos/logback/core/model/processor/ProcessingPhase
instanceKlass java/util/stream/MatchOps$MatchKind
instanceKlass com/sun/org/apache/xerces/internal/impl/XMLScanner$NameType
instanceKlass com/sun/org/apache/xerces/internal/util/Status
instanceKlass javax/xml/catalog/CatalogFeatures$State
instanceKlass javax/xml/catalog/CatalogFeatures$Feature
instanceKlass jdk/xml/internal/JdkProperty$ImplPropMap
instanceKlass jdk/xml/internal/JdkXmlFeatures$XmlFeature
instanceKlass jdk/xml/internal/XMLSecurityPropertyManager$Property
instanceKlass jdk/xml/internal/FeaturePropertyBase$State
instanceKlass jdk/xml/internal/JdkProperty$State
instanceKlass jdk/xml/internal/XMLSecurityManager$Processor
instanceKlass jdk/xml/internal/XMLSecurityManager$Limit
instanceKlass java/util/stream/StreamShape
instanceKlass java/util/stream/Collector$Characteristics
instanceKlass ch/qos/logback/core/spi/ConfigurationEvent$EventType
instanceKlass java/util/Locale$Category
instanceKlass jdk/internal/util/OperatingSystem
instanceKlass java/util/stream/StreamOpFlag$Type
instanceKlass java/util/stream/StreamOpFlag
instanceKlass org/hl7/fhir/igtools/logging/Level
instanceKlass org/hl7/fhir/igtools/publisher/PublisherUtils$IGBuildMode
instanceKlass java/util/concurrent/TimeUnit
instanceKlass java/lang/invoke/VarHandle$AccessType
instanceKlass java/lang/invoke/VarHandle$AccessMode
instanceKlass java/lang/classfile/Opcode$Kind
instanceKlass java/lang/classfile/Opcode
instanceKlass java/lang/invoke/MethodHandleImpl$Intrinsic
instanceKlass java/lang/classfile/AttributeMapper$AttributeStability
instanceKlass jdk/internal/classfile/impl/AbstractPoolEntry$Utf8EntryImpl$State
instanceKlass java/lang/classfile/TypeKind
instanceKlass java/lang/invoke/LambdaForm$BasicType
instanceKlass java/lang/invoke/LambdaForm$Kind
instanceKlass java/lang/constant/DirectMethodHandleDesc$Kind
instanceKlass sun/invoke/util/Wrapper
instanceKlass java/nio/file/LinkOption
instanceKlass sun/nio/fs/WindowsPathType
instanceKlass java/nio/file/StandardOpenOption
instanceKlass jdk/internal/vm/Continuation$Pinned
instanceKlass java/io/File$PathStatus
instanceKlass jdk/internal/module/ModuleBootstrap$IllegalNativeAccess
instanceKlass java/lang/reflect/ClassFileFormatVersion
instanceKlass java/lang/Thread$State
instanceKlass java/lang/module/ModuleDescriptor$Requires$Modifier
ciInstanceKlass java/lang/Enum 1 1 204 9 7 12 1 1 1 9 12 1 1 10 7 12 1 1 1 9 12 1 10 7 12 1 1 1 100 1 10 10 12 1 1 10 12 1 100 1 10 10 7 12 1 1 10 12 1 1 18 12 1 1 10 100 12 1 1 1 10 12 1 1 11 7 12 1 1 1 100 1 8 1 10 12 1 100 1 100 1 10 8 1 10 12 1 1 10 12 1 1 8 1 10 12 1 10 100 1 8 1 10 10 12 1 1 10 100 12 1 1 1 100 1 100 1 100 1 1 1 1 1 1 1 1 1 1 1 1 1 1 1 1 1 1 1 1 1 1 1 1 1 1 1 1 1 1 1 1 1 1 1 1 1 1 1 1 1 1 1 1 1 1 1 3 1 1 1 1 100 1 100 1 1 100 1 1 1 1 1 1 1 1 1 1 1 16 15 10 12 16 15 10 100 12 1 1 1 1 1 100 1 100 1 1
ciInstanceKlass java/lang/invoke/LambdaForm 1 1 1030 7 1 100 1 10 7 12 1 1 1 9 12 1 1 9 12 1 9 12 1 9 12 1 1 9 12 1 1 9 12 1 1 9 12 1 1 9 12 1 1 9 12 1 10 7 12 1 1 9 12 1 10 12 1 1 100 1 10 10 12 1 1 10 12 1 10 12 1 10 12 1 1 10 12 1 9 12 1 9 12 1 10 12 1 1 9 7 12 1 1 1 9 7 12 1 1 9 12 1 1 10 12 1 9 12 1 10 100 12 1 1 1 10 12 1 1 100 1 10 12 1 1 9 7 12 1 1 1 10 100 12 1 1 1 10 12 1 10 12 1 1 7 1 10 12 1 10 12 1 10 12 1 1 10 12 1 1 10 12 1 10 12 1 10 12 1 10 12 1 10 12 1 1 8 1 10 12 1 10 12 1 10 10 12 1 8 1 8 1 9 12 1 9 12 1 1 10 12 1 1 9 12 1 1 10 7 12 1 1 1 10 12 1 1 10 12 1 10 12 1 1 10 12 1 7 1 10 12 1 10 100 12 1 1 1 9 12 1 10 12 1 8 1 8 1 8 1 8 1 8 1 8 1 8 1 8 1 10 12 1 9 12 1 7 1 10 12 1 1 9 12 1 1 10 12 1 1 10 12 1 1 10 12 10 12 1 10 12 1 1 10 12 1 1 10 12 1 1 10 10 12 1 1 10 12 1 1 7 1 8 1 10 12 1 1 10 12 1 10 12 1 1 10 8 1 10 12 1 1 8 1 8 1 8 1 10 12 1 10 12 1 10 12 1 1 10 100 12 1 1 1 10 7 12 1 1 1 10 12 1 1 9 12 1 1 8 1 10 100 12 1 1 1 10 7 12 1 1 10 12 1 10 12 1 1 10 12 1 1 9 12 1 8 10 12 1 1 100 1 10 12 1 1 10 12 1 9 7 12 1 1 9 100 12 1 1 1 8 1 10 100 12 1 1 10 12 1 1 100 1 100 1 10 10 12 1 1 10 12 1 1 8 1 8 1 100 1 8 1 10 12 10 12 1 10 12 1 10 12 1 10 12 1 1 9 100 12 1 1 10 12 1 8 1 8 1 10 12 1 10 12 1 1 8 1 8 1 8 1 100 1 8 1 100 1 8 1 100 1 8 1 10 12 1 8 1 9 10 100 12 1 1 1 10 12 1 9 12 1 1 10 12 1 10 10 12 1 10 12 1 10 12 1 10 12 1 1 10 12 1 10 12 1 1 10 12 1 1 10 12 1 1 10 12 1 1 8 1 100 10 12 1 10 12 1 9 12 1 1 10 7 12 1 1 8 1 8 1 100 1 8 1 8 1 8 1 8 1 8 1 8 1 8 1 8 1 10 12 1 1 10 12 1 1 10 12 1 10 12 1 10 12 1 10 12 1 8 1 8 1 8 1 10 12 1 8 1 10 12 1 8 1 8 1 8 1 8 1 8 1 10 12 1 10 12 1 10 12 1 1 10 7 12 1 1 1 10 12 1 10 12 1 10 12 1 10 12 1 10 12 1 9 12 1 1 8 1 10 12 1 1 9 12 1 9 12 1 1 10 12 1 1 9 12 1 1 9 12 1 10 12 1 1 9 12 1 1 7 1 10 7 12 1 1 1 9 7 12 1 1 1 10 7 12 1 1 1 10 12 1 1 10 12 1 1 10 12 1 9 12 1 10 12 1 9 12 1 10 12 1 10 12 1 8 1 10 12 1 9 12 1 1 7 1 10 7 12 1 1 1 100 1 10 12 1 9 12 1 10 12 1 10 12 1 10 12 1 1 10 12 1 9 7 12 1 1 10 12 1 1 10 12 1 10 12 1 9 12 1 9 9 12 1 7 9 12 1 1 10 12 1 1 9 12 1 10 12 1 10 7 1 9 1 1 1 1 3 1 3 1 1 3 1 3 1 1 1 1 1 1 1 1 1 1 1 1 1 1 1 1 1 1 1 1 1 1 1 1 1 1 1 1 1 1 1 1 1 1 1 1 1 1 1 1 1 1 1 1 1 100 1 1 1 1 1 1 1 1 1 1 1 1 1 1 1 1 1 1 1 1 1 1 1 1 1 1 1 1 1 1 1 1 1 1 1 1 1 1 1 1 1 1 1 1 1 1 1 1 1 1 1 1 1 1 1 1 1 1 1 1 1 1 1 1 1 1 1 100 1 1 1 1 1 1 1 1 1 1 1 1 1 1 1 1 1 1 1 1 1 1 1 1 1 1 1 1 1 1 1 1 1 1 1 1 100 1 1 1 1 1 1 1 1 1 1 1 1 1 1 100 1 1 1 100 1 1 100 1 1 1 1 1 1 1 1 1 1 1 1
staticfield java/lang/invoke/LambdaForm DEFAULT_CUSTOMIZED Ljava/lang/invoke/MethodHandle; 
staticfield java/lang/invoke/LambdaForm DEFAULT_KIND Ljava/lang/invoke/LambdaForm$Kind; java/lang/invoke/LambdaForm$Kind
staticfield java/lang/invoke/LambdaForm COMPILE_THRESHOLD I 0
staticfield java/lang/invoke/LambdaForm INTERNED_ARGUMENTS [[Ljava/lang/invoke/LambdaForm$Name; 5 [[Ljava/lang/invoke/LambdaForm$Name;
staticfield java/lang/invoke/LambdaForm IMPL_NAMES Ljava/lang/invoke/MemberName$Factory; java/lang/invoke/MemberName$Factory
staticfield java/lang/invoke/LambdaForm LF_identity [Ljava/lang/invoke/LambdaForm; 6 [Ljava/lang/invoke/LambdaForm;
staticfield java/lang/invoke/LambdaForm NF_identity [Ljava/lang/invoke/LambdaForm$NamedFunction; 6 [Ljava/lang/invoke/LambdaForm$NamedFunction;
staticfield java/lang/invoke/LambdaForm LF_constant [Ljava/lang/invoke/LambdaForm; 5 [Ljava/lang/invoke/LambdaForm;
staticfield java/lang/invoke/LambdaForm createIdentityFormLock Ljava/lang/Object; java/lang/Object
staticfield java/lang/invoke/LambdaForm DEBUG_NAME_COUNTERS Ljava/util/HashMap; 
staticfield java/lang/invoke/LambdaForm DEBUG_NAMES Ljava/util/HashMap; 
staticfield java/lang/invoke/LambdaForm TRACE_INTERPRETER Z 0
staticfield java/lang/invoke/LambdaForm $assertionsDisabled Z 1
instanceKlass jdk/internal/reflect/DirectMethodHandleAccessor
ciInstanceKlass jdk/internal/reflect/MethodAccessorImpl 1 1 38 10 7 12 1 1 1 10 100 12 1 1 1 100 1 1 1 1 1 1 1 100 1 100 1 1 1 1 1 1 1 1 1 1 1 1 1 1
ciInstanceKlass jdk/internal/reflect/MethodAccessor 1 0 17 100 1 100 1 1 1 1 100 1 100 1 1 1 1 1 1
ciInstanceKlass jdk/internal/reflect/CallerSensitive 0 0 17 100 1 100 1 100 1 1 1 1 1 1 1 1 1 1 1
ciInstanceKlass jdk/internal/reflect/DirectConstructorHandleAccessor$NativeAccessor 1 1 44 10 7 12 1 1 1 9 7 12 1 1 1 10 12 1 1 1 1 1 1 1 1 1 1 1 1 1 1 1 1 1 100 1 100 1 1 1 1 1 100 1 1 1
ciInstanceKlass jdk/internal/reflect/ConstructorAccessor 1 0 16 100 1 100 1 1 1 1 100 1 100 1 100 1 1 1
instanceKlass jdk/internal/reflect/DirectConstructorHandleAccessor
instanceKlass jdk/internal/reflect/DirectConstructorHandleAccessor$NativeAccessor
ciInstanceKlass jdk/internal/reflect/ConstructorAccessorImpl 1 1 27 10 7 12 1 1 1 100 1 100 1 1 1 1 1 1 1 1 1 100 1 100 1 100 1 1 1
ciInstanceKlass jdk/internal/reflect/ConstantPool 1 1 142 10 100 12 1 1 1 9 7 12 1 1 1 10 12 1 1 10 12 1 1 10 12 1 10 12 1 1 10 12 1 1 10 12 1 10 12 1 1 10 12 1 10 12 1 1 10 12 1 10 12 1 10 12 1 10 12 1 1 10 12 1 1 10 12 1 1 10 12 1 1 10 12 1 10 12 1 1 10 100 12 1 1 1 8 11 7 12 1 1 1 10 7 12 1 1 1 1 1 1 1 1 1 1 1 1 1 1 1 1 1 1 1 1 1 1 1 1 1 1 1 1 1 1 1 1 1 1 1 1 1 1 1 1 1 1 1 1 1 1 1 1
instanceKlass java/lang/invoke/VolatileCallSite
instanceKlass java/lang/invoke/MutableCallSite
instanceKlass java/lang/invoke/ConstantCallSite
ciInstanceKlass java/lang/invoke/CallSite 1 1 297 10 7 12 1 1 1 10 7 12 1 1 1 9 12 1 1 10 7 12 1 1 1 10 12 1 100 1 10 12 1 1 10 12 1 1 9 100 12 1 1 1 10 100 12 1 1 10 12 1 1 100 1 100 1 10 10 100 12 1 1 1 10 12 1 1 8 1 10 12 1 10 12 1 1 10 12 1 10 12 1 1 10 12 1 1 10 10 100 12 1 1 10 12 1 1 9 12 1 9 100 12 1 1 1 8 1 10 7 12 1 1 1 10 12 1 1 100 1 10 12 1 1 9 12 1 8 1 100 1 10 12 1 10 12 1 100 1 8 1 10 10 12 1 10 12 1 1 100 1 10 12 1 1 10 12 1 10 12 1 10 12 1 1 10 12 1 1 9 12 1 1 8 10 12 1 1 9 12 1 1 100 1 10 10 12 1 10 100 12 1 1 1 10 12 1 1 10 12 1 1 10 12 1 10 7 12 1 1 1 100 1 8 1 10 10 12 10 12 1 1 100 1 100 1 100 1 8 1 10 12 1 10 7 12 1 1 1 1 1 1 1 1 1 1 1 1 1 1 1 1 1 1 1 1 1 1 1 1 1 1 1 1 1 1 1 1 1 1 1 1 1 1 1 1 1 1 1 1 1 1 1 1 1 1 1 1 1 1 1 1 100 1 100 1 1 1
staticfield java/lang/invoke/CallSite $assertionsDisabled Z 1
ciInstanceKlass java/lang/invoke/ConstantCallSite 1 1 65 10 7 12 1 1 1 9 7 12 1 1 1 9 12 1 1 10 7 12 1 1 1 10 12 1 100 1 10 12 9 12 1 1 100 1 10 10 12 1 1 10 12 1 1 1 1 1 1 1 1 1 1 1 1 1 100 1 1 1 1 1 1 1 1
staticfield java/lang/invoke/ConstantCallSite UNSAFE Ljdk/internal/misc/Unsafe; jdk/internal/misc/Unsafe
instanceKlass java/lang/invoke/DirectMethodHandle$StaticAccessor
instanceKlass java/lang/invoke/DirectMethodHandle$Special
instanceKlass java/lang/invoke/DirectMethodHandle$Interface
instanceKlass java/lang/invoke/DirectMethodHandle$Accessor
instanceKlass java/lang/invoke/DirectMethodHandle$Constructor
ciInstanceKlass java/lang/invoke/DirectMethodHandle 1 1 929 7 1 100 1 7 1 7 1 10 7 12 1 1 1 10 7 12 1 1 1 100 1 10 12 1 10 12 1 1 10 7 12 1 1 10 12 1 1 10 12 1 10 12 1 7 1 10 12 1 1 10 12 1 1 10 12 1 10 12 1 1 10 7 12 1 1 1 10 12 1 9 7 12 1 1 1 100 1 10 9 12 1 1 9 12 1 10 12 1 10 12 1 10 12 1 1 10 12 1 10 12 1 10 12 1 10 7 12 1 1 1 10 12 1 10 12 1 1 8 1 10 12 1 1 7 1 10 12 1 7 1 10 10 12 1 10 12 1 10 12 1 10 7 12 1 1 1 10 12 1 1 7 1 10 12 1 10 12 1 7 1 10 12 1 10 12 1 1 10 12 1 1 10 12 8 10 7 12 1 1 1 10 12 1 10 12 1 10 12 1 1 10 12 1 9 7 12 1 1 1 7 1 10 12 1 10 7 12 1 1 1 10 12 1 10 12 1 1 9 12 1 1 7 1 10 8 1 10 12 1 1 10 12 1 1 8 1 10 12 1 10 12 1 10 10 12 1 10 12 1 10 12 1 10 12 1 10 12 1 1 10 12 1 10 12 1 10 12 1 1 10 10 7 12 1 1 1 10 12 1 10 12 1 1 10 12 1 10 12 1 1 8 1 9 7 12 1 1 1 8 1 9 12 1 9 12 1 8 1 9 12 1 9 12 1 8 1 9 12 1 9 12 1 8 1 10 12 1 10 12 1 1 10 7 12 1 1 1 10 12 1 10 12 1 1 9 12 1 1 7 1 10 12 1 1 100 1 10 7 12 1 1 1 10 12 1 1 10 12 1 1 7 1 10 12 1 1 10 12 1 10 12 1 1 7 1 10 12 1 1 10 12 1 10 12 1 10 12 1 1 10 12 1 9 12 1 1 10 7 1 9 12 1 10 12 1 7 1 7 1 7 1 10 7 12 1 1 1 9 12 1 1 10 7 12 1 1 1 10 7 12 1 1 10 12 10 12 1 7 1 10 12 1 10 12 1 1 8 1 9 12 1 9 12 1 10 12 1 1 9 12 1 1 10 7 12 1 1 1 9 12 1 1 9 12 1 1 10 12 1 10 12 1 10 12 1 10 12 1 1 10 12 1 9 12 1 9 12 1 10 12 1 10 12 1 10 12 1 10 12 1 1 10 12 1 1 9 12 1 1 10 12 1 1 9 7 12 1 1 1 9 12 1 9 12 1 9 12 1 9 12 1 9 12 1 9 12 1 9 12 1 9 12 1 9 12 1 9 12 1 9 12 1 9 12 1 9 12 1 9 12 1 9 12 1 9 12 1 9 12 1 9 12 1 9 12 1 9 12 1 9 12 1 9 12 1 9 12 1 9 12 1 100 1 10 12 1 8 1 8 1 8 1 8 1 8 1 8 1 8 1 8 1 8 1 10 12 1 10 12 1 8 1 8 1 8 1 9 12 1 1 9 12 1 1 10 12 1 10 12 1 1 10 12 1 1 9 7 1 10 12 1 10 12 10 12 1 10 12 1 10 12 1 10 8 1 8 1 8 1 8 1 10 12 1 1 9 12 1 1 10 12 1 10 100 12 1 1 1 8 9 12 1 1 10 12 1 1 8 1 8 8 9 12 1 8 1 8 8 8 8 8 1 8 10 12 1 7 1 10 12 1 8 1 8 1 10 12 1 10 12 1 10 12 1 9 12 1 10 12 1 1 7 1 1 1 1 3 1 3 1 3 1 3 1 3 1 3 1 3 1 3 1 1 1 1 1 1 1 1 1 1 3 1 3 1 3 1 1 3 1 3 1 1 1 1 1 1 1 1 1 1 1 1 1 1 1 1 1 1 1 1 1 1 1 1 1 1 1 1 1 1 1 1 1 1 1 1 1 1 1 1 1 1 1 1 1 1 1 1 1 1 1 1 1 1 1 1 1 1 1 1 1 1 100 1 1 1 1 1 1 1 1 1 100 1 1 1 1 1 1 1 1 1 1 1 1 1 1 1 1 1 1 1 1 1 1 1 1 1 1 1 1 1 1 1 1 1 1 1 1 1 1 1 1 1 1 1 1 1 1 1 1 1 1 1 1 1
staticfield java/lang/invoke/DirectMethodHandle IMPL_NAMES Ljava/lang/invoke/MemberName$Factory; java/lang/invoke/MemberName$Factory
staticfield java/lang/invoke/DirectMethodHandle FT_UNCHECKED_REF I 8
staticfield java/lang/invoke/DirectMethodHandle FT_CHECKED_REF I 9
staticfield java/lang/invoke/DirectMethodHandle ACCESSOR_FORMS [Ljava/lang/invoke/LambdaForm; 120 [Ljava/lang/invoke/LambdaForm;
staticfield java/lang/invoke/DirectMethodHandle ALL_WRAPPERS [Lsun/invoke/util/Wrapper; 10 [Lsun/invoke/util/Wrapper;
staticfield java/lang/invoke/DirectMethodHandle NFS [Ljava/lang/invoke/LambdaForm$NamedFunction; 12 [Ljava/lang/invoke/LambdaForm$NamedFunction;
staticfield java/lang/invoke/DirectMethodHandle OBJ_OBJ_TYPE Ljava/lang/invoke/MethodType; java/lang/invoke/MethodType
staticfield java/lang/invoke/DirectMethodHandle LONG_OBJ_TYPE Ljava/lang/invoke/MethodType; java/lang/invoke/MethodType
staticfield java/lang/invoke/DirectMethodHandle $assertionsDisabled Z 1
ciInstanceKlass java/lang/invoke/MutableCallSite 0 0 61 10 100 12 1 1 1 10 12 1 9 100 12 1 1 1 10 12 1 10 12 1 1 9 100 12 1 1 1 10 100 12 1 1 1 10 100 12 1 1 1 1 1 1 1 1 1 1 1 1 1 1 1 1 1 1 1 1 100 1 1
ciInstanceKlass java/lang/invoke/VolatileCallSite 0 0 37 10 100 12 1 1 1 10 12 1 10 100 12 1 1 1 10 12 1 10 12 1 1 1 1 1 1 1 1 1 1 1 1 1 1 1 1
instanceKlass java/lang/invoke/VarHandleLongs$FieldInstanceReadOnly
instanceKlass java/lang/invoke/VarHandleReferences$Array
instanceKlass java/lang/invoke/LazyInitializingVarHandle
instanceKlass java/lang/invoke/VarHandleReferences$FieldStaticReadOnly
instanceKlass java/lang/invoke/VarHandleBooleans$FieldInstanceReadOnly
instanceKlass java/lang/invoke/VarHandleReferences$FieldInstanceReadOnly
instanceKlass java/lang/invoke/VarHandleByteArrayAsDoubles$ByteArrayViewVarHandle
instanceKlass java/lang/invoke/VarHandleByteArrayAsLongs$ByteArrayViewVarHandle
instanceKlass java/lang/invoke/VarHandleByteArrayAsFloats$ByteArrayViewVarHandle
instanceKlass java/lang/invoke/VarHandleByteArrayAsInts$ByteArrayViewVarHandle
instanceKlass java/lang/invoke/VarHandleByteArrayAsChars$ByteArrayViewVarHandle
instanceKlass java/lang/invoke/VarHandleByteArrayAsShorts$ByteArrayViewVarHandle
instanceKlass java/lang/invoke/VarHandleInts$FieldInstanceReadOnly
ciInstanceKlass java/lang/invoke/VarHandle 1 1 474 10 7 12 1 1 1 10 7 12 1 1 9 12 1 1 9 12 1 1 10 12 1 1 8 1 10 12 1 1 10 7 12 1 1 1 10 12 1 1 10 100 12 1 1 1 9 100 12 1 1 1 10 12 1 1 10 100 12 1 1 1 10 12 1 1 9 12 1 10 12 1 9 12 1 1 10 100 12 1 1 10 12 1 9 100 12 1 1 1 9 12 1 1 10 12 1 1 100 1 100 1 10 8 1 10 12 1 1 10 12 1 8 1 10 12 1 10 12 1 9 12 1 1 9 12 1 10 12 1 10 12 1 1 10 12 1 10 10 100 12 1 1 1 10 12 1 1 10 12 1 1 10 100 12 1 1 1 10 100 12 1 1 1 10 100 12 1 1 1 9 12 1 1 9 10 12 1 10 12 1 1 10 12 1 1 10 12 1 10 100 12 1 1 1 9 12 1 1 10 12 1 1 9 12 1 10 12 1 10 12 1 10 100 12 1 1 100 1 10 9 7 12 1 1 1 9 12 1 1 10 7 12 1 1 1 10 12 1 10 12 1 10 12 1 10 12 1 10 12 1 10 12 1 1 8 10 12 1 1 7 1 10 12 1 1 100 1 1 1 1 1 1 1 1 1 1 1 1 1 1 1 1 1 1 1 1 1 1 1 1 1 1 1 1 1 1 1 1 1 1 1 1 1 1 1 1 1 1 1 1 1 1 1 1 1 1 1 1 1 1 1 1 1 1 1 1 1 1 1 1 1 100 1 1 1 1 1 1 1 1 100 1 1 1 1 1 1 1 1 1 1 1 1 100 1 100 1 1 100 1 100 1 100 1 100 1 100 1 100 1 100 1 100 1 100 1 100 1 100 1 100 1 100 1 100 1 100 1 100 1 100 1 100 1 100 1 100 1 100 1 100 1 100 1 100 1 100 1 100 1 100 1 100 1 100 1 100 1 100 1 100 1 100 1 100 1 100 1 100 1 1 1 1 1 1 100 1 1 1 100 1 1 100 1 100 1 100 1 100 1 100 1 100 1 1 1 1 100 1 100 1 100 1 100 1 100 1 100 1 100 1 100 1
staticfield java/lang/invoke/VarHandle VFORM_OFFSET J 16
staticfield java/lang/invoke/VarHandle $assertionsDisabled Z 1
ciInstanceKlass java/lang/invoke/MemberName 1 1 730 7 1 7 1 100 1 9 12 1 1 10 7 12 1 1 1 9 12 1 1 10 12 1 1 10 12 1 1 10 12 1 1 10 12 1 10 12 1 1 10 7 12 1 1 1 10 12 1 9 7 12 1 1 10 12 1 100 1 100 1 10 12 1 8 1 10 12 1 1 10 12 1 10 12 1 1 10 12 1 9 12 1 1 8 1 10 100 12 1 1 1 7 1 10 10 12 1 1 7 1 7 1 10 12 1 9 12 1 1 100 1 8 1 10 12 1 10 12 1 10 12 1 10 12 1 10 12 1 1 10 12 1 10 12 1 10 12 1 1 8 1 8 1 10 12 1 8 1 9 12 1 1 3 10 12 1 10 12 1 10 12 1 10 10 7 12 1 1 1 10 12 1 10 12 1 10 12 1 10 12 1 7 1 8 10 12 1 1 10 12 1 1 8 1 9 100 1 8 9 100 1 10 12 1 1 10 12 1 10 12 1 8 1 10 12 1 1 10 12 1 10 12 1 10 12 1 10 12 1 1 100 1 10 12 1 1 10 12 1 8 1 10 12 1 10 12 1 8 1 10 12 1 1 10 12 1 1 100 1 10 12 1 1 10 12 8 1 8 1 100 1 10 12 1 10 100 12 1 1 1 100 1 10 12 10 12 1 10 12 1 10 12 1 10 12 1 10 10 12 1 10 12 1 10 12 1 3 10 12 1 3 10 12 1 3 3 3 3 3 3 10 12 1 3 9 12 1 10 12 1 1 3 10 12 1 10 10 7 12 1 1 1 10 12 1 1 10 7 12 1 1 10 10 12 1 10 12 1 1 10 12 1 10 10 12 1 1 10 12 1 10 12 1 10 12 1 100 1 10 10 10 12 100 1 10 10 10 12 1 1 10 12 1 1 10 10 12 1 8 10 7 1 10 12 1 10 7 1 10 12 1 10 12 1 10 12 1 10 10 12 1 10 12 1 1 10 12 1 1 10 12 1 10 12 1 10 12 1 100 1 10 12 1 1 100 1 8 1 10 7 1 10 12 1 10 12 10 12 1 1 10 12 1 10 12 1 8 1 8 1 8 1 8 1 10 12 1 10 12 1 10 7 12 1 1 1 8 1 8 1 10 12 1 8 1 10 10 10 12 1 10 12 1 8 1 8 1 10 10 12 1 8 1 10 100 12 1 1 1 8 1 100 1 10 12 1 10 12 1 1 10 12 1 8 1 8 1 8 1 8 1 100 1 10 8 1 8 1 8 1 8 1 10 12 1 100 1 100 1 100 1 10 100 1 10 100 1 10 100 12 1 1 1 9 7 12 1 1 1 100 1 100 1 1 1 1 1 1 1 3 1 3 1 3 1 3 1 3 1 3 1 1 1 1 1 1 1 1 3 1 3 1 1 1 1 1 1 1 1 1 1 1 1 1 1 1 1 1 1 1 1 1 1 1 1 100 1 1 1 1 1 1 1 1 1 1 1 1 1 1 1 1 1 1 1 1 1 1 1 1 1 1 1 1 1 1 1 1 1 1 1 1 1 1 1 1 1 1 1 1 1 1 1 1 1 1 1 1 1 1 1 1 1 1 1 1 1 1 1 1 1 1 1 1 1 1 1 1 1 1 1 1 100 1 1 1 1 1 1 1 1 1 1 1 1 1 1 1 1
staticfield java/lang/invoke/MemberName $assertionsDisabled Z 1
ciInstanceKlass java/lang/invoke/ResolvedMethodName 1 1 25 10 100 12 1 1 1 9 100 12 1 1 1 1 1 1 1 1 1 1 1 1 1 1 1
ciInstanceKlass java/lang/invoke/MethodHandleNatives 1 1 689 100 1 10 7 12 1 1 1 9 7 12 1 1 1 10 12 1 1 100 1 10 10 12 1 1 10 12 1 10 12 1 8 1 8 1 8 1 8 1 8 1 8 1 8 1 8 1 8 1 8 1 10 12 1 1 7 1 10 7 12 1 1 1 10 100 12 1 1 1 7 1 10 10 12 1 1 8 1 10 12 1 8 1 10 12 1 1 8 1 10 12 1 1 9 100 12 1 1 1 8 1 10 100 12 1 1 1 100 1 10 12 100 1 100 1 8 1 7 1 10 10 12 1 7 1 9 7 12 1 1 10 12 1 1 10 12 1 10 7 12 1 1 1 10 12 1 1 9 12 1 8 1 10 12 1 1 10 12 1 8 1 10 12 1 1 7 1 10 12 1 10 7 12 1 1 1 10 12 1 10 12 1 1 10 12 1 1 8 1 10 12 1 1 8 1 10 12 1 8 1 8 1 8 1 100 1 10 12 1 8 1 10 100 12 1 1 1 10 12 1 1 10 100 12 1 1 10 10 12 1 1 10 12 1 10 100 12 1 1 1 100 1 8 1 10 100 12 1 1 1 7 1 8 1 10 12 1 8 1 8 1 8 1 8 1 8 1 10 12 1 1 10 12 1 1 10 12 1 10 12 1 1 10 12 1 1 7 1 10 12 1 100 1 100 1 10 12 1 10 12 1 8 1 8 1 10 10 12 1 1 10 12 1 1 8 1 10 100 12 1 1 8 1 8 1 10 12 1 1 10 7 12 1 1 1 100 1 10 12 1 1 7 1 9 12 1 1 10 7 12 1 1 1 10 10 12 1 9 12 1 10 12 1 9 12 1 9 12 1 10 12 1 1 10 12 1 10 12 1 1 7 1 7 1 10 12 1 1 10 12 1 10 12 1 1 10 7 12 1 1 1 10 12 1 8 1 10 12 1 10 12 1 10 12 1 1 10 12 1 10 7 12 1 1 1 10 12 1 1 100 1 8 1 10 9 7 12 1 1 1 10 12 1 1 10 12 1 1 100 1 10 12 1 1 10 12 1 1 100 1 100 1 10 10 100 1 100 1 10 100 1 10 10 12 1 1 10 100 1 10 12 1 10 12 1 1 10 12 1 1 10 12 1 1 10 12 1 10 12 1 1 10 8 1 10 12 1 10 12 1 10 12 1 10 12 1 10 12 1 1 10 12 1 10 12 1 10 12 1 10 10 7 12 1 1 10 12 1 1 1 1 1 1 1 1 1 1 1 1 1 100 1 1 1 1 1 1 1 1 1 1 1 1 1 1 1 1 1 1 1 1 1 1 1 1 1 1 1 1 1 1 1 1 1 1 1 1 1 1 1 1 1 1 1 1 1 1 1 1 1 1 1 1 1 1 1 1 1 1 1 1 1 1 1 100 1 1 1 1 1 1 1 1 1 1 1 1 1 1 1 1 1 1 1 1 1 1 1 1 1 1 1 1 1 1 1 1 1 1 1 100 1 1 1 1 1 1 1 1 1 1 1 1 1 1 1 1 1 1 1 1 1 1 1 1 1 1 1 1 1 1 1 1 1 1 100 1 1
staticfield java/lang/invoke/MethodHandleNatives $assertionsDisabled Z 1
ciInstanceKlass jdk/internal/foreign/abi/NativeEntryPoint 0 0 223 10 100 12 1 1 1 9 100 12 1 1 1 9 12 1 1 100 1 8 1 10 12 1 10 12 1 1 100 1 10 100 12 1 1 1 10 12 1 9 12 1 1 18 12 1 1 10 100 12 1 1 1 9 100 12 1 1 1 8 1 10 12 1 1 8 1 8 1 8 1 8 1 10 100 12 1 1 1 100 1 10 10 12 1 1 8 1 10 12 1 8 1 10 12 1 10 12 1 1 10 12 1 1 100 1 8 1 10 12 1 10 12 1 1 100 1 8 1 10 10 12 1 9 12 1 1 18 12 1 1 10 100 12 1 1 1 10 12 1 1 10 12 1 10 100 12 1 1 1 10 1 1 1 1 1 1 1 1 1 1 1 1 1 1 1 1 1 1 1 1 1 1 1 1 1 1 1 1 1 1 1 1 1 1 1 1 1 1 1 1 1 1 1 1 16 1 15 10 12 16 1 16 15 10 12 15 10 100 12 1 1 1 1 1 100 1 1 100 1 100 1 1
ciInstanceKlass jdk/internal/foreign/abi/ABIDescriptor 0 0 55 10 100 12 1 1 1 9 100 12 1 1 1 9 12 1 1 9 12 1 9 12 1 9 12 1 1 9 12 1 9 12 1 1 9 12 1 9 12 1 9 12 1 9 12 1 1 1 1 1 1 1 1 1 1
ciInstanceKlass jdk/internal/foreign/abi/VMStorage 0 0 111 10 100 12 1 1 1 9 100 12 1 1 1 9 12 1 1 9 12 1 1 9 12 1 1 100 1 10 8 1 10 12 1 1 10 12 1 10 12 1 1 10 12 1 100 1 10 100 12 1 1 1 10 100 12 1 1 10 100 12 1 1 10 100 12 1 1 1 18 12 1 1 1 1 1 1 1 1 1 1 1 1 1 1 1 1 1 1 1 1 1 1 8 1 15 15 15 15 15 10 100 12 1 1 1 1 100 1 100 1 1
ciInstanceKlass jdk/internal/foreign/abi/UpcallLinker$CallRegs 0 0 66 10 100 12 1 1 1 9 100 12 1 1 1 9 12 1 18 12 1 1 18 12 1 1 18 12 1 1 1 1 1 1 1 1 1 1 1 1 1 1 1 1 1 1 100 1 1 1 8 1 15 15 15 10 100 12 1 1 1 1 1 100 1 100 1 1
instanceKlass java/lang/StackFrameInfo
ciInstanceKlass java/lang/ClassFrameInfo 0 0 126 10 100 12 1 1 1 9 100 12 1 1 1 100 1 3 9 12 1 1 9 12 1 1 100 1 9 12 1 1 3 11 100 12 1 1 1 11 12 1 10 12 1 1 10 12 1 1 10 12 1 100 1 10 10 12 1 1 8 1 8 1 10 12 100 1 10 10 12 1 1 8 1 10 12 1 8 1 10 12 8 1 10 12 1 10 100 12 1 1 1 100 1 1 1 1 1 1 1 1 1 1 1 1 1 1 1 1 1 1 1 1 1 1 1 1 1 1 1 100 1 1 1 1 1 1
ciInstanceKlass java/lang/StackWalker$StackFrame 0 0 41 100 1 10 12 1 1 100 1 100 1 1 1 1 1 1 1 1 1 1 1 1 1 1 1 1 1 1 1 1 1 1 1 1 1 1 1 100 1 1 1
ciInstanceKlass java/lang/StackWalker 1 1 236 9 7 12 1 1 1 10 7 12 1 1 1 7 1 10 7 12 1 1 1 10 12 1 1 11 7 12 1 1 1 10 12 1 1 10 12 1 1 100 1 8 1 10 12 1 10 12 1 10 12 1 10 7 12 1 1 9 12 1 1 9 12 1 1 9 12 1 1 9 12 1 1 10 12 1 1 9 12 1 1 9 12 1 1 9 12 1 1 9 12 1 1 10 12 1 1 10 100 12 1 1 1 10 100 12 1 1 1 18 12 1 1 100 1 8 1 10 8 1 10 12 1 1 10 100 12 1 1 1 10 12 1 1 10 12 1 11 12 1 1 9 100 12 1 1 11 100 12 1 1 1 10 12 1 1 1 1 1 1 1 1 1 1 1 1 1 1 1 1 1 1 1 1 1 1 1 1 1 1 1 1 1 1 1 1 1 1 1 1 1 1 1 1 1 1 1 1 1 1 1 1 1 1 1 1 1 1 1 100 1 1 16 15 10 12 16 1 15 10 100 12 1 1 1 1 1 1 1 1 1 100 1 100 1 1
staticfield java/lang/StackWalker DEFAULT_EMPTY_OPTION Ljava/util/EnumSet; java/util/RegularEnumSet
staticfield java/lang/StackWalker DEFAULT_WALKER Ljava/lang/StackWalker; java/lang/StackWalker
instanceKlass java/lang/LiveStackFrameInfo
ciInstanceKlass java/lang/StackFrameInfo 0 0 150 10 100 12 1 1 1 9 100 12 1 1 1 9 12 1 1 11 100 12 1 1 1 10 12 1 1 10 100 12 1 1 1 9 12 1 1 10 12 1 1 9 12 1 1 100 1 10 12 10 12 1 9 12 1 100 1 100 1 10 12 1 1 11 12 1 1 10 12 1 10 12 1 10 12 1 1 9 12 1 1 10 12 1 1 10 100 12 1 1 10 12 1 1 9 12 1 10 100 12 1 1 1 9 12 1 1 10 100 1 10 12 1 9 12 1 1 10 12 1 1 10 12 1 1 1 1 1 1 1 1 1 1 1 1 1 1 1 1 100 1 100 1 1 1 1 1 1 1 1
ciInstanceKlass java/lang/LiveStackFrameInfo 0 0 97 10 100 12 1 1 1 9 100 12 1 1 1 9 12 1 9 12 1 9 12 1 9 12 1 1 100 1 10 12 1 1 10 12 1 8 1 10 12 1 1 8 1 8 1 8 1 10 100 1 10 12 1 100 1 10 12 1 100 1 100 1 1 1 3 1 3 1 1 1 1 1 1 1 1 1 1 1 1 1 1 1 1 1 1 1 1 1 1 1 1 1 1 1 100 1 1
ciInstanceKlass java/lang/LiveStackFrame 0 0 112 100 1 10 100 12 1 1 1 11 100 12 1 1 1 11 12 1 9 100 12 1 1 1 10 100 12 1 1 1 10 100 12 1 1 1 11 12 1 10 12 1 100 1 100 1 1 1 1 1 1 1 1 1 1 1 1 1 1 1 1 1 1 1 1 1 1 1 1 1 100 1 1 1 1 1 1 1 100 1 8 1 1 12 10 1 1 1 8 1 1 1 8 1 1 1 8 1 1 1 8 1 1 8 1 1 1 8 1 1 8 1
ciInstanceKlass java/lang/StackStreamFactory$AbstractStackWalker 1 0 364 100 1 100 1 3 10 100 12 1 1 1 10 100 12 1 1 10 100 12 1 1 1 9 12 1 1 9 12 1 1 9 12 1 1 9 12 1 9 12 1 10 100 12 1 1 1 10 12 1 1 10 100 12 1 1 9 12 1 1 9 12 1 1 10 12 1 1 9 12 1 1 10 100 12 1 1 1 10 12 1 1 9 12 1 1 9 100 12 1 1 1 100 1 10 8 1 10 12 1 1 10 12 1 8 1 10 12 1 1 10 100 12 1 1 1 100 1 8 1 10 12 1 8 1 10 12 10 100 12 1 1 9 12 1 1 8 1 5 0 8 1 8 1 9 12 1 1 10 12 1 1 18 12 1 1 10 100 12 1 1 1 10 12 1 1 10 12 1 10 12 1 9 100 12 1 1 1 10 12 1 1 9 12 1 10 12 1 10 12 1 10 12 1 10 12 1 10 12 1 10 12 1 1 8 1 10 12 1 10 12 1 10 12 1 10 12 1 1 8 1 10 12 1 1 10 12 1 1 10 12 1 1 10 12 1 10 12 1 10 12 1 9 12 1 8 1 10 12 1 8 1 10 12 1 10 12 1 1 10 12 1 10 12 1 10 12 1 1 10 12 1 10 12 1 10 12 1 10 12 1 10 12 1 10 12 1 1 10 12 1 10 12 1 10 12 1 10 12 1 8 1 1 1 1 1 1 1 1 1 1 1 1 1 100 1 1 1 1 1 1 100 1 1 1 1 100 1 1 1 1 1 1 1 1 1 1 1 1 1 1 1 1 1 1 16 15 15 10 100 12 1 1 1 1 1 1 1 1 100 1 100 1 1
ciInstanceKlass jdk/internal/module/Modules 1 1 481 10 100 12 1 1 1 9 7 12 1 1 1 11 7 12 1 1 1 11 12 1 1 11 12 1 1 11 12 1 1 11 12 1 11 12 1 11 12 1 11 12 1 11 12 1 11 12 1 1 10 100 12 1 1 1 10 12 1 1 10 100 12 1 1 10 100 12 1 1 1 10 100 12 1 1 10 12 1 1 11 12 1 9 12 1 1 11 100 12 1 1 1 10 12 1 1 10 10 12 1 10 100 1 9 12 1 1 10 7 12 1 1 10 12 1 1 10 100 12 1 1 1 100 1 11 100 12 1 1 1 10 100 12 1 1 1 11 100 12 1 1 10 12 1 1 10 100 12 1 1 10 100 12 1 1 1 10 12 1 1 10 12 1 1 11 12 1 1 18 12 1 1 11 100 12 1 1 10 100 12 1 1 1 11 100 12 1 1 1 100 1 11 12 1 1 11 100 12 1 1 1 11 12 1 1 10 12 1 1 10 100 12 1 1 18 12 1 1 11 12 1 1 18 12 1 1 11 12 1 1 10 12 1 18 18 10 12 1 1 9 12 1 1 11 100 12 1 1 1 100 1 10 11 12 1 11 12 1 1 10 100 1 10 12 1 1 10 100 12 1 1 10 12 1 1 11 12 10 12 1 1 100 1 10 18 12 1 10 12 1 1 100 1 8 1 10 12 1 10 100 12 1 1 18 12 1 11 11 12 10 12 1 10 10 100 1 18 12 1 10 10 10 7 12 1 1 10 7 12 1 1 1 10 12 1 1 1 1 1 1 1 1 1 1 1 1 1 1 1 1 1 1 1 1 1 1 1 1 1 1 1 1 1 1 1 1 1 1 1 1 1 1 1 1 1 1 1 1 1 1 1 1 1 1 1 1 1 1 1 1 1 1 1 1 1 1 1 1 100 1 1 1 1 1 1 1 1 1 1 1 1 1 1 1 1 1 1 1 1 1 1 1 16 15 10 12 1 16 1 16 1 15 10 12 1 16 1 16 1 15 10 12 16 1 15 10 16 1 15 10 12 16 1 16 15 10 12 16 15 10 12 16 15 10 12 15 10 100 12 1 1 1 1 1 1 100 1 100 1 1
staticfield jdk/internal/module/Modules JLA Ljdk/internal/access/JavaLangAccess; java/lang/System$1
staticfield jdk/internal/module/Modules JLMA Ljdk/internal/access/JavaLangModuleAccess; java/lang/module/ModuleDescriptor$1
staticfield jdk/internal/module/Modules $assertionsDisabled Z 1
ciInstanceKlass jdk/internal/loader/ClassLoaders 1 1 185 10 100 12 1 1 1 10 7 12 1 1 1 10 12 1 1 10 7 12 1 1 1 9 7 12 1 1 1 9 12 1 1 9 12 1 1 7 1 11 100 12 1 1 1 100 1 11 12 1 1 11 12 1 1 10 100 12 1 1 1 10 100 12 1 1 1 100 1 100 1 10 7 12 1 1 1 9 12 1 1 8 1 10 7 12 1 1 1 10 12 1 1 7 1 10 12 1 10 12 1 1 7 1 10 12 1 1 10 12 1 1 10 12 1 7 1 10 12 10 12 1 8 1 10 7 12 1 1 8 1 8 1 10 12 1 7 1 10 10 12 1 10 12 1 1 1 1 1 1 1 1 1 1 1 1 1 1 1 1 1 1 1 1 100 1 1 1 1 1 1 1 1 1 1 1 1 1 1 1 1 1 1 1 1
staticfield jdk/internal/loader/ClassLoaders JLA Ljdk/internal/access/JavaLangAccess; java/lang/System$1
staticfield jdk/internal/loader/ClassLoaders BOOT_LOADER Ljdk/internal/loader/ClassLoaders$BootClassLoader; jdk/internal/loader/ClassLoaders$BootClassLoader
staticfield jdk/internal/loader/ClassLoaders PLATFORM_LOADER Ljdk/internal/loader/ClassLoaders$PlatformClassLoader; jdk/internal/loader/ClassLoaders$PlatformClassLoader
staticfield jdk/internal/loader/ClassLoaders APP_LOADER Ljdk/internal/loader/ClassLoaders$AppClassLoader; jdk/internal/loader/ClassLoaders$AppClassLoader
ciInstanceKlass java/util/ArrayList 1 1 514 10 7 12 1 1 1 7 1 9 7 12 1 1 1 9 12 1 100 1 100 1 10 8 1 10 12 1 1 10 12 1 10 12 1 1 10 12 1 9 12 1 11 7 12 1 1 1 9 12 1 1 11 12 1 1 7 10 7 12 1 1 1 9 12 1 10 12 1 10 12 1 1 10 7 12 1 1 1 10 7 12 1 1 1 10 12 1 1 10 12 1 1 10 12 1 1 10 12 1 10 12 1 1 100 1 100 1 10 12 1 10 10 7 12 1 1 1 10 7 12 1 1 10 12 1 100 1 10 10 12 10 12 1 1 10 12 1 1 10 12 1 10 12 10 12 1 1 100 1 10 12 1 1 10 12 1 1 10 12 1 100 1 10 11 12 1 1 11 100 12 1 1 1 11 12 1 10 12 1 10 12 1 10 12 1 1 100 1 10 12 1 1 10 10 12 1 1 10 12 1 8 1 8 1 8 1 8 1 10 12 1 1 10 12 1 1 11 12 1 100 1 10 100 12 1 1 10 12 1 10 12 1 1 10 100 12 1 1 10 12 1 10 100 12 1 1 1 11 100 12 1 1 1 10 12 1 100 1 8 1 10 7 1 10 12 1 7 1 10 12 1 10 12 1 1 7 1 10 12 1 10 12 1 1 11 7 12 1 1 7 1 10 12 1 10 12 1 1 11 7 12 1 1 10 12 1 1 10 12 1 1 10 12 1 1 10 12 1 1 11 100 12 1 1 10 12 1 1 10 12 1 1 100 1 100 1 100 1 1 1 1 5 0 1 3 1 1 1 1 1 1 1 1 1 1 1 1 1 1 1 1 1 1 1 1 1 1 1 1 1 1 1 1 1 1 1 1 1 1 1 1 1 1 1 1 1 1 1 1 1 1 1 1 1 1 1 1 1 1 1 1 1 1 1 1 1 1 1 1 1 1 1 1 1 1 1 1 1 1 1 1 1 1 1 1 1 1 1 1 1 1 1 1 1 1 1 1 1 1 1 1 1 1 1 1 1 1 1 1 100 1 1 1 1 100 1 1 1 1 1 1 1 1 1 1 1 1 1 1 1 1 1 1 1 1 1 1 1 1 1 1 1 1 1 100 1 1 1 1 1 1 1 1 1 1 1 1 1 1 1 1 1 1 1 100 1 100 1 1 1 1 1 1
staticfield java/util/ArrayList EMPTY_ELEMENTDATA [Ljava/lang/Object; 0 [Ljava/lang/Object;
staticfield java/util/ArrayList DEFAULTCAPACITY_EMPTY_ELEMENTDATA [Ljava/lang/Object; 0 [Ljava/lang/Object;
ciInstanceKlass java/util/List 1 1 251 10 100 12 1 1 1 11 100 12 1 1 1 11 100 12 1 1 1 11 12 1 1 11 100 12 1 1 11 12 1 1 11 12 1 1 10 100 12 1 1 1 100 1 100 1 10 12 1 1 100 1 10 100 12 1 1 1 11 12 1 1 11 12 1 11 12 1 100 1 10 12 1 11 12 1 1 11 12 1 1 11 12 1 10 100 12 1 1 1 9 7 12 1 1 1 7 1 10 12 10 12 1 7 1 10 12 1 1 10 12 1 10 12 1 1 11 12 1 1 100 1 1 1 1 1 1 1 1 1 1 1 1 1 1 1 1 1 1 1 1 1 1 1 1 1 1 1 1 1 1 1 1 1 1 1 1 1 1 1 1 1 1 1 1 100 1 100 1 1 1 1 1 1 1 1 1 1 1 1 1 1 1 1 1 1 1 1 1 1 1 1 1 1 1 1 1 1 1 1 1 1 1 1 1 1 1 1 1 1 1 1 1 1 1 1 1 1 1 1 1 1 1 1 1 1 1 1 1 1 1 1 1 1 1 1 1 1 1 1 1 1 1 1 100 1 1 100 1 1 1
ciInstanceKlass java/util/SequencedCollection 1 1 104 100 1 10 12 1 1 11 100 12 1 1 1 11 100 12 1 1 1 11 12 1 1 11 12 1 100 1 100 1 1 1 1 1 1 1 1 1 1 1 1 1 1 1 1 1 1 1 1 1 1 1 1 1 1 1 1 1 100 1 8 1 12 10 1 1 8 1 1 1 8 1 1 8 1 1 1 8 1 1 8 1 1 1 8 1 1 8 1 8 1 1 8 1 1 1 8 1 1 8 1 1 8 1
ciInstanceKlass java/lang/Iterable 1 1 62 10 7 12 1 1 1 11 7 12 1 1 1 11 7 12 1 1 1 11 12 1 1 11 7 12 1 1 1 10 100 12 1 1 1 100 1 1 1 1 1 1 1 1 1 1 1 1 1 1 1 1 1 1 1 1 1 1 1 1 1 1
ciInstanceKlass java/util/RandomAccess 1 0 7 100 1 100 1 1 1
instanceKlass org/apache/tools/ant/types/resources/Resources$MyCollection
instanceKlass java/util/Hashtable$ValueCollection
instanceKlass java/util/TreeMap$Values
instanceKlass java/util/IdentityHashMap$Values
instanceKlass java/util/LinkedHashMap$LinkedValues
instanceKlass java/util/HashMap$Values
instanceKlass java/util/AbstractQueue
instanceKlass java/util/ArrayDeque
instanceKlass java/util/AbstractSet
instanceKlass java/util/ImmutableCollections$AbstractImmutableCollection
instanceKlass java/util/AbstractList
ciInstanceKlass java/util/AbstractCollection 1 1 160 10 7 12 1 1 1 10 7 12 1 1 1 10 12 1 1 11 7 12 1 1 1 11 12 1 1 10 12 1 1 10 100 12 1 1 1 10 12 1 1 10 12 1 1 10 7 12 1 1 10 7 12 1 1 1 7 1 10 100 12 1 1 1 10 100 12 1 1 1 100 1 10 11 12 1 11 7 1 10 12 1 10 12 1 10 7 12 1 1 1 11 8 1 7 1 10 10 12 1 1 8 1 10 12 1 10 12 1 1 1 1 1 1 1 1 1 1 1 1 1 1 1 1 1 1 1 1 1 1 1 1 1 1 1 1 1 1 1 1 1 1 1 1 1 1 1 1 1 1 1 1 1 1 1 1 1 1 1 1
instanceKlass java/util/Collections$CopiesList
instanceKlass java/util/AbstractSequentialList
instanceKlass kotlin/collections/AbstractMutableList
instanceKlass sun/security/jca/ProviderList$2
instanceKlass java/util/Collections$SingletonList
instanceKlass java/util/ArrayList$SubList
instanceKlass java/util/Vector
instanceKlass java/util/Arrays$ArrayList
instanceKlass java/util/Collections$EmptyList
instanceKlass java/util/ArrayList
ciInstanceKlass java/util/AbstractList 1 1 218 10 7 12 1 1 1 9 7 12 1 1 1 10 12 1 1 10 12 1 1 100 1 10 10 12 1 1 11 100 12 1 1 1 11 12 1 1 11 12 1 10 7 12 1 1 1 10 12 1 11 12 1 11 12 1 11 12 1 10 12 1 1 10 12 1 1 11 100 12 1 1 1 11 7 1 11 7 1 10 12 1 100 1 10 12 1 10 12 1 1 100 1 100 1 10 12 1 100 1 10 100 1 100 1 10 8 1 10 12 1 1 10 12 1 10 12 1 1 10 12 1 8 1 100 1 8 1 8 1 8 1 10 100 1 11 10 10 12 1 11 12 1 10 12 1 1 8 1 8 1 1 1 1 1 1 1 1 1 1 1 1 1 1 1 1 1 1 1 1 1 1 1 1 1 1 1 1 1 1 1 1 1 1 1 1 1 1 1 1 1 1 1 1 1 1 1 1 1 1 1 1 1 1 1 1 1 1 100 1 100 1 1 1 1 1 1 1
ciInstanceKlass java/lang/annotation/Annotation 1 0 17 100 1 100 1 1 1 1 1 1 1 1 1 1 1 1 1
ciInstanceKlass jdk/internal/util/DecimalDigits 1 1 118 10 100 12 1 1 1 5 0 5 0 10 7 12 1 1 1 10 12 1 100 1 5 0 5 0 10 12 1 10 12 1 10 12 1 1 9 12 1 1 9 12 1 1 100 1 10 9 12 1 1 9 7 12 1 1 1 10 12 1 1 10 12 1 1 10 7 12 1 1 1 10 12 1 1 1 1 1 1 1 1 1 1 1 1 1 1 1 1 1 1 1 1 1 1 1 1 1 1 1 1 1 1 1 1 1 1 1 1 1 1 1 1 1 1 100 1 1
staticfield jdk/internal/util/DecimalDigits UNSAFE Ljdk/internal/misc/Unsafe; jdk/internal/misc/Unsafe
staticfield jdk/internal/util/DecimalDigits DIGITS [S 128
staticfield jdk/internal/util/DecimalDigits $assertionsDisabled Z 1
ciMethod jdk/internal/util/DecimalDigits stringSize (J)I 518 278 10673 0 408
ciMethod jdk/internal/util/DecimalDigits uncheckedGetCharsLatin1 (JI[B)I 518 88 7440 0 648
ciMethod jdk/internal/util/DecimalDigits uncheckedGetCharsUTF16 (JI[B)I 0 0 1 0 -1
ciMethod jdk/internal/util/DecimalDigits uncheckedPutPairLatin1 ([BII)V 192 0 5523 0 0
ciMethod jdk/internal/util/DecimalDigits uncheckedPutCharLatin1 ([BII)V 514 0 5482 0 112
ciMethod jdk/internal/misc/Unsafe putByte (Ljava/lang/Object;JB)V 256 0 128 0 -1
ciMethod java/lang/String isLatin1 ()Z 838 0 2685525 0 88
ciMethod java/lang/String checkIndex (II)V 964 0 2380200 0 120
ciMethod java/lang/String <init> ([BB)V 584 0 538896 0 97
ciMethod java/lang/Object <init> ()V 840 0 5656483 0 120
ciInstanceKlass java/lang/AssertionError 0 0 79 10 100 12 1 1 1 10 12 1 10 100 12 1 1 1 10 100 1 100 1 10 12 1 1 10 12 1 10 12 1 10 12 1 10 12 1 10 12 1 10 12 1 10 12 1 1 1 1 5 0 1 1 1 1 1 1 1 1 1 1 100 1 1 1 1 1 1 1 1 1 1 1 1 1 1 1 1 1
ciInstanceKlass org/hl7/fhir/r5/terminologies/utilities/TerminologyCache 1 1 1647 7 1 9 12 1 1 9 12 1 1 10 7 12 1 1 1 7 1 10 12 1 9 12 1 1 7 1 10 9 12 1 1 7 1 10 9 12 1 1 9 12 1 9 12 1 9 12 1 9 12 1 1 10 7 12 1 1 1 9 12 1 1 7 1 9 7 12 1 1 1 10 12 1 9 12 1 1 9 12 1 7 1 8 1 8 1 10 7 12 1 1 1 8 1 10 12 1 1 9 12 1 1 9 12 1 9 12 1 9 12 1 10 7 12 1 1 1 10 7 12 1 1 1 10 7 12 1 1 100 1 18 12 1 1 10 12 1 10 12 1 10 12 1 5 0 10 12 1 1 10 12 1 8 1 10 12 1 1 8 1 9 12 1 1 8 1 11 100 12 1 1 10 12 1 10 12 1 1 11 7 12 1 1 11 12 1 1 10 12 1 11 12 1 18 12 1 11 12 1 1 7 1 8 1 10 8 1 10 12 1 1 10 12 1 8 1 10 12 1 1 10 12 1 1 10 12 1 1 8 1 8 1 8 1 10 12 1 1 10 12 11 10 12 1 1 11 100 12 1 11 12 1 100 1 9 12 1 11 12 1 10 12 1 18 10 12 1 100 1 18 7 1 10 10 7 12 1 1 10 12 1 1 10 12 1 10 12 1 9 12 8 1 9 12 1 10 12 1 1 7 1 10 9 7 12 1 1 1 10 12 1 1 10 12 1 1 10 7 12 1 1 10 8 1 10 12 1 1 10 12 1 10 12 1 10 12 1 8 1 10 7 12 1 1 18 18 12 1 9 12 1 18 12 1 10 12 1 8 1 10 12 1 1 18 10 12 1 1 8 1 10 12 1 10 12 1 9 12 1 100 1 10 12 1 10 12 1 7 1 9 12 1 1 9 12 1 10 12 1 10 12 1 10 12 1 1 10 12 1 1 10 7 12 1 1 1 11 7 12 1 1 10 12 1 1 10 7 12 1 1 1 10 7 12 1 1 10 7 12 1 1 11 12 1 1 11 7 12 1 1 11 12 1 18 12 1 10 10 12 1 1 10 12 1 10 12 1 11 12 1 1 10 100 12 1 1 8 1 8 1 10 12 1 10 12 1 18 18 18 18 10 12 1 10 10 10 10 12 1 100 1 10 10 10 10 12 1 100 1 8 1 10 10 12 1 7 1 10 9 10 12 1 1 9 12 1 7 1 9 12 1 1 10 9 9 12 1 10 12 1 1 9 12 1 9 12 1 1 10 7 12 1 1 1 9 7 12 1 1 1 9 12 1 1 11 100 12 1 1 11 12 1 10 12 1 1 9 12 1 10 100 12 1 1 9 12 1 5 0 10 12 1 11 11 11 12 11 12 10 12 1 11 12 1 1 11 100 1 100 1 18 10 12 1 1 8 1 10 12 1 10 12 1 10 12 1 10 12 1 100 1 10 12 1 18 11 12 1 1 100 1 10 12 1 8 1 10 8 1 8 1 10 100 12 1 1 8 1 10 10 12 1 18 10 12 1 1 100 1 8 1 10 12 1 10 12 1 18 18 10 12 1 18 9 12 1 1 8 1 9 100 12 1 1 1 18 12 1 8 1 10 12 1 8 1 18 10 12 1 18 10 18 10 18 10 12 1 1 10 100 12 1 1 18 10 18 18 10 12 1 18 10 12 1 18 10 12 1 18 10 12 1 8 1 10 12 1 18 10 12 1 1 8 1 10 100 12 1 1 1 18 10 12 1 1 18 10 12 1 100 1 10 10 12 1 1 18 8 1 10 18 12 1 8 1 8 1 11 12 1 1 10 12 10 12 1 8 1 10 12 1 1 10 12 1 100 1 10 10 12 1 1 100 1 10 12 1 10 12 1 100 1 18 10 12 11 12 1 10 12 1 1 8 10 12 10 12 1 1 8 1 10 12 1 10 100 12 1 1 10 12 1 9 12 1 8 1 10 12 1 1 8 1 10 12 1 8 1 10 12 1 1 10 12 1 8 10 12 1 10 100 12 1 1 10 12 1 8 1 10 12 1 1 8 1 8 1 8 1 8 1 8 1 8 1 8 1 8 1 8 1 8 1 100 1 100 1 10 10 12 1 1 10 12 1 10 12 1 10 12 1 10 12 1 1 10 12 1 1 10 12 1 1 10 12 1 10 12 1 1 8 1 10 12 1 10 12 1 10 12 1 1 10 12 1 1 10 12 1 10 12 1 100 1 100 1 10 12 1 1 9 100 12 1 1 1 10 12 1 10 12 1 100 1 10 10 12 1 8 1 10 10 12 1 1 10 12 1 1 10 12 1 1 8 1 10 7 1 10 12 1 18 12 1 10 12 1 8 1 18 12 1 11 12 1 10 12 1 1 18 12 1 10 12 1 10 12 1 1 10 12 1 10 12 1 10 12 1 8 1 10 12 1 10 12 1 10 12 1 8 1 10 100 12 1 1 1 10 100 12 1 1 100 1 10 12 1 1 10 100 12 1 1 10 12 1 10 12 1 1 100 1 10 12 1 8 1 10 12 1 18 8 1 100 1 10 100 1 5 0 5 0 10 12 1 10 10 12 1 1 18 10 12 18 10 10 12 1 100 1 10 12 1 10 18 10 12 1 10 100 12 1 18 10 12 1 10 12 1 100 1 18 10 12 1 10 12 1 10 12 1 1 10 100 1 8 1 10 12 18 18 18 10 10 12 1 10 18 18 8 1 10 12 1 1 8 1 10 12 1 8 1 10 12 1 1 10 12 1 8 1 8 1 8 1 8 1 8 1 100 1 10 10 12 1 10 12 1 10 12 1 100 1 10 10 100 1 10 12 1 10 100 12 1 1 18 10 12 1 10 12 1 1 10 10 100 1 10 10 12 1 10 12 1 10 12 1 18 10 12 1 1 10 18 11 18 12 1 10 7 12 1 1 1 1 1 1 1 3 1 3 1 1 1 1 1 1 1 1 1 5 0 1 1 1 1 1 1 1 1 1 1 1 1 1 1 1 1 1 1 1 1 1 1 100 1 1 1 1 1 1 1 1 1 1 1 1 1 1 1 1 1 1 1 1 1 1 1 1 1 1 1 1 1 1 1 1 1 1 1 1 1 1 1 1 1 1 1 1 1 1 1 1 1 1 1 1 1 1 1 1 1 1 1 1 1 1 1 1 1 1 1 1 1 1 1 1 1 1 1 1 1 1 1 1 1 1 1 1 1 1 1 1 1 1 1 1 1 100 1 1 1 1 1 1 1 1 1 1 1 1 1 1 1 1 1 1 1 1 1 100 1 1 1 1 1 1 1 1 1 1 1 1 1 1 1 1 1 1 1 1 1 1 1 1 1 1 1 1 1 1 1 1 1 1 1 1 1 1 1 1 1 1 1 1 1 1 1 1 1 1 1 1 1 1 1 1 1 1 1 1 15 10 7 12 1 1 8 1 8 1 8 1 8 1 8 1 8 1 8 1 8 1 8 1 8 1 8 1 8 1 8 1 8 1 8 1 8 1 8 1 8 1 8 1 8 1 8 1 8 1 8 1 8 1 8 1 8 1 8 1 8 1 8 1 8 1 8 1 8 1 8 1 8 1 8 1 8 1 8 1 8 1 8 1 8 1 8 1 8 1 8 1 8 1 8 1 8 1 8 1 8 1 8 1 8 1 8 1 8 1 8 1 8 1 1 1 1 100 1 1 1 1 1 1 1 1 1 1 100 1 1 1 1 1 1 100 1 1 1 1 100 1 100 1 1
staticfield org/hl7/fhir/r5/terminologies/utilities/TerminologyCache log Lorg/slf4j/Logger; ch/qos/logback/classic/Logger
ciMethodData java/lang/String isLatin1 ()Z 2 2685106 orig 80 0 0 0 0 0 0 0 0 0 0 0 0 0 0 0 0 0 0 0 0 0 0 0 0 0 0 0 0 0 0 0 0 0 0 0 0 0 0 0 0 0 0 0 0 0 0 0 0 0 0 0 0 0 0 0 0 0 0 0 0 0 0 0 0 0 0 0 0 0 0 0 0 0 0 0 0 0 0 0 0 data 18 0x30007 0x0 0x58 0x28f8b2 0xa0007 0xedb3 0x38 0x280afd 0xe0003 0x280afd 0x18 0x0 0x0 0x0 0x0 0x9 0x1 0x0 oops 0 methods 0
ciMethodData java/lang/String charAt (I)C 2 2360851 orig 80 0 0 0 0 0 0 0 0 0 0 0 0 0 0 0 0 0 0 0 0 0 0 0 0 0 0 0 0 0 0 0 0 0 0 0 0 0 0 0 0 0 0 0 0 0 0 0 0 0 0 0 0 0 0 0 0 0 0 0 0 0 0 0 0 0 0 0 0 0 0 0 0 0 0 0 0 0 0 0 0 data 24 0x10005 0x5 0x1885c062a98 0x24060d 0x0 0x0 0x40007 0xe7bb 0x30 0x231e54 0xc0002 0x231e54 0x150002 0xe7bb 0x0 0x0 0x0 0x0 0x0 0x0 0x9 0x2 0x0 0x0 oops 1 2 java/lang/String methods 0
ciMethodData java/lang/StringLatin1 charAt ([BI)C 2 2301520 orig 80 0 0 0 0 0 0 0 0 0 0 0 0 0 0 0 0 0 0 0 0 0 0 0 0 0 0 0 0 0 0 0 0 0 0 0 0 0 0 0 0 0 0 0 0 0 0 0 0 0 0 0 0 0 0 0 0 0 0 0 0 0 0 0 0 0 0 0 0 0 0 0 0 0 0 0 0 0 0 0 0 data 12 0x30002 0x231e50 0x0 0x0 0x0 0x0 0x0 0x0 0x9 0x2 0x0 0x0 oops 0 methods 0
ciMethodData java/lang/String checkIndex (II)V 2 2379718 orig 80 0 0 0 0 0 0 0 0 0 0 0 0 0 0 0 0 0 0 0 0 0 0 0 0 0 0 0 0 0 0 0 0 0 0 0 0 0 0 0 0 0 0 0 0 0 0 0 0 0 0 0 0 0 0 0 0 0 0 0 0 0 0 0 0 0 0 0 0 0 0 0 0 0 0 0 0 0 0 0 0 data 12 0x50002 0x244fc5 0x0 0x0 0x0 0x0 0x0 0x0 0x9 0x2 0x0 0x0 oops 0 methods 0
ciMethodData java/lang/StringUTF16 charAt ([BI)C 2 61660 orig 80 0 0 0 0 0 0 0 0 0 0 0 0 0 0 0 0 0 0 0 0 0 0 0 0 0 0 0 0 0 0 0 0 0 0 0 0 0 0 0 0 0 0 0 0 0 0 0 0 0 0 0 0 0 0 0 0 0 0 0 0 0 0 0 0 0 0 0 0 0 0 0 0 0 0 0 0 0 0 0 0 data 14 0x20002 0xf0dc 0x70002 0x921 0x0 0x0 0x0 0x0 0x0 0x0 0x9 0x2 0x0 0x0 oops 0 methods 0
ciMethodData java/lang/StringUTF16 checkIndex (I[B)V 2 61663 orig 80 0 0 0 0 0 0 0 0 0 0 0 0 0 0 0 0 0 0 0 0 0 0 0 0 0 0 0 0 0 0 0 0 0 0 0 0 0 0 0 0 0 0 0 0 0 0 0 0 0 0 0 0 0 0 0 0 0 0 0 0 0 0 0 0 0 0 0 0 0 0 0 0 0 0 0 0 0 0 0 0 data 14 0x20002 0xf0df 0x50002 0xf0df 0x0 0x0 0x0 0x0 0x0 0x0 0x9 0x2 0x0 0x0 oops 0 methods 0
ciMethodData java/lang/StringUTF16 length ([B)I 2 70374 orig 80 0 0 0 0 0 0 0 0 0 0 0 0 0 0 0 0 0 0 0 0 0 0 0 0 0 0 0 0 0 0 0 0 0 0 0 0 0 0 0 0 0 0 0 0 0 0 0 0 0 0 0 0 0 0 0 0 0 0 0 0 0 0 0 0 0 0 0 0 0 0 0 0 0 0 0 0 0 0 0 0 data 6 0x0 0x0 0x0 0x9 0x1 0x0 oops 0 methods 0
ciMethodData java/lang/Object <init> ()V 2 5656063 orig 80 1 0 0 0 0 0 0 0 0 0 0 0 0 0 0 0 0 0 0 0 0 0 0 0 0 0 0 0 0 0 0 0 0 0 0 0 0 0 0 0 0 0 0 0 0 0 0 0 0 0 0 0 0 0 0 0 0 0 0 0 0 0 0 0 0 0 0 0 0 0 0 0 0 0 0 0 0 0 0 0 data 4 0x0 0x9 0x1 0x0 oops 0 methods 0
ciMethodData java/lang/String <init> ([BB)V 2 538655 orig 80 0 0 0 0 0 0 0 0 0 0 0 0 0 0 0 0 0 0 0 0 0 0 0 0 0 0 0 0 0 0 0 0 0 0 0 0 0 0 0 0 0 0 0 0 0 0 0 0 0 0 0 0 0 0 0 0 0 0 0 0 0 0 0 0 0 0 0 0 0 0 0 0 0 0 0 0 0 0 0 0 data 11 0x10002 0x8381f 0x0 0x0 0x0 0x0 0x9 0x3 0xc 0x0 0x0 oops 0 methods 0
ciMethodData jdk/internal/util/DecimalDigits uncheckedPutCharLatin1 ([BII)V 2 5225 orig 80 0 0 0 0 0 0 0 0 0 0 0 0 0 0 0 0 0 0 0 0 0 0 0 0 0 0 0 0 0 0 0 0 0 0 0 0 0 0 0 0 0 0 0 0 0 0 0 0 0 0 0 0 0 0 0 0 0 0 0 0 0 0 0 0 0 0 0 0 0 0 0 0 0 0 0 0 0 0 0 0 data 34 0x30007 0x1469 0x70 0x0 0x70007 0x0 0x40 0x0 0xd0007 0x0 0x30 0x0 0x140002 0x0 0x24000b 0x0 0x0 0x0 0x0 0x0 0x2 0x1 0x0 0x0 0x0 0x0 0x0 0x0 0x0 0x9 0x3 0xffffffffffffffff 0x0 0x0 oops 0 methods 0
ciMethodData jdk/internal/util/DecimalDigits stringSize (J)I 2 10414 orig 80 1 0 0 0 0 0 0 0 0 0 0 0 0 0 0 0 0 0 0 0 0 0 0 0 0 0 0 0 0 0 0 0 0 0 0 0 0 0 0 2 0 0 0 0 0 0 0 0 0 0 0 0 0 0 0 0 0 0 0 0 0 0 0 0 0 0 0 0 0 0 0 0 0 0 0 0 0 0 0 0 data 23 0x50007 0x2f 0x20 0x287f 0x8000000600180007 0x51 0x58 0x2f3f 0x1e0007 0x6e0 0x20 0x285f 0x2f0003 0x6e0 0xffffffffffffffc0 0x0 0x0 0x0 0x0 0x9 0x2 0x0 0x0 oops 0 methods 0
ciMethodData jdk/internal/util/DecimalDigits uncheckedGetCharsLatin1 (JI[B)I 2 7181 orig 80 0 0 0 0 0 0 0 0 0 0 0 0 0 0 0 0 0 0 0 0 0 0 0 0 0 0 0 0 0 0 0 0 0 0 0 0 0 0 0 0 0 0 0 0 0 0 0 0 0 0 0 0 0 0 0 0 0 0 0 0 0 0 0 0 0 0 0 0 0 0 0 0 0 0 0 0 0 0 0 0 data 58 0x60007 0x1bfe 0x38 0xf 0xa0003 0xf 0x18 0x120007 0xf 0x20 0x1bfe 0x1d0007 0x1c0d 0x48 0xc6 0x360002 0xc6 0x3c0003 0xc6 0xffffffffffffffd0 0x470007 0x1c0d 0x48 0xf2 0x5f0002 0xf2 0x660003 0xf2 0xffffffffffffffd0 0x6d0007 0x1bcf 0x48 0x3e 0x790002 0x3e 0x7c0003 0x3e 0x28 0x8a0002 0x1bcf 0x8f0007 0x1bfe 0x30 0xf 0x9a0002 0xf 0x0 0x0 0x0 0x0 0x0 0x0 0x9 0x4 0x0 0x0 0x0 0x0 oops 0 methods 0
ciMethodData jdk/internal/util/DecimalDigits uncheckedPutPairLatin1 ([BII)V 2 5427 orig 80 0 0 0 0 0 0 0 0 0 0 0 0 0 0 0 0 0 0 0 0 0 0 0 0 0 0 0 0 0 0 0 0 0 0 0 0 0 0 0 0 0 0 0 0 0 0 0 0 0 0 0 0 0 0 0 0 0 0 0 0 0 0 0 0 0 0 0 0 0 0 0 0 0 0 0 0 0 0 0 0 data 15 0x100002 0x1533 0x1b0002 0x1533 0x0 0x0 0x0 0x0 0x0 0x0 0x9 0x3 0xffffffffffffffff 0x0 0x0 oops 0 methods 0
ciMethodData java/lang/Long toString (J)Ljava/lang/String; 2 7399 orig 80 1 0 0 0 0 0 0 0 0 0 0 0 0 0 0 0 0 0 0 0 0 0 0 0 0 0 0 0 0 0 0 0 0 0 0 0 0 0 0 0 0 0 0 0 0 0 0 0 0 0 0 0 0 0 0 0 0 0 0 0 0 0 0 0 0 0 0 0 0 0 0 0 0 0 0 0 0 0 0 0 data 24 0x10002 0x1ce8 0x80007 0x0 0x40 0x1ce9 0x120002 0x1ce9 0x1c0002 0x1ce9 0x290002 0x0 0x330002 0x0 0x0 0x0 0x0 0x0 0x0 0x0 0x9 0x2 0x0 0x0 oops 0 methods 0
ciMethod org/hl7/fhir/r5/terminologies/utilities/TerminologyCache hashJson (Ljava/lang/String;)Ljava/lang/String; 200 112826 174 0 -1
ciMethodData org/hl7/fhir/r5/terminologies/utilities/TerminologyCache hashJson (Ljava/lang/String;)Ljava/lang/String; 2 74 orig 80 0 0 0 0 0 0 0 0 0 0 0 0 0 0 0 0 0 0 0 0 0 0 0 0 0 0 0 0 0 0 0 0 0 0 0 0 0 0 0 0 0 0 0 0 0 0 0 0 0 0 0 0 0 0 0 0 0 0 0 0 0 0 0 0 0 0 0 0 0 0 0 0 0 0 0 0 0 0 0 0 data 83 0x30005 0x0 0x1885c062a98 0x4a 0x0 0x0 0x90007 0x0 0x88 0x4a 0xe0005 0x0 0x1885c062a98 0x4a 0x0 0x0 0x130007 0x4a 0x38 0x0 0x190003 0x0 0xffffffffffffff90 0x1e0007 0x0 0x88 0xde 0x250005 0x0 0x1885c062a98 0xde 0x0 0x0 0x2a0007 0x4a 0x38 0x94 0x300003 0x94 0xffffffffffffff90 0x3e0007 0x4a 0xf8 0xa111 0x440005 0x0 0x1885c062a98 0xa111 0x0 0x0 0x4d0007 0x9d99 0x90 0x378 0x590007 0x0 0x70 0x378 0x610005 0x0 0x1885c062a98 0x378 0x0 0x0 0x660007 0x0 0x20 0x378 0x7f0003 0xa111 0xffffffffffffff20 0x840002 0x4a 0x0 0x0 0x0 0x0 0x0 0x0 0x9 0x2 0x0 0x0 oops 5 2 java/lang/String 12 java/lang/String 29 java/lang/String 46 java/lang/String 60 java/lang/String methods 0
compile org/hl7/fhir/r5/terminologies/utilities/TerminologyCache hashJson (Ljava/lang/String;)Ljava/lang/String; 59 4 inline 32 0 -1 0 org/hl7/fhir/r5/terminologies/utilities/TerminologyCache hashJson (Ljava/lang/String;)Ljava/lang/String; 1 68 0 java/lang/String charAt (I)C 2 1 0 java/lang/String isLatin1 ()Z 2 12 0 java/lang/StringLatin1 charAt ([BI)C 3 3 0 java/lang/String checkIndex (II)V 2 21 0 java/lang/StringUTF16 charAt ([BI)C 3 2 0 java/lang/StringUTF16 checkIndex (I[B)V 4 2 0 java/lang/StringUTF16 length ([B)I 4 5 0 java/lang/String checkIndex (II)V 1 97 0 java/lang/String charAt (I)C 2 1 0 java/lang/String isLatin1 ()Z 2 12 0 java/lang/StringLatin1 charAt ([BI)C 3 3 0 java/lang/String checkIndex (II)V 2 21 0 java/lang/StringUTF16 charAt ([BI)C 3 2 0 java/lang/StringUTF16 checkIndex (I[B)V 4 2 0 java/lang/StringUTF16 length ([B)I 4 5 0 java/lang/String checkIndex (II)V 1 132 0 java/lang/Long toString (J)Ljava/lang/String; 2 1 0 jdk/internal/util/DecimalDigits stringSize (J)I 2 18 0 jdk/internal/util/DecimalDigits uncheckedGetCharsLatin1 (JI[B)I 3 54 0 jdk/internal/util/DecimalDigits uncheckedPutPairLatin1 ([BII)V 4 16 0 jdk/internal/util/DecimalDigits uncheckedPutCharLatin1 ([BII)V 4 27 0 jdk/internal/util/DecimalDigits uncheckedPutCharLatin1 ([BII)V 3 95 0 jdk/internal/util/DecimalDigits uncheckedPutPairLatin1 ([BII)V 4 16 0 jdk/internal/util/DecimalDigits uncheckedPutCharLatin1 ([BII)V 4 27 0 jdk/internal/util/DecimalDigits uncheckedPutCharLatin1 ([BII)V 3 121 0 jdk/internal/util/DecimalDigits uncheckedPutPairLatin1 ([BII)V 4 16 0 jdk/internal/util/DecimalDigits uncheckedPutCharLatin1 ([BII)V 4 27 0 jdk/internal/util/DecimalDigits uncheckedPutCharLatin1 ([BII)V 3 138 0 jdk/internal/util/DecimalDigits uncheckedPutCharLatin1 ([BII)V 2 28 0 java/lang/String <init> ([BB)V 3 1 0 java/lang/Object <init> ()V
